id,dia,categoria,tipo_logradouro,logradouro,numero,bairro,cep,subprefeitura,lat,lng,geocode_status,distrito
1001-4,Domingo,Tradicional,Rua,Teixeira Leite C/ São Paulo,553,Liberdade,01514-010,Sé,-23.5569885,-46.6284503,painel_prefeitura,Liberdade
1002-2,Domingo,Tradicional,Rua,Conselheiro Belisario,400,Brás,03012-000,Mooca,-23.5387433,-46.6149628,painel_prefeitura,Bras
1003-0,Domingo,Tradicional,Rua,Ingles De Souza,400,Cambuci,01546-010,Sé,-23.5773576,-46.6227437,painel_prefeitura,Cambuci
1004-9,Domingo,Tradicional,Rua,Fabia C Aurelia,701,Vila Romana,05046-000,Lapa,-23.527224,-46.6979779,painel_prefeitura,Lapa
1005-7,Domingo,Tradicional,Rua,Bresser,2701,Mooca,03162-030,Mooca,-23.5514911,-46.599643,painel_prefeitura,Mooca
1006-5,Domingo,Tradicional,Rua,Belarmino Matos,10,Quarta Parada,03062-030,Mooca,-23.5429031,-46.5938736,painel_prefeitura,Belem
1007-3,Domingo,Tradicional,Rua,Agostinho Gomes,352,Ipiranga,04206-000,Ipiranga,-23.5732611,-46.6056448,painel_prefeitura,Ipiranga
1008-1,Domingo,Tradicional,Rua,Tuiuti,2753,Tatuapé,03307-005,Mooca,-23.5497159,-46.5731826,painel_prefeitura,Tatuape
1009-0,Domingo,Tradicional,Rua,Oliveira Melo,350,Vila São JoSé,04271-000,Ipiranga,-23.5871347,-46.6146422,painel_prefeitura,Ipiranga
1010-3,Domingo,Tradicional,Rua,Cel Oscar Porto,429,Paraíso,04003-042,Vila Mariana,-23.5729421,-46.6469935,painel_prefeitura,Vila Mariana
1011-1,Domingo,Tradicional,Rua,Sebastiao Pereira,553,Santa Cecilia,01225-020,Sé,-23.5391639,-46.6491898,painel_prefeitura,Santa Cecilia
1012-0,Domingo,Tradicional,Rua,Jose Zappi,255,Vila Prudente,03128-140,Vila Prudente,-23.5790562,-46.5847934,painel_prefeitura,Vila Prudente
1013-8,Domingo,Tradicional,Rua,Terezina,615,Alto Da Mooca,03185-010,Mooca,-23.5650339,-46.5832228,painel_prefeitura,Agua Rasa
1014-6,Domingo,Tradicional,Avenida,Engenheiro Caetano Alvares,5200,Mandaqui,02413-100,Santana/Tucuruvi,-23.4858295,-46.6383709,painel_prefeitura,Santana
1015-4,Domingo,Tradicional,Avenida,Inhaiba,250,Moinho Velho,04292-050,Ipiranga,-23.6134706,-46.609397,painel_prefeitura,Cursino
1016-2,Domingo,Tradicional,Rua,Dr Vicente Giacaglini,50,Vila Bela,03203-000,Sapopemba,-23.5974099,-46.5654708,painel_prefeitura,Vila Prudente
1017-0,Domingo,Tradicional,Avenida,Lavandisca,644,Moema,04515-011,Vila Mariana,-23.6031419,-46.6643298,painel_prefeitura,Moema
1018-9,Domingo,Tradicional,Rua,Vicente Soares,50,Santa Terezinha,02403-070,Santana/Tucuruvi,-23.4951775,-46.6281876,painel_prefeitura,Santana
1019-7,Domingo,Tradicional,Avenida,Baruel,661,Baruel,02522-000,Casa Verde/Cachoeirinha,-23.5038803,-46.6611137,painel_prefeitura,Casa Verde
1020-0,Domingo,Tradicional,Rua,Carlos Belmiro Correa,461,Parque Peruche,02532-012,Casa Verde/Cachoeirinha,-23.5003177,-46.6542547,painel_prefeitura,Casa Verde
1021-9,Domingo,Tradicional,Avenida,Eulina,331,Jardim Primavera,02755-140,Casa Verde/Cachoeirinha,-23.4869125,-46.6788155,painel_prefeitura,Limao
1022-7,Domingo,Tradicional,Rua,Benedito Guedes De Oliveira,450,Vila Palmeiras,02727-030,Freguesia/Brasilândia,-23.4950429,-46.685379,painel_prefeitura,Freguesia do O
1023-5,Domingo,Tradicional,Rua,Casa Forte,100,Tucuruvi,02336-040,Santana/Tucuruvi,-23.4828509,-46.6142729,painel_prefeitura,Santana
1024-3,Domingo,Tradicional,Rua,Ataliba Vieira,200,Medeiros,02216-000,Vila Maria/Vila Guilherme,-23.4938846,-46.5791133,painel_prefeitura,Vila Medeiros
1025-1,Domingo,Tradicional,Rua,Kaneda,300,Jardim Japao,02132-030,Vila Maria/Vila Guilherme,-23.5038483,-46.5786321,painel_prefeitura,Vila Maria
1026-0,Domingo,Tradicional,Rua,Benjamim Pereira,331,Jacana,02274-001,Jaçanã/Tremembé,-23.4679533,-46.5904837,painel_prefeitura,Jacana
1027-8,Domingo,Tradicional,Rua,Dos Patis,335,Vila Bela ViSanta,02613-000,Casa Verde/Cachoeirinha,-23.471214,-46.6611232,painel_prefeitura,Cachoeirinha
1028-6,Domingo,Tradicional,Rua,Carneiro Da Cunha,608,Vila Da Saude,04144-000,Vila Mariana,-23.6183838,-46.6354013,painel_prefeitura,Saude
1029-4,Domingo,Tradicional,Rua,Ibiapaba,252,Vila Sônia,05625-020,Butantã,-23.5928117,-46.7297553,painel_prefeitura,Vila Sonia
1030-8,Domingo,Tradicional,Avenida,Trumain C/ Henrique Morize,500,Vila Formosa,03366-000,Aricanduva/Formosa/Carrão,-23.5655409,-46.5361651,painel_prefeitura,Vila Formosa
1031-6,Domingo,Tradicional,Rua,Comen Gil Pinheiro,325,Vila Califórnia,03406-000,Aricanduva/Formosa/Carrão,-23.5413385,-46.5453798,painel_prefeitura,Carrao
1032-4,Domingo,Tradicional,Rua,Omacha,530,Penha,03610-020,Penha,-23.5174119,-46.5393605,painel_prefeitura,Penha
1033-2,Domingo,Tradicional,Rua,Carlos Cesar,50,Vila Divina PaSantora,03265-020,Vila Prudente,-23.5963365,-46.5415926,painel_prefeitura,Sao Lucas
1034-0,Domingo,Tradicional,Praça,Bauxita,202,Vila Dalila,03520-050,Penha,-23.5458344,-46.5187971,painel_prefeitura,Vila Matilde
1035-9,Domingo,Tradicional,Rua,Nilza,373,Vila Esperanca,03651-120,Penha,-23.5258762,-46.5196305,painel_prefeitura,Penha
1036-7,Domingo,Tradicional,Rua,Benedito Leal,398,Parque Artur Alvim,03567-060,Penha,-23.5391052,-46.4886052,painel_prefeitura,Artur Alvim
1037-5,Domingo,Tradicional,Rua,Ken Sugaya,100,Itaquera,08210-100,Itaquera,-23.5379194,-46.4537446,painel_prefeitura,Itaquera
1038-3,Domingo,Tradicional,Rua,Shobee Kumagai,6996,Ermelino Matarazzo,03809-020,Ermelino Matarazzo,-23.4903899,-46.4753695,painel_prefeitura,Ermelino Matarazzo
1039-1,Domingo,Tradicional,Rua,Coutinho E Melo,100,GuaianaSés,08411-090,Guaianases,-23.5475093,-46.4094261,painel_prefeitura,Guaianases
1040-5,Domingo,Tradicional,Estrada,Do Sabao,448,Cruz Das Almas,02806-000,Freguesia/Brasilândia,-23.4782578,-46.7000916,painel_prefeitura,Freguesia do O
1041-3,Domingo,Tradicional,Rua,Antonio Correia,618,Vila Bonilha,02917-050,Pirituba/Jaraguá,-23.497217,-46.7132322,painel_prefeitura,Pirituba
1042-1,Domingo,Tradicional,Rua,Jureia,41,Santa Cruz,04140-110,Vila Mariana,-23.5977149,-46.6288885,painel_prefeitura,Vila Mariana
1043-0,Domingo,Tradicional,Rua,Agamenon Magalhaes,138,Santa Edwiges,05105-090,Lapa,-23.511646,-46.7554894,painel_prefeitura,Jaguara
1044-8,Domingo,Tradicional,Praça,Nova America,15,Cid Vargas,04316-090,Jabaquara,-23.6410552,-46.6365678,painel_prefeitura,Jabaquara
1045-6,Domingo,Tradicional,Rua,Joaquim Gouveia Franco,173,Cid São Matheus,03961-020,São Mateus,-23.5993564,-46.4860971,painel_prefeitura,Sao Mateus
1046-4,Domingo,Tradicional,Rua,Buenopolis,117,Vila Diva,03161-010,Mooca,-23.5751854,-46.5640059,painel_prefeitura,Agua Rasa
1047-2,Domingo,Tradicional,Avenida,Prof Assis Veloso,820,Jardim São Vicente,08021-470,São Miguel,-23.5027055,-46.4314517,painel_prefeitura,Sao Miguel
1048-0,Domingo,Tradicional,Rua,Jose Joaquim Seabra,1186,Vila Tiradentes,05364-000,Butantã,-23.5692113,-46.753999,painel_prefeitura,Rio Pequeno
1049-9,Domingo,Tradicional,Rua,Prof Alzira De O Gilioli,177,Vila Rica,03905-100,Aricanduva/Formosa/Carrão,-23.5815782,-46.5151996,painel_prefeitura,Aricanduva
1050-2,Domingo,Tradicional,Rua,Dr Tolstoi De Carvalho,1000,Sapopemba,03269-020,Sapopemba,-23.5977686,-46.52524,painel_prefeitura,Sapopemba
1051-0,Domingo,Tradicional,Rua,Mere Marie Annais Do Sion,100,Vila Nova Mazzei,02343-030,Santana/Tucuruvi,-23.4685176,-46.6046905,painel_prefeitura,Tucuruvi
1052-9,Domingo,Tradicional,Rua,Canedos,1000,Vila GuSantavo,02252-010,Santana/Tucuruvi,-23.4803683,-46.5900355,painel_prefeitura,Tucuruvi
1053-7,Domingo,Tradicional,Rua,Dr Costa Junior C Tanabi,500,Agua Branca,05002-000,Lapa,-23.5295784,-46.6731686,painel_prefeitura,Barra Funda
1054-5,Domingo,Tradicional,Rua,Assungui C/ Americo Ribeiro,100,Vila Gumercindo,04131-000,Ipiranga,-23.6039377,-46.6165744,painel_prefeitura,Cursino
1055-3,Domingo,Tradicional,Rua,Luis Pinto,99999,Vila Carrao,03427-000,Aricanduva/Formosa/Carrão,-23.551983,-46.5352217,painel_prefeitura,Carrao
1056-1,Domingo,Tradicional,Rua,Pedro Henrique De O Braganca,676,Vila Jaguara,05117-002,Lapa,-23.5140405,-46.745443,painel_prefeitura,Jaguara
1057-0,Domingo,Tradicional,Rua,Rodolfo Marcos Teofilo,248,Jardim EliSéo,02862-100,Freguesia/Brasilândia,-23.4743584,-46.6813481,painel_prefeitura,Brasilandia
1058-8,Domingo,Tradicional,Rua,Dra Neyde Apparecida Sollito,12,Vila Clementino,04022-040,Vila Mariana,-23.5932513,-46.6469111,painel_prefeitura,Vila Mariana
1059-6,Domingo,Tradicional,Rua,Helion Povoa,165,Vila Olimpia,04546-080,Pinheiros,-23.5985522,-46.6758022,painel_prefeitura,Itaim Bibi
1060-0,Domingo,Tradicional,Rua,Luciano Broinizzi C Japi,200,Vila Ede,02083-120,Vila Maria/Vila Guilherme,-23.4980607,-46.5949887,painel_prefeitura,Vila Medeiros
1061-8,Domingo,Tradicional,Rua,Valente De Novaes,60,Jardim Camargo,08120-420,Itaim Paulista,-23.5017634,-46.3971287,painel_prefeitura,Itaim Paulista
1062-6,Domingo,Tradicional,Rua,Francisco Souza Queiroz,92,Vila Rio Branco,03874-100,Ermelino Matarazzo,-23.5140413,-46.4996637,painel_prefeitura,Ponte Rasa
1063-4,Domingo,Tradicional,Rua,Camomila,852,Jardim Helena,08090-530,São Miguel,-23.4783949,-46.4220979,painel_prefeitura,Jardim Helena
1065-0,Domingo,Tradicional,Praça,Bras Goncalves,99,Jardim Da Saude,04148-040,Ipiranga,-23.6137062,-46.6189622,painel_prefeitura,Cursino
1066-9,Domingo,Tradicional,Rua,Antonio Lamas,320,Vila CriSantalia,04257-190,Ipiranga,-23.632765,-46.5870577,painel_prefeitura,Sacoma
1067-7,Domingo,Tradicional,Rua,Hugo Vitor Da Silva,50,Americanopolis,04340-040,Jabaquara,-23.6663223,-46.6386065,painel_prefeitura,Jabaquara
1068-5,Domingo,Tradicional,Rua,Goita,100,Cangaiba,03715-040,Penha,-23.5073202,-46.5371557,painel_prefeitura,Cangaiba
1070-7,Domingo,Tradicional,Rua,Francisco Soares,246,Parque Regina,05774-300,Campo Limpo,-23.6366395,-46.7495706,painel_prefeitura,Campo Limpo
1071-5,Domingo,Tradicional,Rua,Jose Bezerra Filho,1,Parque Grajau,04842-340,Capela do Socorro,-23.747041,-46.687765,painel_prefeitura,Grajau
1073-1,Domingo,Tradicional,Avenida,Cachoeira Santa Cruz,751,Jardim Popular,03625-000,Ermelino Matarazzo,-23.51497,-46.5088594,painel_prefeitura,Ponte Rasa
1074-0,Domingo,Tradicional,Rua,Aderbal Stresser,25,Jardim Arpoador,05566-000,Butantã,-23.589277,-46.7940437,painel_prefeitura,Raposo Tavares
1075-8,Domingo,Tradicional,Rua,Alm Otacilio Cunha,100,Parque Santa Madalena,03982-190,Sapopemba,-23.6131562,-46.5057981,painel_prefeitura,Sapopemba
1076-6,Domingo,Tradicional,Rua,Alba C Joaquim Morais,302,Santa Catarina,04346-000,Jabaquara,-23.6504378,-46.6616368,painel_prefeitura,Jabaquara
1077-4,Domingo,Tradicional,Rua,Arnaldo Magnicaro,370,Jardim Jurubatuba,04691-060,Santo Amaro,-23.6761157,-46.6942407,painel_prefeitura,Campo Grande
1078-2,Domingo,Tradicional,Avenida,Amadeu Da Silva Samello,1,Campo Limpo,05760-140,Campo Limpo,-23.6311554,-46.7670599,painel_prefeitura,Campo Limpo
1079-0,Domingo,Tradicional,Avenida,Cupece,1784,Cid Ademar,04366-000,Cidade Ademar,-23.6593436,-46.6659444,painel_prefeitura,Cidade Ademar
1080-4,Domingo,Tradicional,Rua,Nossa Senhora Do Outeiro,10,Cid Dutra,04807-010,Capela do Socorro,-23.7138918,-46.6985757,painel_prefeitura,Cidade Dutra
1081-2,Domingo,Tradicional,Avenida,Nova Independencia,600,Cid Moncoes,04570-001,Pinheiros,-23.6021031,-46.6903501,painel_prefeitura,Itaim Bibi
1082-0,Domingo,Tradicional,Rua,Marcelino Coelho,34,Jardim Angela,04939-010,M'Boi Mirim,-23.6867678,-46.7702909,painel_prefeitura,Jardim Angela
1083-9,Domingo,Tradicional,Rua,Antonio Pereira Taques,100,Jardim Presidente,04828-120,Capela do Socorro,-23.727204,-46.7032972,painel_prefeitura,Cidade Dutra
1084-7,Domingo,Tradicional,Avenida,Angelo Cristianini,50,Jardim Miriam,04424-000,Cidade Ademar,-23.6816643,-46.638434,painel_prefeitura,Cidade Ademar
1085-5,Domingo,Tradicional,Rua,Arraial Dos Couros,33,Jardim São Luiz,05843-140,M'Boi Mirim,-23.6525995,-46.7379066,painel_prefeitura,Jardim Sao Luis
1086-3,Domingo,Tradicional,Avenida,Inacio Cunha Leme,357,Jardim Ipanema,04784-145,Capela do Socorro,-23.6904528,-46.7100679,painel_prefeitura,Socorro
1087-1,Domingo,Tradicional,Rua,Augusto De Castro,74,Pedreira,04466-090,Cidade Ademar,-23.6919078,-46.6603914,painel_prefeitura,Pedreira
1088-0,Domingo,Tradicional,Estrada,De Itapecerica,6303,Parque Fernanda,05858-003,Campo Limpo,-23.6690799,-46.7847557,painel_prefeitura,Capao Redondo
1089-8,Domingo,Tradicional,Rua,Barao De Monte Mor,50,Paineiras Do Morumbi,05687-010,Butantã,-23.6115703,-46.704233,painel_prefeitura,Morumbi
1090-1,Domingo,Tradicional,Avenida,Mario Lopes Leao,710,Santo Amaro,04754-010,Santo Amaro,-23.6514472,-46.7125616,painel_prefeitura,Santo Amaro
1091-0,Domingo,Tradicional,Rua,Palmeira Laca,15,Jardim Eliane,03577-090,Itaquera,-23.5527367,-46.5030577,painel_prefeitura,Cidade Lider
1092-8,Domingo,Tradicional,Praça,Pedro Rocha,S/N,Parelheiros,04892-017,Parelheiros,-23.8507782,-46.7164256,painel_prefeitura,Parelheiros
1094-4,Domingo,Tradicional,Rua,Albino Correa De Campos,14,Vila Remo,05831-020,M'Boi Mirim,-23.6740112,-46.7499056,painel_prefeitura,Jardim Sao Luis
1095-2,Domingo,Tradicional,Rua,Tome Da Rocha,100,Jardim Elba,03980-070,Sapopemba,-23.6185531,-46.5117713,painel_prefeitura,Sapopemba
1096-0,Domingo,Tradicional,Rua,Estanislau Moniusko,1300,Vila Joanisa,04429-010,Cidade Ademar,-23.6757674,-46.6620269,painel_prefeitura,Cidade Ademar
1097-9,Domingo,Tradicional,Avenida,Guilherme De Almeida,107,Parque Belem,02866-040,Freguesia/Brasilândia,-23.4673689,-46.6812205,painel_prefeitura,Brasilandia
1099-5,Domingo,Tradicional,Avenida,Academia De São Paulo,772,Jardim Camargo Novo,08121-400,Itaim Paulista,-23.5056981,-46.3822734,painel_prefeitura,Itaim Paulista
1102-9,Domingo,Tradicional,Rua,São Goncalo Do Rio Das Pedras,132,Parque PauliSantano,08081-000,São Miguel,-23.4829884,-46.421486,painel_prefeitura,Jardim Helena
1104-5,Domingo,Tradicional,Rua,Barcelona,99,Jaguare,05331-010,Lapa,-23.5423679,-46.7463947,painel_prefeitura,Jaguare
1105-3,Domingo,Tradicional,Rua,Flor De Caboclo,1,Parque Guarani,08235-360,Itaquera,-23.5183639,-46.4580215,painel_prefeitura,Itaquera
1106-1,Domingo,Tradicional,Rua,Luiza De Jesus Ferreira,30,Jardim RoSéli,08380-048,São Mateus,-23.5967491,-46.4409385,painel_prefeitura,Iguatemi
1107-0,Domingo,Tradicional,Largo,Leon De Tolstoi C/ Any,430,Vila Independencia,04241-010,Ipiranga,-23.6219024,-46.5891954,painel_prefeitura,Sacoma
1108-8,Domingo,Tradicional,Rua,Jasmim Da Espanha,100,Jardim Brásilia,03585-040,Itaquera,-23.5605488,-46.4913201,painel_prefeitura,Cidade Lider
1110-0,Domingo,Tradicional,Rua,Douradoquara,50,Jardim Paraguassu,03939-010,São Mateus,-23.5965129,-46.5009408,painel_prefeitura,Sao Mateus
1111-8,Domingo,Tradicional,Rua,Maria Elisa Siqueira,130,Vila Barbosa,02558-000,Casa Verde/Cachoeirinha,-23.4964289,-46.673118,painel_prefeitura,Limao
1113-4,Domingo,Tradicional,Rua,Benedito De Souza Borges,33,Jardim Robru,08150-340,Itaim Paulista,-23.5243719,-46.4130941,painel_prefeitura,Vila Curuca
1114-2,Domingo,Tradicional,Rua,Luis Antonio Martins,21,Butantã,05539-060,Butantã,-23.5757572,-46.7234015,painel_prefeitura,Butanta
1115-0,Domingo,Tradicional,Rua,Serra Dos Dois Irmaos,10,Jardim Das Rosas,05890-300,Campo Limpo,-23.6622197,-46.7883172,painel_prefeitura,Capao Redondo
1117-7,Domingo,Tradicional,Avenida,Antonelo Da Messina,100,Vila Zilda,02318-000,Jaçanã/Tremembé,-23.4556224,-46.5898558,painel_prefeitura,Tremembe
1118-5,Domingo,Tradicional,Rua,Carlos Nahas C/ Carlos Lacerda,1,Jardim Rosana,05789-000,Campo Limpo,-23.6462583,-46.7791978,painel_prefeitura,Campo Limpo
1119-3,Domingo,Tradicional,Rua,Manoel Da Costa Dantas,99,Jardim Ranieri,04942-000,M'Boi Mirim,-23.6950646,-46.7793888,painel_prefeitura,Jardim Angela
1121-5,Domingo,Tradicional,Rua,Maria Benedita Rodrigues,42,Parque Santo Antonio,05851-300,M'Boi Mirim,-23.662455,-46.7540432,painel_prefeitura,Jardim Sao Luis
1123-1,Domingo,Tradicional,Rua,Rainha Das Missoes,70,Vila Missionaria,04430-010,Cidade Ademar,-23.6860524,-46.6481218,painel_prefeitura,Cidade Ademar
1124-0,Domingo,Tradicional,Rua,Xavier Palmerim,35,Parque Savoy City,08275-340,Itaquera,-23.5761876,-46.4848081,painel_prefeitura,Parque do Carmo
1125-8,Domingo,Tradicional,Rua,Cachoeira Mangaval,37,Itaim PauliSanta,08190-350,São Miguel,-23.4839309,-46.389066,painel_prefeitura,Jardim Helena
1126-6,Domingo,Tradicional,Rua,Eng Nogueira Soares,45,Jardim Do Russo,05205-110,Perus,-23.4078598,-46.7632217,painel_prefeitura,Perus
1127-4,Domingo,Tradicional,Rua,Benedita Martins Ramos,115,Jardim Tres Coracoes,04855-290,Capela do Socorro,-23.7673973,-46.6846111,painel_prefeitura,Grajau
1128-2,Domingo,Tradicional,Rua,Delfino Facchina,4040,Jardim Vera Lucia,04409-080,Cidade Ademar,-23.6768404,-46.6499626,painel_prefeitura,Cidade Ademar
1129-0,Domingo,Tradicional,Rua,Gabriel De Carvalho,32,Jardim Boa ViSanta,05583-080,Butantã,-23.5844147,-46.7910414,painel_prefeitura,Raposo Tavares
1130-4,Domingo,Tradicional,Rua,Guapore,210,Ponte Pequena,01109-030,Sé,-23.523346,-46.6282767,painel_prefeitura,Bom Retiro
1131-2,Domingo,Tradicional,Rua,Leonor De Siqueira,50,Jardim Vera Cruz,08310-500,São Mateus,-23.6191684,-46.4698809,painel_prefeitura,Sao Rafael
1133-9,Domingo,Tradicional,Rua,Oscar Freire,2400,Sumare,05409-012,Pinheiros,-23.5524645,-46.6775094,painel_prefeitura,Jardim Paulista
1134-7,Domingo,Tradicional,Praça,Bom Pastor,265,Itaquera,08255-500,Itaquera,-23.5478192,-46.4343841,painel_prefeitura,Jose Bonifacio
1135-5,Domingo,Tradicional,Rua,Penaforte,55,Jardim PauliSantana,02318-260,Jaçanã/Tremembé,-23.4515015,-46.5960823,painel_prefeitura,Tremembe
1138-0,Domingo,Tradicional,Praça,Do Horticultores,415,Eng Goulart,03723-040,Penha,-23.5018044,-46.5161802,painel_prefeitura,Cangaiba
1139-8,Domingo,Tradicional,Estrada,Do Capoeirao,8,Jardim Colonial,04821-310,Capela do Socorro,-23.7256388,-46.6851159,painel_prefeitura,Cidade Dutra
1141-0,Domingo,Tradicional,Rua,Pastoril De Almenara,50,Parque Pan Americano,02993-040,Pirituba/Jaraguá,-23.4501217,-46.7328755,painel_prefeitura,Jaragua
1142-8,Domingo,Tradicional,Rua,Criuva,12,Vila Progresso,08245-300,São Miguel,-23.5129735,-46.4332689,painel_prefeitura,Sao Miguel
1143-6,Domingo,Tradicional,Rua,Pastoril De Itapetinga,12,Vila Silvia,03729-000,Penha,-23.5021631,-46.5079658,painel_prefeitura,Cangaiba
1144-4,Domingo,Tradicional,Avenida,Inacio Dias Da Silva,80,Piraporinha,04913-180,M'Boi Mirim,-23.6730396,-46.7427299,painel_prefeitura,Jardim Sao Luis
1146-0,Domingo,Tradicional,Rua,Dr Humberto Pascale,106,Jardim Jangadeiro,05884-310,Campo Limpo,-23.6757477,-46.7759758,painel_prefeitura,Capao Redondo
1147-9,Domingo,Tradicional,Avenida,Trinta E Sete Conj Faria Lima,10,Parque Cocaia,04840-460,Capela do Socorro,-23.7509671,-46.6787964,painel_prefeitura,Grajau
1149-5,Domingo,Tradicional,Rua,São Lourenco Do Sul,201,Jardim Peri Alto,02633-060,Casa Verde/Cachoeirinha,-23.4606543,-46.6520823,painel_prefeitura,Cachoeirinha
1150-9,Domingo,Tradicional,Rua,Cesar Dias,10,Itaquera,03591-000,Penha,-23.5512445,-46.479742,painel_prefeitura,Artur Alvim
1151-7,Domingo,Tradicional,Rua,Padre Aldemar Moreira,250,Santa Etelvina,08471-010,Cidade Tiradentes,-23.5995369,-46.3980068,painel_prefeitura,Cidade Tiradentes
1152-5,Domingo,Tradicional,Rua,Combate Lagoa Branca,100,Vila Sabrina,02141-080,Vila Maria/Vila Guilherme,-23.4869251,-46.5697547,painel_prefeitura,Vila Medeiros
1153-3,Domingo,Tradicional,Rua,Edward Carmilo,675,Jardim Celeste,05528-001,Butantã,-23.5979119,-46.7526382,painel_prefeitura,Vila Sonia
1154-1,Domingo,Tradicional,Rua,Major Quedinho,89,Consolacao,01050-030,Sé,-23.5488414,-46.6428115,painel_prefeitura,Republica
1155-0,Domingo,Tradicional,Avenida,Arquiteto Vila Nova Artigas,1,Sapopemba,03928-240,Sapopemba,-23.6146916,-46.5018814,painel_prefeitura,Sapopemba
1161-4,Domingo,Tradicional,Rua,Benedito Marcello,167,Parque São Paulo,04843-225,Capela do Socorro,-23.7386093,-46.6942265,painel_prefeitura,Grajau
1165-7,Domingo,Tradicional,Rua,Augusto Albereci,15,Jardim Nazare,08142-500,Itaim Paulista,-23.520027,-46.3981421,painel_prefeitura,Itaim Paulista
1171-1,Domingo,Tradicional,Rua,Tejuguacu,50,Vila Jacui,08060-310,São Miguel,-23.5051878,-46.4492369,painel_prefeitura,Vila Jacui
1173-8,Domingo,Tradicional,Rua,Inacio De Almeida Arruda,S/N,Vila Da Paz,04777-050,Capela do Socorro,-23.6934325,-46.6952504,painel_prefeitura,Cidade Dutra
1174-6,Domingo,Tradicional,Rua,Luar De Lagrimas,15,Jardim Novo Horizonte,04856-210,Capela do Socorro,-23.7767654,-46.6940843,painel_prefeitura,Grajau
1175-4,Domingo,Tradicional,Rua,Dos Andradas C/ Timbiras,100,Santa Efigenia,01208-000,Sé,-23.5391666,-46.6375803,painel_prefeitura,Republica
1177-0,Domingo,Tradicional,Rua,Modelar,50,Capao Redondo,05868-790,Campo Limpo,-23.6625003,-46.7796475,painel_prefeitura,Capao Redondo
1179-7,Domingo,Tradicional,Rua,Terra Brasileira,50,Vila Suica,08223-355,Itaquera,-23.5235473,-46.4729256,painel_prefeitura,Itaquera
1183-5,Domingo,Tradicional,Avenida,Utaro Kanai C/ Festa Chinesa,546,Jardim São Paulo,08465-000,Guaianases,-23.5656289,-46.3958944,painel_prefeitura,Guaianases
1184-3,Domingo,Tradicional,Rua,Bartolino De Padua,200,Itaquera,08470-780,Cidade Tiradentes,-23.5902566,-46.3948422,painel_prefeitura,Cidade Tiradentes
1190-8,Domingo,Tradicional,Rua,Ari Da Rocha Miranda,S/N,Vila Nova Galvao,02281-190,Jaçanã/Tremembé,-23.4523512,-46.577835,painel_prefeitura,Jacana
1192-4,Domingo,Tradicional,Rua,Santo Amaro,100,Bela ViSanta,01315-000,Sé,-23.5562868,-46.6400059,painel_prefeitura,Bela Vista
1193-2,Domingo,Tradicional,Rua,Cachoeira Do Arrependimento,100,Jardim Arpoador,05574-440,Butantã,-23.5863971,-46.8036992,painel_prefeitura,Raposo Tavares
1194-0,Domingo,Tradicional,Avenida,Bassano Del Grapa,100,Jardim Vila Carrao,08340-420,São Mateus,-23.6113772,-46.454893,painel_prefeitura,Sao Rafael
1197-5,Domingo,Tradicional,Rua,Salto De Itarare,30,Jardim JoSé Maria,02982-020,Pirituba/Jaraguá,-23.5557714,-46.6395571,painel_prefeitura,Republica
1198-3,Domingo,Tradicional,Alameda,Lorena,400,Jardim America,01424-002,Pinheiros,-23.5710914,-46.6581094,painel_prefeitura,Jardim Paulista
1199-1,Domingo,Tradicional,Rua,Nsra Bom Conselho,301,Pinheiros,05763-470,Campo Limpo,-23.6464736,-46.7575497,painel_prefeitura,Campo Limpo
1200-9,Domingo,Tradicional,Rua,Cel Euclides Machado,S/N,Jardim Das Gracas,02713-000,Casa Verde/Cachoeirinha,-23.5086361,-46.6870791,painel_prefeitura,Limao
1204-1,Domingo,Tradicional,Rua,Freire Brayner,121,Sacoma,04235-243,Ipiranga,-23.6043504,-46.5958974,painel_prefeitura,Ipiranga
1205-0,Domingo,Tradicional,Rua,Conde De Porto Alegre,50,Campo Belo,04608-000,Santo Amaro,-23.630215,-46.6807207,painel_prefeitura,Campo Belo
1207-6,Domingo,Tradicional,Avenida,Nascer Do Sol,100,Santa Etelvina Cohab,08485-020,Cidade Tiradentes,-23.591201,-46.4167177,painel_prefeitura,Cidade Tiradentes
1208-4,Domingo,Tradicional,Praça,Antonio Franco Velasco,0,Limao,02554-020,Casa Verde/Cachoeirinha,-23.5016505,-46.6713802,painel_prefeitura,Limao
1209-2,Domingo,Tradicional,Rua,Glicerio Rodrigues,50,Vila Norma,08062-140,São Miguel,-23.5073282,-46.4768511,painel_prefeitura,Vila Jacui
1210-6,Domingo,Tradicional,Alameda,Min Rocha Azevedo,1596,Jardim PauliSanta,01410-002,Pinheiros,-23.5603159,-46.6580977,painel_prefeitura,Jardim Paulista
1212-2,Domingo,Tradicional,Rua,Maestro Bortolucci,26,Vila Albertina,02357-040,Jaçanã/Tremembé,-23.4499324,-46.6169143,painel_prefeitura,Tremembe
1215-7,Domingo,Tradicional,Rua,Morro Das Pedras,100,Jardim São Francisco,08310-100,São Mateus,-23.6337323,-46.4609091,painel_prefeitura,Sao Rafael
1217-3,Domingo,Tradicional,Rua,Teodoro Bernardo Do Nascimento,120,Parque Santa Rita,08150-000,Itaim Paulista,-23.5264088,-46.408344,painel_prefeitura,Vila Curuca
1218-1,Domingo,Tradicional,Rua,Florencio Carpi,262,Parque Anhanguera,05267-080,Perus,-23.437648,-46.790687,painel_prefeitura,Anhanguera
1220-3,Domingo,Tradicional,Avenida,Jose Martins Lisboa,10,São Francisco,08081-010,São Miguel,-23.4821219,-46.4235486,painel_prefeitura,Jardim Helena
1221-1,Domingo,Tradicional,Rua,Cleusa Milochi,163,Cachoeirinha,02762-070,Casa Verde/Cachoeirinha,-23.4816467,-46.6743189,painel_prefeitura,Limao
1226-2,Domingo,Tradicional,Rua,Wilson Fernandes S Carvalho,100,Cid Tiradentes,08473-000,Cidade Tiradentes,-23.5780832,-46.3923431,painel_prefeitura,Cidade Tiradentes
1227-0,Domingo,Tradicional,Rua,Desem Isnard Dos Reis,37,Itaim PauliSanta,08130-000,Itaim Paulista,-23.500598,-46.3686084,painel_prefeitura,Itaim Paulista
1230-0,Domingo,Tradicional,Rua,Felipe Cardoso Campos,10,Vila Fanton,05207-090,Perus,-23.3974225,-46.7555566,painel_prefeitura,Perus
1234-3,Domingo,Tradicional,Rua,Guaiauna,200,Penha De Franca,03631-000,Penha,-23.5301237,-46.5512971,painel_prefeitura,Penha
1235-1,Domingo,Tradicional,Avenida,Henriqueta Noguez Brieba,1,Cj Hab Fazenda Do Ca,08421-530,Cidade Tiradentes,-23.5674017,-46.4177776,painel_prefeitura,Cidade Tiradentes
1237-8,Domingo,Tradicional,Rua,Carlo Coccia,448,Jardim Nova Sapopemba,03977-670,Sapopemba,-23.6218636,-46.4910466,painel_prefeitura,Sapopemba
1239-4,Domingo,Tradicional,Rua,Vitantonio Matorosa,448,Jardim Princesa,02856-080,Freguesia/Brasilândia,-23.4522611,-46.6922479,painel_prefeitura,Brasilandia
1243-2,Domingo,Tradicional,Rua,Prof Arnaldo Joao Semeraro,99,Parque BriSantol,04184-000,Ipiranga,-23.6454899,-46.5972309,painel_prefeitura,Sacoma
1244-0,Domingo,Tradicional,Rua,Samuel Bovy,37,Jardim City Jaragua,02998-120,Pirituba/Jaraguá,-23.4392643,-46.73205,painel_prefeitura,Jaragua
1246-7,Domingo,Tradicional,Rua,Beija Flor,S/N,Vila Vargem Grande,04895-280,Parelheiros,-23.8637876,-46.712701,painel_prefeitura,Parelheiros
1248-3,Domingo,Tradicional,Rua,Dr Ademar Ferreira De Carvalho,100,Vila Yolanda Ii,08473-410,Cidade Tiradentes,-23.5800225,-46.3874063,painel_prefeitura,Cidade Tiradentes
1251-3,Domingo,Tradicional,Rua,Jeronimo Dias Ribeiro,50,Jardim São Paulo,08461-560,Guaianases,-23.5601976,-46.3986725,painel_prefeitura,Guaianases
1253-0,Domingo,Tradicional,Rua,B10,S/N,Cidade Tiradentes,,Guaianases,-23.6010108,-46.3985497,painel_prefeitura,Cidade Tiradentes
1254-8,Domingo,Tradicional,Rua,Araripira,25,Jardim Do Recanto,02877-000,Freguesia/Brasilândia,-23.4517164,-46.6824933,painel_prefeitura,Brasilandia
1260-2,Domingo,Tradicional,Rua,Anna Papini Guaranha,1000,Carandiru,02049-010,Vila Maria/Vila Guilherme,-23.511819,-46.6186332,painel_prefeitura,Vila Guilherme
1262-9,Domingo,Tradicional,Rua,Forte Do Guara,10,Parelheiros,04865-170,Parelheiros,-23.783212,-46.7133956,painel_prefeitura,Parelheiros
1264-5,Domingo,Tradicional,Rua,Linaria,80,Itaim PauliSanta,08142-189,Itaim Paulista,-23.5130654,-46.3851076,painel_prefeitura,Itaim Paulista
1267-0,Domingo,Tradicional,Avenida,Ponte Da Amizade,S/N,Jardim Iguatemi,08371-420,São Mateus,-23.5949839,-46.4202029,painel_prefeitura,Iguatemi
1268-8,Domingo,Tradicional,Rua,Antonio Da Costa Barbosa,89,Vila Andrade,05717-220,Campo Limpo,-23.6321644,-46.7288351,painel_prefeitura,Vila Andrade
1270-0,Domingo,Tradicional,Rua,Raimunda P De Alencar Da Silva,10,Jardim Varginha,04857-010,Capela do Socorro,-23.7843498,-46.6831417,painel_prefeitura,Grajau
1274-2,Domingo,Tradicional,Rua,Gaspar Sardinha,50,Lageado,08460-000,Guaianases,-23.5449112,-46.3930976,painel_prefeitura,Lajeado
1278-5,Domingo,Tradicional,Rua,Manuel Homem De Andrade,10,Jardim Santo Antonio,05723-400,Campo Limpo,-23.6428638,-46.7332228,painel_prefeitura,Vila Andrade
1312-9,Domingo,Tradicional,Rua,Cidade Do Rio Pardo,5,Vila Andrade,05727-180,Campo Limpo,-23.6291117,-46.739513,painel_prefeitura,Vila Andrade
1360-9,Domingo,Tradicional,Rua,Afonso Lopes Vieira,582,Vila Dionisia,02671-100,Casa Verde/Cachoeirinha,-23.4648044,-46.6646142,painel_prefeitura,Cachoeirinha
1370-6,Domingo,Tradicional,Rua,Laura Boss,100,GuaianaSés,08250-730,Itaquera,-23.5414636,-46.4360186,painel_prefeitura,Jose Bonifacio
1377-3,Domingo,Tradicional,Praça,Grand Reserva Paulista,2150,Jardim Iris,05144-085,Pirituba/Jaraguá,-23.5016529,-46.7187629,painel_prefeitura,Pirituba
1380-3,Domingo,Tradicional,Rua,Andre Cavalcante,100,Vila Regina,08225-435,Itaquera,-23.5338882,-46.4650951,painel_prefeitura,Itaquera
1390-0,Domingo,Tradicional,Rua,Amilcar De Magalhaes,50,Pirituba,05171-240,Pirituba/Jaraguá,-23.479188099999998,-46.7470833,painel_prefeitura,Pirituba
1413-3,Domingo,Orgânica,Rua,Dona Ana Germaine Buchard,286,Agua Branca,05002-061,Lapa,-23.5278799,-46.6733949,painel_prefeitura,Barra Funda
1432-0,Domingo,Orgânica,Rua,Ricardo Casanova,120,Vila Matilde,03511-020,Penha,-23.53570499,-46.52928621,painel_prefeitura,Vila Matilde
1488-5,Domingo,Tradicional,Rua,Lagoa Dentro,2,Vila Silvia,03820-290,Penha,-23.49295254,-46.50564391,painel_prefeitura,Cangaiba
1493-1,Domingo,Tradicional,Rua,Nello Bini,86,Jardim Analia Franco,03337-050,Aricanduva/Formosa/Carrão,-23.5564676,-46.5607361,painel_prefeitura,Vila Formosa
1761-2,Domingo,Tradicional,Rua,Cachoeira Das Jangadas,"15, 222",Conjunto Habitacional Inacio Monteiro,08472-080,Cidade Tiradentes,-23.5705631,-46.4008218,painel_prefeitura,Cidade Tiradentes
1820-1,Domingo,Tradicional,Rua,Tullio Mugnaini,S/N,Jardim Avenida,05798-330,Campo Limpo,-23.65877404,-46.76721337,painel_prefeitura,Capao Redondo
1849-0,Domingo,Tradicional,Avenida,Nadir Dias De Figueiredo,1253,Vila Maria Baixa,02110-000,Vila Maria/Vila Guilherme,-23.5141268,-46.5951686,painel_prefeitura,Vila Maria
1854-6,Domingo,Tradicional,Rua,Atuai,1026,Vila Matilde,03646-000,Penha,-23.530922,-46.529018,painel_prefeitura,Penha
1892-9,Domingo,Tradicional,Rua,Carvaxi,10,Parque Reboucas,05735-040,Campo Limpo,-23.6261055,-46.7481496,painel_prefeitura,Campo Limpo
1924-0,Domingo,Tradicional,Avenida,Do Anastacio,2148,Pirituba,05119-000,Pirituba/Jaraguá,-23.4895,-46.7377604,painel_prefeitura,Sao Domingos
1959-3,Domingo,Tradicional,Rua,Joao De Siqueira Afonso,S/N,Lageado,08452-000,Guaianases,-23.5359866,-46.3975006,painel_prefeitura,Lajeado
3000-7,Terça Feira,Orgânica,Rua,Walter Gazarra,1300,Jardim Analia Franco,03337-000,Aricanduva/Formosa/Carrão,-23.5585974,-46.5586596,painel_prefeitura,Vila Formosa
3001-5,Terça Feira,Tradicional,Rua,Santo Antonio,22,Bela ViSanta,01330-050,Sé,-23.5497264,-46.640692,painel_prefeitura,Republica
3003-1,Terça Feira,Tradicional,Rua,Stefano,1000,Cambuci,01521-030,Sé,-23.6212977,-46.6122475,painel_prefeitura,Cursino
3004-0,Terça Feira,Tradicional,Praça,Charles Muller,0,Pacaembu,01234-010,Sé,-23.54467,-46.6650304,painel_prefeitura,Consolacao
3005-8,Terça Feira,Tradicional,Rua,Guimaraes Passos,304,Aclimacao,04107-030,Vila Mariana,-23.5796916,-46.6333692,painel_prefeitura,Vila Mariana
3006-6,Terça Feira,Tradicional,Rua,Dr Carlos Guimaraes,10,Belem,03020-030,Mooca,-23.5379063,-46.6007957,painel_prefeitura,Belem
3007-4,Terça Feira,Tradicional,Rua,Firmiano Pinto,50,Brás,03052-070,Mooca,-23.539203,-46.6052598,painel_prefeitura,Belem
3008-2,Terça Feira,Tradicional,Rua,Min Godoy,1261,Perdizes,05015-001,Lapa,-23.5396918,-46.6732384,painel_prefeitura,Perdizes
3009-0,Terça Feira,Tradicional,Rua,Joinville,323,Ibirapuera,04008-010,Vila Mariana,-23.5811298,-46.6513128,painel_prefeitura,Moema
3010-4,Terça Feira,Tradicional,Rua,Conde Prates,466,Parque Da Mooca,03122-000,Mooca,-23.5676663,-46.5945341,painel_prefeitura,Mooca
3011-2,Terça Feira,Tradicional,Rua,Xavier De Almeida,650,Alto Do Ipiranga,04211-001,Ipiranga,-23.5918919,-46.6081744,painel_prefeitura,Ipiranga
3012-0,Terça Feira,Tradicional,Rua,Pires De Campos,197,Mooca,03182-020,Mooca,-23.5590835,-46.5932551,painel_prefeitura,Mooca
3013-9,Terça Feira,Tradicional,Rua,Decio Abramo,500,Agua Rasa,03178-030,Mooca,-23.5577692,-46.5857661,painel_prefeitura,Mooca
3014-7,Terça Feira,Tradicional,Rua,Alfredo Mario Pizzotti,370,Vila Guilherme,02060-040,Vila Maria/Vila Guilherme,-23.5180909,-46.604957,painel_prefeitura,Vila Guilherme
3015-5,Terça Feira,Tradicional,Rua,Andre Vidal C/ Alm Calheiros,100,Tatuapé,03065-070,Mooca,-23.5359465,-46.5769553,painel_prefeitura,Tatuape
3016-3,Terça Feira,Tradicional,Rua,Do Carreiro De Pedra,100,Vila Cruzeiro,04728-020,Santo Amaro,-23.6400221,-46.7152964,painel_prefeitura,Santo Amaro
3017-1,Terça Feira,Tradicional,Rua,Marcos Lopes C/ Silvania,345,Vila Nova Conceicao,04513-080,Vila Mariana,-23.5979025,-46.671474,painel_prefeitura,Moema
3018-0,Terça Feira,Tradicional,Rua,Afonso Celso,1500,Vila Mariana,04119-062,Vila Mariana,-23.6039584,-46.6351512,painel_prefeitura,Saude
3019-8,Terça Feira,Tradicional,Rua,Sepetiba,522,Vila Romana,05052-000,Lapa,-23.5337726,-46.7015704,painel_prefeitura,Lapa
3020-1,Terça Feira,Tradicional,Alameda,Dos Araes,1758,Planalto PauliSanta,04066-004,Vila Mariana,-23.6181498,-46.6595056,painel_prefeitura,Saude
3021-0,Terça Feira,Tradicional,Avenida,Jose Maria Witaker,1780,Planalto PauliSanta,04057-000,Vila Mariana,-23.6156055,-46.6437813,painel_prefeitura,Saude
3022-8,Terça Feira,Tradicional,Rua,Paracatu,730,São Judas,04302-022,Vila Mariana,-23.6219721,-46.6344463,painel_prefeitura,Saude
3023-6,Terça Feira,Tradicional,Rua,Brig Amilcar V Pederneiras,200,Vila Das Merces,04173-000,Ipiranga,-23.6383577,-46.6089405,painel_prefeitura,Sacoma
3024-4,Terça Feira,Tradicional,Rua,Mateus Gomes,50,Tatuapé,03089-060,Mooca,-23.5310989,-46.562215,painel_prefeitura,Tatuape
3025-2,Terça Feira,Tradicional,Rua,Quedas,567,Vila Mazzei,02082-030,Vila Maria/Vila Guilherme,-23.4959389,-46.6050216,painel_prefeitura,Vila Guilherme
3026-0,Terça Feira,Tradicional,Praça,Oscar Da Silva,500,Vila Guilherme,02067-000,Vila Maria/Vila Guilherme,-23.507442,-46.6011698,painel_prefeitura,Vila Guilherme
3027-9,Terça Feira,Tradicional,Rua,Indiana,1428,Santo Amaro,04562-002,Pinheiros,-23.6062742,-46.6898308,painel_prefeitura,Itaim Bibi
3029-5,Terça Feira,Tradicional,Avenida,Boschetti,234,Vila GuSantavo,02205-000,Vila Maria/Vila Guilherme,-23.490143,-46.5931551,painel_prefeitura,Vila Medeiros
3030-9,Terça Feira,Tradicional,Avenida,Benedito Estevao Dos Santos,1200,Vila Maria,02136-000,Vila Maria/Vila Guilherme,-23.4987269,-46.5826217,painel_prefeitura,Vila Maria
3031-7,Terça Feira,Tradicional,Rua,Aureliano Leal C Guatiaia,300,Agua Fria,02334-091,Santana/Tucuruvi,-23.4840339,-46.6215471,painel_prefeitura,Santana
3032-5,Terça Feira,Tradicional,Avenida,Maestro Vila Lobos,500,Parque Vitoria,02266-000,Santana/Tucuruvi,-23.477717,-46.598481,painel_prefeitura,Tucuruvi
3033-3,Terça Feira,Tradicional,Rua,Waldomiro Silveira,28,Imirim,02536-020,Casa Verde/Cachoeirinha,-23.4945979,-46.6475804,painel_prefeitura,Santana
3034-1,Terça Feira,Tradicional,Rua,Bartolomeu Bueno,200,Vila AnaSantacio,05093-020,Lapa,-23.516808,-46.7213664,painel_prefeitura,Lapa
3035-0,Terça Feira,Tradicional,Rua,Chico De Paula,61,Nossa Sénhora Do O,02926-000,Freguesia/Brasilândia,-23.4993746,-46.6987035,painel_prefeitura,Freguesia do O
3036-8,Terça Feira,Tradicional,Rua,Mario Schiopa,200,Agua Funda,04156-030,Ipiranga,-23.6323128,-46.6244656,painel_prefeitura,Cursino
3037-6,Terça Feira,Tradicional,Avenida,Waldomiro De Lima,437,Vila Guarani,04344-070,Jabaquara,-23.6384837,-46.6448984,painel_prefeitura,Jabaquara
3038-4,Terça Feira,Tradicional,Praça,Roberto Gomes Pedrosa,25,ESantadio Do Morumbi,05653-070,Butantã,-23.6000811,-46.7210113,painel_prefeitura,Morumbi
3039-2,Terça Feira,Tradicional,Avenida,Octacilio Tomanik,21,Rio Pequeno,05363-000,Butantã,-23.576619,-46.7428311,painel_prefeitura,Rio Pequeno
3040-6,Terça Feira,Tradicional,Rua,Jose Antunes Cerdeira,235,Parque America,04841-070,Capela do Socorro,-23.7370598,-46.6904873,painel_prefeitura,Grajau
3041-4,Terça Feira,Tradicional,Rua,Santa Gertrudes,400,Tatuapé,03408-020,Aricanduva/Formosa/Carrão,-23.5476165,-46.5537785,painel_prefeitura,Carrao
3043-0,Terça Feira,Tradicional,Rua,Mirandinha,399,Penha,03641-000,Penha,-23.5259661,-46.5367001,painel_prefeitura,Penha
3044-9,Terça Feira,Tradicional,Rua,Miguel Garcia,354,Vila PauliSantania,03720-170,Penha,-23.5027637,-46.5294822,painel_prefeitura,Cangaiba
3045-7,Terça Feira,Tradicional,Rua,Roque Petrela,300,Brooklin PauliSanta,04581-050,Pinheiros,-23.6204785,-46.6868636,painel_prefeitura,Itaim Bibi
3046-5,Terça Feira,Tradicional,Rua,Maria Jose Rangel,649,Jardim Prudencia,04650-180,Cidade Ademar,-23.6568034,-46.6724121,painel_prefeitura,Cidade Ademar
3047-3,Terça Feira,Tradicional,Avenida,Buenos Aires,300,Vila Buenos Aires,03736-020,Ermelino Matarazzo,-23.5115513,-46.514914,painel_prefeitura,Ponte Rasa
3048-1,Terça Feira,Tradicional,Rua,Francisco De Oliveira Braga,132,Vila Nova Granada,03659-090,Penha,-23.5221545,-46.5135548,painel_prefeitura,Penha
3049-0,Terça Feira,Tradicional,Rua,Assis Valente C Gil Ribeiro,666,Vila Guilhermina,03543-020,Penha,-23.5327135,-46.5123477,painel_prefeitura,Vila Matilde
3050-3,Terça Feira,Tradicional,Rua,Municipal,1213,Tres Maria,03661-000,Penha,-23.5269834,-46.4975473,painel_prefeitura,Penha
3051-1,Terça Feira,Tradicional,Rua,Ivoturucaia,411,Vila Curuca Velha,08030-040,Itaim Paulista,-23.4973791,-46.4249223,painel_prefeitura,Vila Curuca
3052-0,Terça Feira,Tradicional,Rua,Dr Joao Bizarro Da Nave,50,Vila Ema,03351-100,Mooca,-23.5718694,-46.5687529,painel_prefeitura,Agua Rasa
3053-8,Terça Feira,Tradicional,Rua,Joao Batistia Fanton,3,Vila Fonton,05203-180,Perus,-23.4086717,-46.7504548,painel_prefeitura,Perus
3054-6,Terça Feira,Tradicional,Rua,Tereza Bortolo,300,Jardim Tremembe,02352-150,Jaçanã/Tremembé,-23.4556932,-46.5947315,painel_prefeitura,Tremembe
3055-4,Terça Feira,Tradicional,Rua,Rolandia,50,Jaguare,05337-070,Lapa,-23.5508381,-46.750051,painel_prefeitura,Jaguare
3057-0,Terça Feira,Tradicional,Rua,Pinto Da Luz,50,Jardim Tialha,03276-110,Vila Prudente,-23.5772475,-46.5544819,painel_prefeitura,Sao Lucas
3058-9,Terça Feira,Tradicional,Rua,Itaicy,100,Santa Terezinha,02460-030,Santana/Tucuruvi,-23.4908885,-46.6360976,painel_prefeitura,Santana
3059-7,Terça Feira,Tradicional,Rua,Marques Do Recife,330,Vila Bancaria,02841-010,Freguesia/Brasilândia,-23.5898546,-46.522881,painel_prefeitura,Sapopemba
3060-0,Terça Feira,Tradicional,Avenida,Prof Carlos Caliolli,200,Parque Maria Luiza,03451-020,Aricanduva/Formosa/Carrão,-23.5587756,-46.5193905,painel_prefeitura,Aricanduva
3061-9,Terça Feira,Tradicional,Rua,Domingos Pires Brito,50,Parque São Lucas,03262-030,Vila Prudente,-23.5906099,-46.5506799,painel_prefeitura,Sao Lucas
3063-5,Terça Feira,Tradicional,Rua,Flor Cachoeira E S Do Teixeira,48,Vila Piaui,05109-220,Lapa,-23.5017923,-46.7603496,painel_prefeitura,Jaguara
3064-3,Terça Feira,Tradicional,Rua,Matias Teixeira,200,Bosque Da Saude,04136-170,Ipiranga,-23.6109758,-46.6233718,painel_prefeitura,Cursino
3065-1,Terça Feira,Tradicional,Praça,Benedito Calixto,100,Pinheiros,05406-040,Pinheiros,-23.5582096,-46.6804565,painel_prefeitura,Jardim Paulista
3067-8,Terça Feira,Tradicional,Rua,Dr Joao Toniolo,39,Jardim São JoSé,02932-000,Pirituba/Jaraguá,-23.4987516,-46.7094684,painel_prefeitura,Pirituba
3070-8,Terça Feira,Tradicional,Rua,Monte Alverne,200,Vila Santa Eulalia,04265-060,Ipiranga,-23.5854388,-46.6170632,painel_prefeitura,Ipiranga
3071-6,Terça Feira,Tradicional,Rua,Frederico Penteado Junior,20,Casa Verde,02517-100,Casa Verde/Cachoeirinha,-23.5062938,-46.6662181,painel_prefeitura,Casa Verde
3073-2,Terça Feira,Tradicional,Rua,Cap Mor Passos,225,Pari,03024-010,Mooca,-23.527565,-46.6155537,painel_prefeitura,Pari
3074-0,Terça Feira,Tradicional,Rua,Mal Marques Porto,120,Vila Nova York,03906-020,Aricanduva/Formosa/Carrão,-23.5809083,-46.5104652,painel_prefeitura,Aricanduva
3075-9,Terça Feira,Tradicional,Rua,Bento Quirino,399,Vila Talarico,03534-010,Penha,-23.5442297,-46.5104467,painel_prefeitura,Vila Matilde
3077-5,Terça Feira,Tradicional,Rua,Tomaz Antonio Vilane,353,Vila Santa Maria,02562-000,Casa Verde/Cachoeirinha,-23.4862061,-46.6743347,painel_prefeitura,Limao
3078-3,Terça Feira,Tradicional,Rua,Brig Henrique Fontenelle,10,Parque São Domingues,05125-000,Pirituba/Jaraguá,-23.507257,-46.7403807,painel_prefeitura,Sao Domingos
3079-1,Terça Feira,Tradicional,Rua,Jose Felix Alves Pacheco,209,Vila Brásilandia,02835-040,Freguesia/Brasilândia,-23.4704135,-46.6945029,painel_prefeitura,Brasilandia
3080-5,Terça Feira,Tradicional,Rua,Pedro Vitorato,474,Jardim Colorado,03387-010,Sapopemba,-23.5861183,-46.528146,painel_prefeitura,Sapopemba
3081-3,Terça Feira,Tradicional,Rua,Marambaia,25,Casa Verde,02513-000,Casa Verde/Cachoeirinha,-23.510103,-46.6512716,painel_prefeitura,Casa Verde
3082-1,Terça Feira,Tradicional,Rua,Pitagoras,579,Jardim Coimbra,03693-010,Penha,-23.5319951,-46.4793448,painel_prefeitura,Artur Alvim
3083-0,Terça Feira,Tradicional,Rua,Rizzieri Negrini,199,Vila Arapua,04257-143,Ipiranga,-23.6352526,-46.5922456,painel_prefeitura,Sacoma
3084-8,Terça Feira,Tradicional,Avenida,Manoel Dos Santos Braga,50,Limoeiro,03807-320,São Miguel,-23.507599,-46.4688171,painel_prefeitura,Vila Jacui
3085-6,Terça Feira,Tradicional,Rua,Das Paineiras,353,Veleiros,04771-080,Capela do Socorro,-23.6822041,-46.7121093,painel_prefeitura,Socorro
3087-2,Terça Feira,Tradicional,Rua,Estevam Fernandes,17,Piraporinha,04913-140,M'Boi Mirim,-23.6746177,-46.7411818,painel_prefeitura,Jardim Sao Luis
3090-2,Terça Feira,Tradicional,Rua,Salvador Rodrigues Negrao,100,Vila ConSantancia,04401-160,Cidade Ademar,-23.6701385,-46.6660404,painel_prefeitura,Cidade Ademar
3092-9,Terça Feira,Tradicional,Rua,Belizario Benites,115,Jardim Veronia,03816-120,Ermelino Matarazzo,-23.485886,-46.4873288,painel_prefeitura,Ermelino Matarazzo
3093-7,Terça Feira,Tradicional,Avenida,Mendonca E Vasconcelos,300,Jardim Ester,08330-260,São Mateus,-23.6219229,-46.4644307,painel_prefeitura,Sao Rafael
3094-5,Terça Feira,Tradicional,Rua,Estevao Dias Vergara,100,Jardim Nsra Do Carmo,08275-120,Itaquera,-23.5679201,-46.4825246,painel_prefeitura,Cidade Lider
3095-3,Terça Feira,Tradicional,Rua,Frei Antonio Faggiano,41,Itaquera,08255-140,Itaquera,-23.5505714,-46.4259858,painel_prefeitura,Jose Bonifacio
3097-0,Terça Feira,Tradicional,Rua,Rio Hipiaugui,1,Jardim Planalto,03982-045,Sapopemba,-23.6089311,-46.5143908,painel_prefeitura,Sapopemba
3098-8,Terça Feira,Tradicional,Rua,Jose Da Penha,100,Jardim Danfer,03729-150,Penha,-23.5040786,-46.5056848,painel_prefeitura,Cangaiba
3099-6,Terça Feira,Tradicional,Avenida,Itaim,150,Itaim PauliSanta,08110-650,Itaim Paulista,-23.4920772,-46.3914349,painel_prefeitura,Itaim Paulista
3100-3,Terça Feira,Tradicional,Rua,Rosario Scamarti,5,Jardim Jangadeiro,05883-000,Campo Limpo,-23.681548,-46.7811917,painel_prefeitura,Capao Redondo
3101-1,Terça Feira,Tradicional,Rua,Salgueiro Do Campo,85,Jardim Ibirapuera,05814-210,M'Boi Mirim,-23.6574235,-46.7328998,painel_prefeitura,Jardim Sao Luis
3102-0,Terça Feira,Tradicional,Rua,Plinio Salgado,21,Butantã,05537-080,Butantã,-23.5863656,-46.7368773,painel_prefeitura,Butanta
3103-8,Terça Feira,Tradicional,Rua,Carlos Nahas,5,Jardim Rosana,05795-160,Campo Limpo,-23.6462567,-46.7791857,painel_prefeitura,Campo Limpo
3104-6,Terça Feira,Tradicional,Avenida,Vaticano,4,Jardim Joao Xxiii,05569-120,Butantã,-23.6006192,-46.795343,painel_prefeitura,Raposo Tavares
3106-2,Terça Feira,Tradicional,Rua,Mons Joao Pedro Fusenig,166,Jardim Santa Gertrudes,04918-210,M'Boi Mirim,-23.6920686,-46.7425107,painel_prefeitura,Jardim Sao Luis
3110-0,Terça Feira,Tradicional,Avenida,Pau D'Arco Roxo,220,Cid Pedro JoSé Nunes,08061-030,São Miguel,-23.5023627,-46.4647807,painel_prefeitura,Vila Jacui
3111-9,Terça Feira,Tradicional,Rua,Inaja Guacu,500,Vila Progresso,08240-530,São Miguel,-23.5199526,-46.4399404,painel_prefeitura,Sao Miguel
3112-7,Terça Feira,Tradicional,Rua,Joao Lopes De Lima,300,Jardim Sapopemba,03976-020,Sapopemba,-23.6138861,-46.5003079,painel_prefeitura,Sapopemba
3113-5,Terça Feira,Tradicional,Rua,Amazonas Marcondes,45,Cocaia,04851-230,Capela do Socorro,-23.7535688,-46.6685273,painel_prefeitura,Grajau
3116-0,Terça Feira,Tradicional,Rua,Itatiba Do Sul,100,Jardim ViSanta Alegre,02878-100,Freguesia/Brasilândia,-23.4509091,-46.684267,painel_prefeitura,Brasilandia
3118-6,Terça Feira,Tradicional,Rua,Monte São Martinho,349,Jardim Santa Cruz,02674-020,Casa Verde/Cachoeirinha,-23.4592588,-46.6684148,painel_prefeitura,Cachoeirinha
3124-0,Terça Feira,Tradicional,Rua,Francisco Antonio Meira,10,Jardim Maia,08180-270,São Miguel,-23.4892871,-46.4150553,painel_prefeitura,Jardim Helena
3127-5,Terça Feira,Tradicional,Rua,Lagoa Cajuba,38,Jardim Campos,08160-120,Itaim Paulista,-23.5080142,-46.4067551,painel_prefeitura,Vila Curuca
3129-1,Terça Feira,Tradicional,Rua,Gil Eanes,44,Campo Belo,04601-040,Santo Amaro,-23.6180522,-46.6799328,painel_prefeitura,Campo Belo
3132-1,Terça Feira,Tradicional,Rua,Henrique Roschel Christi,344,Jardim Dos Alamos,04883-255,Parelheiros,-23.8088905,-46.7373271,painel_prefeitura,Parelheiros
3134-8,Terça Feira,Tradicional,Rua,Cachoeira De Minas,50,Jardim Santa Adelia,03973-050,São Mateus,-23.6169923,-46.4792537,painel_prefeitura,Sao Mateus
3135-6,Terça Feira,Tradicional,Rua,Higino Pellegrini,S/N,Agua Branca,05001-100,Lapa,-23.5266236,-46.67662,painel_prefeitura,Barra Funda
3137-2,Terça Feira,Tradicional,Rua,Prof Tamandare De Toledo,100,Jardim PauliSanta,04532-020,Pinheiros,-23.5834005,-46.674976,painel_prefeitura,Itaim Bibi
3139-9,Terça Feira,Tradicional,Rua,Bartolomeu Quadros,10,Cangaiba,03714-000,Penha,-23.5104905,-46.5431982,painel_prefeitura,Cangaiba
3140-2,Terça Feira,Tradicional,Rua,Flor De Pelicano,50,Jardim Casa Pintada,08230-820,Itaquera,-23.5182268,-46.4473519,painel_prefeitura,Itaquera
3142-9,Terça Feira,Tradicional,Avenida,Antonio Bernardo Silvestre,10,Vila São Silvestre,08011-390,São Miguel,-23.4977528,-46.4425615,painel_prefeitura,Sao Miguel
3144-5,Terça Feira,Tradicional,Rua,Americo De Campos,100,Liberdade,01506-010,Sé,-23.5572073,-46.6346865,painel_prefeitura,Liberdade
3145-3,Terça Feira,Tradicional,Rua,Voltaire C/ Pedro Nicole,302,Jardim Vila Mariana,04116-090,Vila Mariana,-23.5942681,-46.6254383,painel_prefeitura,Vila Mariana
3146-1,Terça Feira,Tradicional,Rua,Comte Carlos Rhul,50,Vila Princesa Isabel,08410-130,Guaianases,-23.5448833,-46.4142657,painel_prefeitura,Guaianases
3147-0,Terça Feira,Tradicional,Rua,Ciriaco Jimenez,50,Parque Nacoes Unidas,02996-070,Pirituba/Jaraguá,-23.4424289,-46.7356749,painel_prefeitura,Jaragua
3149-6,Terça Feira,Tradicional,Rua,Seritinga,20,São Mateus,03934-120,São Mateus,-23.5917137,-46.5013183,painel_prefeitura,Sao Mateus
3151-8,Terça Feira,Tradicional,Rua,Arvore De Cera,37,Jardim Nova Curuca,08032-270,Itaim Paulista,-23.5142369,-46.4272959,painel_prefeitura,Vila Curuca
3153-4,Terça Feira,Noturna,Rua,Henri Cross,200,Jardim Santa Emilia,04184-010,Ipiranga,-23.6483914,-46.5998884,painel_prefeitura,Sacoma
3155-0,Terça Feira,Tradicional,Rua,Heliodoro Paiva,50,Jard M AuguSanto,08371-100,São Mateus,-23.5973156,-46.4476835,painel_prefeitura,Iguatemi
3157-7,Terça Feira,Tradicional,Rua,Afonso Furtado De Castro,50,Jardim Santo Andre,08390-140,São Mateus,-23.6255356,-46.4457278,painel_prefeitura,Sao Rafael
3158-5,Terça Feira,Tradicional,Rua,Aleixos Jafet,2000,Vila Aurora,05186-005,Pirituba/Jaraguá,-23.4391601,-46.7504558,painel_prefeitura,Jaragua
3160-7,Terça Feira,Noturna,Rua,Rodolfo Barbosa De Castro,50,Parque Guarani,08235-420,Itaquera,-23.5164178,-46.4608897,painel_prefeitura,Itaquera
3162-3,Terça Feira,Tradicional,Avenida,Sapopemba,15600,São Mateus,03989-000,São Mateus,-23.6244852,-46.4642773,painel_prefeitura,Sao Rafael
3164-0,Terça Feira,Tradicional,Rua,Dronsfield,263,Lapa,05074-000,Lapa,-23.5189215,-46.7051909,painel_prefeitura,Lapa
3230-1,Terça Feira,Tradicional,Praça,Torquato Plaza,152,Sapopemba,03271-050,Sapopemba,-23.5989889,-46.5164685,painel_prefeitura,Sapopemba
3235-2,Terça Feira,Tradicional,Rua,Miguel Angelo Lapena,150,São Miguel,08010-040,São Miguel,-23.4920597,-46.4417803,painel_prefeitura,Sao Miguel
3324-3,Terça Feira,Tradicional,Rua,Desem Fausto Whitaker M Alvim,3,Itaim PauliSanta,08130-350,Itaim Paulista,-23.5030775,-46.3659107,painel_prefeitura,Itaim Paulista
3400-2,Terça Feira,Tradicional,Rua,General Jose Almeida Botelho,100,Mandaqui,02422-090,Santana/Tucuruvi,-23.471317,-46.6361077,painel_prefeitura,Mandaqui
3401-0,Terça Feira,Noturna,Travessa,Veneza Do Amor,10,Jardim São JoSé,08345-650,São Mateus,-23.6070209,-46.4437962,painel_prefeitura,Iguatemi
3402-9,Terça Feira,Tradicional,Rua,Tiuba,230,Vila Manchester,03443-015,Aricanduva/Formosa/Carrão,-23.5423578,-46.5361244,painel_prefeitura,Carrao
3489-4,Terça Feira,Noturna,Rua,Inacio Preto De Morais,1,Vila Plana,05731-340,Campo Limpo,-23.6403996,-46.7462863,painel_prefeitura,Vila Andrade
3744-3,Terça Feira,Noturna,,Calcadão Estação Cptm Dom Bosco,1133,Itaquera,08215-545,Itaquera,-23.54192,-46.44936,painel_prefeitura,Itaquera
3789-3,Terça Feira,Noturna,Rua,Rua Pedro Ribeiro,1,Santana,02085-000,Santana/Tucuruvi,-23.4984221,-46.6132418,painel_prefeitura,Vila Guilherme
3815-6,Terça Feira,Noturna,Rua,Antonio Bartolomeu,S/N,Vila Perus,05204-200,Perus,-23.40706678,-46.75466799,painel_prefeitura,Perus
3835-0,Terça Feira,Orgânica,Praça,Antonio Eneas Matias,S/N,Itaim PauliSanta,08120-090,Itaim Paulista,-23.50043133,-46.39725592,painel_prefeitura,Itaim Paulista
3869-5,Terça Feira,Noturna,Rua,Jose De Salcedo,65,Parque Flamengo,05783-120,Campo Limpo,-23.6420072,-46.7669739,painel_prefeitura,Campo Limpo
3900-4,Terça Feira,Tradicional,Rua,Pde Lariviere,354,Pinheiros,05466-050,Pinheiros,-23.5507224,-46.7180067,painel_prefeitura,Alto de Pinheiros
4000-2,Quarta Feira,Noturna,Rua,Edmur Witaker,50,São Mateus,03963-060,São Mateus,-23.6079745,-46.4749318,painel_prefeitura,Sao Mateus
4001-0,Quarta Feira,Tradicional,Rua,Dr Pedro Severiano,100,Liberdade,01518-040,Sé,-23.5561135,-46.6246173,painel_prefeitura,Cambuci
4002-9,Quarta Feira,Tradicional,Rua,Oliveira Peixoto,100,Aclimacao,01530-040,Sé,-23.5689403,-46.6287692,painel_prefeitura,Liberdade
4003-7,Quarta Feira,Tradicional,Rua,Sampson C Mendes Junior,50,Brás,03013-040,Mooca,-23.5372621,-46.6112498,painel_prefeitura,Bras
4004-5,Quarta Feira,Tradicional,Praça,Ciro Pontes,50,Mooca,03166-030,Mooca,-23.552977,-46.5994422,painel_prefeitura,Mooca
4005-3,Quarta Feira,Tradicional,Rua,Vidal De Negreiros,50,Caninde,03033-050,Mooca,-23.5298979,-46.6249485,painel_prefeitura,Pari
4007-0,Quarta Feira,Tradicional,Rua,Professor Macedo Soares,276,Jardim Da Gloria,04113-090,Vila Mariana,-23.5843661,-46.6245094,painel_prefeitura,Vila Mariana
4008-8,Quarta Feira,Tradicional,Rua,Eca De Queiroz,276,Vila Mariana,04011-031,Vila Mariana,-23.5788727,-46.6437253,painel_prefeitura,Vila Mariana
4009-6,Quarta Feira,Tradicional,Rua,Guinle C/ Frederico V Martius,250,Vila Monumento,01548-010,Ipiranga,-23.5762209,-46.6124651,painel_prefeitura,Ipiranga
4010-0,Quarta Feira,Tradicional,Rua,Madre De Deus,604,Mooca,03119-000,Mooca,-23.5620324,-46.5969303,painel_prefeitura,Mooca
4011-8,Quarta Feira,Tradicional,Rua,Cayowaa,2008,Sumarezinho,01258-011,Lapa,-23.5445505,-46.6881903,painel_prefeitura,Perdizes
4012-6,Quarta Feira,Tradicional,Praça,Roberto Gomes Pedrosa,520,Itaim Bibi,05653-070,Butantã,-23.5982921,-46.7198765,painel_prefeitura,Morumbi
4013-4,Quarta Feira,Tradicional,Rua,Tavares Bastos,901,Vila Pompeia,05012-020,Lapa,-23.5319741,-46.6908797,painel_prefeitura,Perdizes
4015-0,Quarta Feira,Tradicional,Rua,Gabriel Pizza,400,Santana,02036-011,Santana/Tucuruvi,-23.5021967,-46.6222386,painel_prefeitura,Santana
4016-9,Quarta Feira,Tradicional,Rua,Cap Manoel Novaes,100,Jardim São Bento,02017-030,Santana/Tucuruvi,-23.5018059,-46.6385618,painel_prefeitura,Santana
4017-7,Quarta Feira,Tradicional,Rua,Dr Eugenio Fortes Coelho,100,Chora Menino,02462-060,Santana/Tucuruvi,-23.4895106,-46.6419189,painel_prefeitura,Santana
4018-5,Quarta Feira,Tradicional,Rua,Galileia,430,Parque Peruche,02530-000,Casa Verde/Cachoeirinha,-23.5014541,-46.6568757,painel_prefeitura,Casa Verde
4019-3,Quarta Feira,Tradicional,Rua,Antonio Munhos Bonilha,235,Vila Carolina,02725-000,Casa Verde/Cachoeirinha,-23.5018618,-46.6845499,painel_prefeitura,Limao
4020-7,Quarta Feira,Tradicional,Rua,Min Salgado Filho,485,Vila Oratorio,03193-020,Mooca,-23.5731538,-46.5746552,painel_prefeitura,Agua Rasa
4022-3,Quarta Feira,Tradicional,Rua,Sebastiao Barbosa,333,Tatuapé,03334-040,Mooca,-23.5545719,-46.5726238,painel_prefeitura,Agua Rasa
4023-1,Quarta Feira,Tradicional,Rua,Airi,437,Tatuapé,03310-010,Mooca,-23.5428307,-46.567915,painel_prefeitura,Tatuape
4024-0,Quarta Feira,Tradicional,Avenida,Bentevi C Jauaperi,104,Indianopolis,04524-030,Vila Mariana,-23.60763,-46.6686143,painel_prefeitura,Moema
4025-8,Quarta Feira,Tradicional,Rua,Lino Guedes,109,Moinho Velho,04288-120,Ipiranga,-23.6098974,-46.6110252,painel_prefeitura,Cursino
4026-6,Quarta Feira,Tradicional,Rua,Osaka,910,Jardim Japao,02124-041,Vila Maria/Vila Guilherme,-23.5056498,-46.572843399999996,painel_prefeitura,Vila Maria
4027-4,Quarta Feira,Tradicional,Rua,Japaratuba,131,São Joao Climaco,04254-000,Ipiranga,-23.6158723,-46.5950606,painel_prefeitura,Sacoma
4028-2,Quarta Feira,Tradicional,Rua,Sales Junior,500,Alto Da Lapa,05083-070,Lapa,-23.5312698,-46.7178455,painel_prefeitura,Lapa
4029-0,Quarta Feira,Tradicional,Rua,Salvador Sala,425,Piqueri,02914-030,Pirituba/Jaraguá,-23.5034588,-46.710986,painel_prefeitura,Pirituba
4030-4,Quarta Feira,Tradicional,Rua,Iquiririm,496,Vila Indiana,05586-000,Butantã,-23.5731528,-46.7274005,painel_prefeitura,Butanta
4031-2,Quarta Feira,Tradicional,Rua,Moreira De Vasconcelos,200,Vila Maria,02131-090,Vila Maria/Vila Guilherme,-23.5046507,-46.5850925,painel_prefeitura,Vila Maria
4032-0,Quarta Feira,Tradicional,Rua,Tanque Velho,600,Vila GuSantavo,02251-001,Santana/Tucuruvi,-23.4802187,-46.5940265,painel_prefeitura,Tucuruvi
4033-9,Quarta Feira,Tradicional,Rua,Aragao,200,Vila Mazzei,02308-000,Santana/Tucuruvi,-23.4757534,-46.6062852,painel_prefeitura,Tucuruvi
4034-7,Quarta Feira,Tradicional,Avenida,Mariana Caligiuri Ronchetti,237,Vila Continental,02650-000,Casa Verde/Cachoeirinha,-23.4604128,-46.6561855,painel_prefeitura,Cachoeirinha
4035-5,Quarta Feira,Tradicional,Rua,Grumixamas,374,Vila Guarani,04349-000,Jabaquara,-23.6486321,-46.6442497,painel_prefeitura,Jabaquara
4036-3,Quarta Feira,Tradicional,Rua,Cachoeira Do Sul,450,Vila Jaguara,05117-010,Lapa,-23.5144867,-46.7430273,painel_prefeitura,Jaguara
4037-1,Quarta Feira,Tradicional,Rua,Pedro Alegretti,512,Penha,03610-010,Penha,-23.5174651,-46.5403213,painel_prefeitura,Penha
4038-0,Quarta Feira,Tradicional,Rua,Maria Carlota,20,Penha,03647-000,Penha,-23.5216072,-46.5289391,painel_prefeitura,Penha
4039-8,Quarta Feira,Tradicional,Rua,Durvalina,151,Vila Matilde,03511-050,Penha,-23.5358563,-46.528556,painel_prefeitura,Vila Matilde
4040-1,Quarta Feira,Tradicional,Rua,São Valentim,120,Vila Carrao,03445-000,Aricanduva/Formosa/Carrão,-23.5488256,-46.5298335,painel_prefeitura,Carrao
4041-0,Quarta Feira,Tradicional,Rua,Maragojipe,320,Vila Formosa,03412-050,Aricanduva/Formosa/Carrão,-23.558871,-46.5506334,painel_prefeitura,Vila Formosa
4042-8,Quarta Feira,Tradicional,Rua,Boaventura R Da Silva,200,Ponte Raza,03801-120,Ermelino Matarazzo,-23.5057838,-46.4901129,painel_prefeitura,Ermelino Matarazzo
4043-6,Quarta Feira,Tradicional,Rua,Tsutomu Henni,720,Vila Jacui,08060-350,São Miguel,-23.5048524,-46.4541596,painel_prefeitura,Vila Jacui
4044-4,Quarta Feira,Tradicional,Praça,Andes,200,GuaianaSés,08440-180,Guaianases,-23.5374246,-46.4094268,painel_prefeitura,Lajeado
4045-2,Quarta Feira,Tradicional,Rua,Pedro De Godoi,1,Vila Zelina,03138-010,Vila Prudente,-23.5881461,-46.5844084,painel_prefeitura,Vila Prudente
4046-0,Quarta Feira,Tradicional,Alameda,Agostinho Rodrigues Filho,363,Vila Mariana,04026-040,Vila Mariana,-23.600264,-46.647946,painel_prefeitura,Saude
4047-9,Quarta Feira,Tradicional,Rua,Pitinga,396,Vila Bela,03146-030,Vila Prudente,-23.5945635,-46.5758254,painel_prefeitura,Vila Prudente
4048-7,Quarta Feira,Tradicional,Rua,Lauro Muller,12,Vila Hamburguesa,05302-060,Lapa,-23.5295714,-46.7261584,painel_prefeitura,Vila Leopoldina
4049-5,Quarta Feira,Tradicional,Rua,Dr Carlos Bastos Aranha,258,Vila Nilo,02276-000,Jaçanã/Tremembé,-23.4631469,-46.5811288,painel_prefeitura,Jacana
4050-9,Quarta Feira,Tradicional,Rua,Barao De Jaceguai,1768,Santo Amaro,04606-004,Santo Amaro,-23.616324,-46.670883,painel_prefeitura,Campo Belo
4051-7,Quarta Feira,Tradicional,Rua,Paulino Vital De Moraes,50,Capao Redondo,05855-000,Campo Limpo,-23.6600527,-46.7664196,painel_prefeitura,Capao Redondo
4052-5,Quarta Feira,Tradicional,Rua,Alexandre Dumas,1200,Chac Santo Antonio,04717-002,Santo Amaro,-23.6331992,-46.7025017,painel_prefeitura,Santo Amaro
4053-3,Quarta Feira,Tradicional,Rua,Cel Fawcett C/ Evolucao,700,Vila Moraes,04167-030,Ipiranga,-23.6320741,-46.6126512,painel_prefeitura,Cursino
4054-1,Quarta Feira,Tradicional,Rua,Cinco De Julho,250,Vila Nair,04281-000,Ipiranga,-23.6050488,-46.6085737,painel_prefeitura,Ipiranga
4055-0,Quarta Feira,Tradicional,Avenida,Cel Jose Pires De Andrade,600,Vila Vera,04295-001,Ipiranga,-23.6207449,-46.60547,painel_prefeitura,Sacoma
4056-8,Quarta Feira,Tradicional,Rua,Jaguarurama,129,Nossa Sénhora Do O,02964-010,Freguesia/Brasilândia,-23.4862722,-46.7050148,painel_prefeitura,Freguesia do O
4057-6,Quarta Feira,Tradicional,Rua,Diamante Preto,250,Aricanduva,03317-040,Aricanduva/Formosa/Carrão,-23.5407675,-46.5570712,painel_prefeitura,Carrao
4058-4,Quarta Feira,Tradicional,Rua,Cel Esdras De Oliveira,51,Jardim Tremembe,02351-030,Jaçanã/Tremembé,-23.4552948,-46.6018691,painel_prefeitura,Tremembe
4059-2,Quarta Feira,Tradicional,Rua,Petrobras,251,Vila Antonieta,03474-060,Aricanduva/Formosa/Carrão,-23.5704629,-46.5165281,painel_prefeitura,Aricanduva
4060-6,Quarta Feira,Tradicional,Rua,Pascoal Ranieri Mazili,650,Vila Ana Clara,03257-180,Vila Prudente,-23.6097507,-46.5275434,painel_prefeitura,Sao Lucas
4061-4,Quarta Feira,Tradicional,Rua,Spencer Vampre,454,Vila Rica,02860-030,Freguesia/Brasilândia,-23.4687934,-46.6743568,painel_prefeitura,Brasilandia
4062-2,Quarta Feira,Tradicional,Rua,Ana De Barros,100,Santa Ines,02423-020,Santana/Tucuruvi,-23.4689652,-46.6315576,painel_prefeitura,Mandaqui
4063-0,Quarta Feira,Tradicional,Rua,Eng Trindade,20,Penha,03703-130,Penha,-23.5117948,-46.551163,painel_prefeitura,Penha
4064-9,Quarta Feira,Tradicional,Rua,Pde Pedro Magnoni,511,Vila Ema,03286-070,Vila Prudente,-23.5917042,-46.5357138,painel_prefeitura,Sao Lucas
4065-7,Quarta Feira,Tradicional,Rua,Benedito Leal,334,Artur Alvim,03567-060,Penha,-23.5386342,-46.488384,painel_prefeitura,Artur Alvim
4066-5,Quarta Feira,Tradicional,Rua,Pedro Marigliani,10,Chac Inglesa,05141-010,Pirituba/Jaraguá,-23.4943298,-46.7306451,painel_prefeitura,Pirituba
4067-3,Quarta Feira,Tradicional,Rua,Antenor Navarro,420,Jardim Brásil,02224-100,Vila Maria/Vila Guilherme,-23.484813,-46.5744462,painel_prefeitura,Vila Medeiros
4068-1,Quarta Feira,Tradicional,Rua,Santa Rosa De Lima,310,Parque PauliSantano,08080-000,São Miguel,-23.4840757,-46.4297038,painel_prefeitura,Jardim Helena
4069-0,Quarta Feira,Tradicional,Rua,Luminarias,100,Jardim Das Bandeiras,05439-000,Pinheiros,-23.5480859,-46.6884679,painel_prefeitura,Pinheiros
4070-3,Quarta Feira,Tradicional,Rua,Ivan Maia Vasconcelos,183,Jardim Triana,03552-130,Penha,-23.5366778,-46.5060667,painel_prefeitura,Vila Matilde
4071-1,Quarta Feira,Tradicional,Rua,Domiziano Rossi,50,São Mateus,03966-030,São Mateus,-23.5975654,-46.4794038,painel_prefeitura,Sao Mateus
4072-0,Quarta Feira,Tradicional,Avenida,Mons Agnelo,305,Vila Progresso,08240-670,São Miguel,-23.5189949,-46.4356336,painel_prefeitura,Sao Miguel
4074-6,Quarta Feira,Tradicional,Rua,Pde Artur Somensi,48,Vila Beatriz,05443-030,Pinheiros,-23.5532593,-46.6972697,painel_prefeitura,Alto de Pinheiros
4075-4,Quarta Feira,Tradicional,Rua,Montreal,26,Parque São Luis,02832-050,Freguesia/Brasilândia,-23.4810358,-46.6942732,painel_prefeitura,Freguesia do O
4076-2,Quarta Feira,Tradicional,Avenida,Batista Maciel,313,Jardim Ubirajara,04459-110,Cidade Ademar,-23.6919889,-46.6698741,painel_prefeitura,Pedreira
4077-0,Quarta Feira,Tradicional,Rua,Jose Bonifacio Filho,100,Cid Dutra,04813-060,Capela do Socorro,-23.7185642,-46.6890545,painel_prefeitura,Cidade Dutra
4078-9,Quarta Feira,Tradicional,Rua,Visconde De Sta Isabel,120,Cid Ademar,04385-090,Cidade Ademar,-23.6632866,-46.6583442,painel_prefeitura,Cidade Ademar
4079-7,Quarta Feira,Tradicional,Rua,Pensylvania,610,Cid Moncoes,04564-002,Pinheiros,-23.6127515,-46.6848935,painel_prefeitura,Itaim Bibi
4080-0,Quarta Feira,Tradicional,Rua,Bras De Abreu,32,Jardim Miriam,04419-090,Cidade Ademar,-23.679456,-46.640462,painel_prefeitura,Cidade Ademar
4081-9,Quarta Feira,Tradicional,Rua,Arraial Dos Couros,19,Jardim São Luiz,05843-200,M'Boi Mirim,-23.6527633,-46.7379012,painel_prefeitura,Jardim Sao Luis
4083-5,Quarta Feira,Tradicional,Rua,Cristovao Pereira,1650,Campo Belo,04620-012,Santo Amaro,-23.6250661,-46.6685949,painel_prefeitura,Campo Belo
4084-3,Quarta Feira,Tradicional,Rua,Hileia Amazonica,420,Jardim Guairaca,03245-000,Sapopemba,-23.6040438,-46.5382292,painel_prefeitura,Sao Lucas
4085-1,Quarta Feira,Tradicional,Rua,Amoipira,50,Vila Isa,04689-070,Santo Amaro,-23.6685098,-46.6898717,painel_prefeitura,Campo Grande
4086-0,Quarta Feira,Tradicional,Rua,Thereza Maia Pinto,5,Vila Prell,05780-390,Campo Limpo,-23.6484859,-46.7539579,painel_prefeitura,Jardim Sao Luis
4087-8,Quarta Feira,Tradicional,Rua,Pde Marcigaglia,50,Jardim Regina,05174-100,Pirituba/Jaraguá,-23.4745267,-46.7418342,painel_prefeitura,Pirituba
4089-4,Quarta Feira,Tradicional,Rua,Jorge Word,49,Vila Dalva,05386-160,Butantã,-23.5676996,-46.759763,painel_prefeitura,Rio Pequeno
4090-8,Quarta Feira,Tradicional,Praça,Jose Schunch,529,Vila São JoSé,04835-080,Capela do Socorro,-23.7391039,-46.7064587,painel_prefeitura,Cidade Dutra
4092-4,Quarta Feira,Tradicional,Rua,Jose Antonio Valadares,476,Jardim Lear,04185-020,Ipiranga,-23.6457168,-46.5907768,painel_prefeitura,Sacoma
4093-2,Quarta Feira,Tradicional,Rua,Pires Caleiro,50,Jardim Vera Cruz,08330-050,São Mateus,-23.6147112,-46.4719234,painel_prefeitura,Sao Rafael
4094-0,Quarta Feira,Tradicional,Rua,Antonio Sebastiao Sobrinho,480,Parque Pan Americano,02992-110,Pirituba/Jaraguá,-23.4460835,-46.7296027,painel_prefeitura,Jaragua
4095-9,Quarta Feira,Tradicional,Avenida,Danton Jobim,1141,Vila Friburgo,04782-001,Capela do Socorro,-23.6913885,-46.7026476,painel_prefeitura,Socorro
4096-7,Quarta Feira,Tradicional,Rua,Edward Carmillo,1000,Jardim Celeste,05528-001,Butantã,-23.5973822,-46.7555817,painel_prefeitura,Vila Sonia
4097-5,Quarta Feira,Tradicional,Rua,Salomao Waimberg,145,Jardim Bonfiglioli,05628-030,Butantã,-23.5984457,-46.7327214,painel_prefeitura,Vila Sonia
4098-3,Quarta Feira,Tradicional,Rua,Bento Do Amaral Da Silva,15,Parque São Rafael,08320-210,São Mateus,-23.6273263,-46.4726092,painel_prefeitura,Sao Rafael
4100-9,Quarta Feira,Tradicional,Rua,Major Freire,565,Jabaquara,04304-110,Vila Mariana,-23.6278014,-46.6355759,painel_prefeitura,Saude
4101-7,Quarta Feira,Tradicional,Rua,Maria Do Carmo Sene,128,Vila Pauliceia,02301-110,Santana/Tucuruvi,-23.4885418,-46.61251,painel_prefeitura,Santana
4103-3,Quarta Feira,Tradicional,Rua,Agostinho Paiva,230,Jardim Macedonia,05894-230,Campo Limpo,-23.6518801,-46.7901451,painel_prefeitura,Capao Redondo
4105-0,Quarta Feira,Tradicional,Rua,Flor De Santa Cruz,55,Vila Verde,08230-450,Itaquera,-23.5188733,-46.4494674,painel_prefeitura,Itaquera
4106-8,Quarta Feira,Tradicional,Rua,Diogo Goncalves Laco,10,Jardim Romano,08191-000,São Miguel,-23.484269,-46.384863,painel_prefeitura,Jardim Helena
4107-6,Quarta Feira,Tradicional,Avenida,Jose Borges Do Canto,8,Jardim Camargo Velho,08142-010,Itaim Paulista,-23.50683,-46.3922249,painel_prefeitura,Itaim Paulista
4109-2,Quarta Feira,Tradicional,Avenida,Dos Pequis,321,Jardim Vila Formosa,03470-050,Aricanduva/Formosa/Carrão,-23.5689735,-46.5227657,painel_prefeitura,Aricanduva
4110-6,Quarta Feira,Tradicional,Rua,Ernesto Giuliano,50,Vila São Carlos,03159-090,Mooca,-23.5783232,-46.5687093,painel_prefeitura,Agua Rasa
4111-4,Quarta Feira,Tradicional,Rua,São Jose Do Rio Preto,10,Grajau,04840-460,Capela do Socorro,-23.7528505,-46.682999,painel_prefeitura,Grajau
4113-0,Quarta Feira,Tradicional,Rua,Madre Luisa Dos Anjos,25,Vila Nhocune,03560-010,Penha,-23.5462945,-46.5002476,painel_prefeitura,Artur Alvim
4117-3,Quarta Feira,Tradicional,Rua,Uacuma,58,Jardim Arizi,03575-000,Itaquera,-23.5576783,-46.509684,painel_prefeitura,Cidade Lider
4119-0,Quarta Feira,Tradicional,Rua,Ernesto Dos Santos,100,Jardim Independencia,03225-000,Vila Prudente,-23.5836638,-46.5596257,painel_prefeitura,Sao Lucas
4120-3,Quarta Feira,Tradicional,Rua,Virginia Ferni,50,Cohab Ii,08253-000,Itaquera,-23.5489198,-46.43677,painel_prefeitura,Jose Bonifacio
4122-0,Quarta Feira,Tradicional,Avenida,Engenho Novo,10,Jardim Tiete,03943-020,São Mateus,-23.597463,-46.4949187,painel_prefeitura,Sao Mateus
4123-8,Quarta Feira,Tradicional,Rua,Walter Rummel,1,Sapopemba,03928-110,Sapopemba,-23.606528,-46.501543,painel_prefeitura,Sapopemba
4124-6,Quarta Feira,Tradicional,Rua,Vasco Balboa,10,Jardim Ipanema,05187-000,Pirituba/Jaraguá,-23.4460211,-46.7482098,painel_prefeitura,Jaragua
4125-4,Quarta Feira,Tradicional,Rua,Ribeirao Do Salto,100,Lausane PauliSanta,02473-020,Santana/Tucuruvi,-23.4787821,-46.6517801,painel_prefeitura,Cachoeirinha
4128-9,Quarta Feira,Tradicional,Rua,Goncalves De Barros,50,Jardim Pirituba,02943-000,Pirituba/Jaraguá,-23.4776095,-46.7269244,painel_prefeitura,Pirituba
4132-7,Quarta Feira,Tradicional,Avenida,Luis Jose Costa (Leandro),50,Cid Tiradentes Cohab,08471-200,Cidade Tiradentes,-23.6014459,-46.4009918,painel_prefeitura,Cidade Tiradentes
4133-5,Quarta Feira,Tradicional,Praça,Antonio Jose De Araujo,60,Palmas Do Tremembe,02344-090,Santana/Tucuruvi,-23.4686714,-46.6090109,painel_prefeitura,Tucuruvi
4134-3,Quarta Feira,Tradicional,Rua,Henry Lacordaire,100,Jardim Santa Francisca,04844-660,Capela do Socorro,-23.7587455,-46.7067687,painel_prefeitura,Grajau
4135-1,Quarta Feira,Tradicional,Rua,Pandia Calogeras,37,Liberdade,01525-020,Sé,-23.5641773,-46.6346077,painel_prefeitura,Liberdade
4136-0,Quarta Feira,Tradicional,Rua,Jose Greef Borba,8,Jardim Nazare,08150-130,Itaim Paulista,-23.51577,-46.4142782,painel_prefeitura,Vila Curuca
4138-6,Quarta Feira,Tradicional,Rua,Rubens De Oliveira,1000,Cocaia,04849-210,Capela do Socorro,-23.7340217,-46.6687363,painel_prefeitura,Grajau
4140-8,Quarta Feira,Tradicional,Rua,Alberto Borges Soveral,20,Parque Novo Santo Amaro,05875-210,M'Boi Mirim,-23.6931259,-46.7825817,painel_prefeitura,Jardim Angela
4153-0,Quarta Feira,Tradicional,Praça,Dona Mariquinha Sciascia,0,Tremembe,02372-050,Jaçanã/Tremembé,-23.4599079,-46.6241774,painel_prefeitura,Tremembe
4154-8,Quarta Feira,Tradicional,Rua,Caramuru,600,Bosque Da Saude,04138-002,Vila Mariana,-23.609405,-46.637122,painel_prefeitura,Saude
4155-6,Quarta Feira,Tradicional,Avenida,Eng Armando De Arruda Pereira,3248,Jabaquara,04325-000,Jabaquara,-23.6542833,-46.6379431,painel_prefeitura,Jabaquara
4156-4,Quarta Feira,Tradicional,Rua,Fernao Cardim,100,Cerqueira Cesar,01403-020,Pinheiros,-23.5694806,-46.6521627,painel_prefeitura,Jardim Paulista
4158-0,Quarta Feira,Tradicional,Avenida,Utaro Kanai C/ Festa Chinesa,546,Jardim São Paulo,08465-000,Guaianases,-23.5656289,-46.3958944,painel_prefeitura,Guaianases
4160-2,Quarta Feira,Tradicional,Rua,Diogo Jose Machado,20,Jardim Itapemirim,08220-690,Itaquera,-23.5356115,-46.4566568,painel_prefeitura,Itaquera
4161-0,Quarta Feira,Tradicional,Rua,Candido De Godoi,20,Vila Brásil,08210-770,Itaquera,-23.5288437,-46.4442564,painel_prefeitura,Itaquera
4162-9,Quarta Feira,Tradicional,Rua,Phobus,50,Jardim Santa Barbara,08340-130,São Mateus,-23.6081295,-46.4654142,painel_prefeitura,Sao Mateus
4163-7,Quarta Feira,Tradicional,Rua,Moises De Corena,940,Cid Tiradentes,08475-170,Cidade Tiradentes,-23.59027,-46.39857,painel_prefeitura,Cidade Tiradentes
4165-3,Quarta Feira,Tradicional,Avenida,Itaim,180,Vila Itaim,08110-840,Itaim Paulista,-23.49248,-46.39056,painel_prefeitura,Itaim Paulista
4166-1,Quarta Feira,Tradicional,Rua,Jeronimo De Barros,15,Cid Lider,08280-180,Itaquera,-23.558028,-46.4759591,painel_prefeitura,Cidade Lider
4168-8,Quarta Feira,Tradicional,Rua,Guabiroba De Minas,26,Jardim Gianetti,08032-560,Itaim Paulista,-23.5225569,-46.4303075,painel_prefeitura,Vila Curuca
4172-6,Quarta Feira,Noturna,Rua,São Goncalo Do Rio Das Pedras,200,Vila Mara,08081-000,São Miguel,-23.4837788,-46.4213747,painel_prefeitura,Jardim Helena
4175-0,Quarta Feira,Orgânica,Avenida,Jose Maria Whitaker,1681,Planalto PauliSanta,04057-000,Vila Mariana,-23.6150371,-46.6435656,painel_prefeitura,Saude
4176-9,Quarta Feira,Tradicional,Praça,Liberdade,5145,Liberdade,01502-001,Sé,-23.5549387,-46.6355915,painel_prefeitura,Se
4181-5,Quarta Feira,Tradicional,Rua,Inacio Moreira,100,Jardim Soares,08460-300,Guaianases,-23.5519675,-46.4011262,painel_prefeitura,Guaianases
4184-0,Quarta Feira,Tradicional,Rua,Dos Guarinos,100,Vila Elisa,02219-160,Vila Maria/Vila Guilherme,-23.4962026,-46.5906736,painel_prefeitura,Vila Medeiros
4186-6,Quarta Feira,Tradicional,Avenida,Elisio Cordeiro De Siqueira,30,Jaridm,05136-000,Pirituba/Jaraguá,-23.5066857,-46.7473848,painel_prefeitura,Sao Domingos
4188-2,Quarta Feira,Tradicional,Rua,Maria Da Costa Bezerra,30,Parelheiros,04850-050,Parelheiros,-23.7941043,-46.7346927,painel_prefeitura,Parelheiros
4189-0,Quarta Feira,Tradicional,Rua,Antonio Gandine,100,Itaquera,08215-290,Itaquera,-23.5415182,-46.4458325,painel_prefeitura,Itaquera
4194-7,Quarta Feira,Tradicional,Praça,Benito Nicoletti,253,Parque Souza Aranha,02517-010,Casa Verde/Cachoeirinha,-23.5075477,-46.6645013,painel_prefeitura,Casa Verde
4198-0,Quarta Feira,Tradicional,Rua,Benedito Galvao,S/N,Vila Carrao,03433-030,Aricanduva/Formosa/Carrão,-23.5600162,-46.5380997,painel_prefeitura,Carrao
4202-1,Quarta Feira,Tradicional,Rua,Ingai,50,Vila Prudente,03132-080,Vila Prudente,-23.5819938,-46.5848599,painel_prefeitura,Vila Prudente
4219-6,Quarta Feira,Tradicional,Praça,Floriano Peixoto,100,Santo Amaro,04750-000,Santo Amaro,-23.6515347,-46.7073477,painel_prefeitura,Santo Amaro
4244-7,Quarta Feira,Tradicional,Rua,Daniel Bernardo,10,Vila Americana,08010-100,São Miguel,-23.4935845,-46.4419626,painel_prefeitura,Sao Miguel
4264-1,Quarta Feira,Tradicional,Rua,Professor Abrahao Berezin,410,Barra Funda,01156-060,Lapa,-23.525882,-46.670498,painel_prefeitura,Barra Funda
4306-0,Quarta Feira,Tradicional,Rua,Forte William,3,Vila Andrade,05704-110,Campo Limpo,-23.6297835,-46.7200732,painel_prefeitura,Vila Andrade
4380-0,Quarta Feira,Noturna,Rua,Paulo Marques,10,Vila Vidal,03616-210,Penha,-23.5147373,-46.5265628,painel_prefeitura,Penha
4386-9,Quarta Feira,Tradicional,Travessa,São Gabriel Da Cachoeira,386,Jardim Iris,05144-085,Pirituba/Jaraguá,-23.5003966,-46.7192759,painel_prefeitura,Pirituba
4390-7,Quarta Feira,Tradicional,Rua,Andrea Feliciani,10,Artur Alvim,03591-020,Penha,-23.550586,-46.4806019,painel_prefeitura,Artur Alvim
4400-8,Quarta Feira,Tradicional,Rua,Adutora Do Rio Claro,15,Vila Regente Feijo,03924-300,Sapopemba,-23.57352,-46.5662588,painel_prefeitura,Agua Rasa
4401-6,Quarta Feira,Noturna,Rua,Augustin Luberti,100,Fazenda Juta,03977-409,Sapopemba,-23.6175699,-46.4880939,painel_prefeitura,Sapopemba
4402-4,Quarta Feira,Tradicional,Rua,Quebedo E Vasconcelos,S/N,São Mateus,03952-040,São Mateus,-23.590164,-46.4830463,painel_prefeitura,Sao Mateus
4415-6,Quarta Feira,Tradicional,Rua,Enxovia,454,Santo Amaro,04711-030,Santo Amaro,-23.6278558,-46.7002561,painel_prefeitura,Santo Amaro
4421-0,Quarta Feira,Noturna,Avenida,Eng Caetano Alvares,6550,Imirim,02413-200,Santana/Tucuruvi,-23.4795526,-46.6281329,painel_prefeitura,Mandaqui
4438-5,Quarta Feira,Noturna,Praça,Aleixo Monteiro Mafra,20,São Miguel,08011-010,São Miguel,-23.4922375,-46.4455287,painel_prefeitura,Sao Miguel
4494-6,Quarta Feira,Tradicional,Rua,Preta,1320,Jardim Iris,05092-040,Pirituba/Jaraguá,-23.5034642,-46.7153691,painel_prefeitura,Pirituba
4724-4,Quarta Feira,Tradicional,Rua,Musica Aquatica,40,Jardim Duprat,05853-360,M'Boi Mirim,-23.6595158002,-46.75017975,painel_prefeitura,Jardim Sao Luis
4760-0,Quarta Feira,Tradicional,Rua,Desem Fausto Whitaker M Alvim,7,Itaim PauliSanta,08130-350,Itaim Paulista,-23.5031184,-46.3659945,painel_prefeitura,Itaim Paulista
4780-5,Quarta Feira,Tradicional,Rua,Jusseape,0,Itaim Bibi,04542-110,Pinheiros,-23.58783846,-46.68419636,painel_prefeitura,Itaim Bibi
4797-0,Quarta Feira,Tradicional,Rua,Quirino Dos Santos,362,Barra Funda,01141-020,Lapa,-23.521815,-46.6643253,painel_prefeitura,Barra Funda
4851-8,Quarta Feira,Tradicional,Praça,Gal Gentil Falcao,0,Cidade Moncoes,04571-150,Pinheiros,-23.6054062,-46.6931296,painel_prefeitura,Itaim Bibi
4904-2,Quarta Feira,Noturna,Rua,Centralina,123,GuaianaSés,08410-100,Guaianases,-23.5437068,-46.4158717,painel_prefeitura,Guaianases
4935-2,Quarta Feira,Tradicional,Rua,Manuel Borba,189,Santo Amaro,04743-010,Santo Amaro,-23.653242,-46.7047146,painel_prefeitura,Santo Amaro
5000-8,Quinta Feira,Noturna,Rua,Francisco Lema,50,Jardim Apura,04257-000,Ipiranga,-23.631454,-46.593494,painel_prefeitura,Sacoma
5001-6,Quinta Feira,Tradicional,Rua,Itarare,295,Bela ViSanta,01308-030,Sé,-23.5554294,-46.6549559,painel_prefeitura,Bela Vista
5002-4,Quinta Feira,Tradicional,Rua,Tapes,680,Jardim Aeroporto,04631-011,Santo Amaro,-23.6329183,-46.6623831,painel_prefeitura,Campo Belo
5003-2,Quinta Feira,Tradicional,Rua,Antonio Coruja,67,Bom Retiro,01126-030,Sé,-23.5272251,-46.6374063,painel_prefeitura,Bom Retiro
5004-0,Quinta Feira,Tradicional,Rua,Teodoreto Souto,957,Cambuci,01539-000,Sé,-23.5732305,-46.6213201,painel_prefeitura,Cambuci
5005-9,Quinta Feira,Tradicional,Rua,Barao De Capanema,100,Jardim America,01411-010,Pinheiros,-23.5686802,-46.6641898,painel_prefeitura,Jardim Paulista
5006-7,Quinta Feira,Tradicional,Rua,Silva Teles,1528,Belenzinho,03026-000,Mooca,-23.5262768,-46.6061797,painel_prefeitura,Belem
5007-5,Quinta Feira,Tradicional,Rua,Irma Carolina,50,Belenzinho,03058-040,Mooca,-23.5395464,-46.5888902,painel_prefeitura,Belem
5008-3,Quinta Feira,Tradicional,Rua,Prof Machado Tolosa,90,Belenzinho,03171-030,Mooca,-23.5489474,-46.5921723,painel_prefeitura,Mooca
5009-1,Quinta Feira,Tradicional,Praça,Charles Muller,0,Pacaembu,01234-010,Sé,-23.54467,-46.6650304,painel_prefeitura,Consolacao
5010-5,Quinta Feira,Tradicional,Rua,Aimbere C Caiubi,501,Perdizes,05018-010,Lapa,-23.5397561,-46.6729953,painel_prefeitura,Perdizes
5011-3,Quinta Feira,Tradicional,Rua,Dr Mario Vicente,1199,Ipiranga,04270-002,Ipiranga,-23.59416,-46.6128238,painel_prefeitura,Ipiranga
5012-1,Quinta Feira,Tradicional,Rua,Cel Lisboa C/ Estado De Israel,60,Planalto PauliSanta,04020-040,Vila Mariana,-23.5945937,-46.6402623,painel_prefeitura,Vila Mariana
5013-0,Quinta Feira,Tradicional,Rua,Lino Coutinho,1000,Sacoma,04207-001,Ipiranga,-23.5922044,-46.6025216,painel_prefeitura,Ipiranga
5014-8,Quinta Feira,Tradicional,Rua,Antonio Bicudo,50,Cerqueira Cesar,05418-010,Pinheiros,-23.567094,-46.687634,painel_prefeitura,Pinheiros
5015-6,Quinta Feira,Tradicional,Rua,Florianopolis,50,Alto Da Mooca,03185-050,Mooca,-23.5606016,-46.5842008,painel_prefeitura,Agua Rasa
5016-4,Quinta Feira,Tradicional,Rua,Domingos Da Fonseca,321,Vila Prudente,03125-040,Mooca,-23.5759519,-46.588948,painel_prefeitura,Mooca
5017-2,Quinta Feira,Tradicional,Rua,Visconde De Itaboray,250,Tatuapé,03308-050,Mooca,-23.5421925,-46.5730745,painel_prefeitura,Tatuape
5018-0,Quinta Feira,Tradicional,Rua,Silva Coutinho,50,Vila Prudente,03192-070,Mooca,-23.5713414,-46.5809954,painel_prefeitura,Agua Rasa
5020-2,Quinta Feira,Tradicional,Rua,Campante,1000,Vila Carioca,04224-010,Ipiranga,-23.6010922,-46.5899093,painel_prefeitura,Ipiranga
5022-9,Quinta Feira,Tradicional,Praça,Bras Goncalves,100,Jardim Da Saude,04148-040,Ipiranga,-23.6136238,-46.6189488,painel_prefeitura,Cursino
5023-7,Quinta Feira,Tradicional,Rua,Guaracininga,200,Vila Guilherme,02069-020,Vila Maria/Vila Guilherme,-23.505937,-46.6136391,painel_prefeitura,Vila Guilherme
5024-5,Quinta Feira,Tradicional,Rua,Catapara,87,Vila Guilherme,02073-010,Vila Maria/Vila Guilherme,-23.5006399,-46.6080836,painel_prefeitura,Vila Guilherme
5025-3,Quinta Feira,Tradicional,Rua,Silveira Rodrigues C/ Mario,35,Vila Romana,05048-070,Lapa,-23.531672,-46.6945292,painel_prefeitura,Lapa
5026-1,Quinta Feira,Tradicional,Rua,Antonio Pereira De Souza,100,Santana,02404-060,Santana/Tucuruvi,-23.4902538,-46.627181,painel_prefeitura,Santana
5027-0,Quinta Feira,Tradicional,Rua,Madalena Madureira,54,Casa Verde,02551-040,Casa Verde/Cachoeirinha,-23.5040111,-46.6684777,painel_prefeitura,Limao
5028-8,Quinta Feira,Tradicional,Rua,Agostinho Cantu C/ Romao Gomes,1,Butantã,05501-010,Butantã,-23.569156,-46.7052837,painel_prefeitura,Butanta
5029-6,Quinta Feira,Tradicional,Rua,Platina,10,Tatuapé,03308-010,Mooca,-23.539019,-46.5609003,painel_prefeitura,Tatuape
5030-0,Quinta Feira,Tradicional,Rua,Dom Joao V C Sacadura Cabral,85,Alto Da Lapa,05075-060,Lapa,-23.5213879,-46.7103643,painel_prefeitura,Lapa
5031-8,Quinta Feira,Tradicional,Avenida,Ceci,1828,Planalto PauliSanta,04065-003,Vila Mariana,-23.6252263,-46.6479738,painel_prefeitura,Saude
5032-6,Quinta Feira,Tradicional,Rua,Alvaro Gomes,100,Santana,02421-010,Santana/Tucuruvi,-23.4750814,-46.6324901,painel_prefeitura,Mandaqui
5033-4,Quinta Feira,Tradicional,Rua,Dentista Barreto,120,Vila Carrao,03420-000,Aricanduva/Formosa/Carrão,-23.542208,-46.5415364,painel_prefeitura,Carrao
5034-2,Quinta Feira,Tradicional,Rua,Piramboia,450,Vila Santa Izabel,03425-030,Aricanduva/Formosa/Carrão,-23.5536263,-46.539732,painel_prefeitura,Carrao
5035-0,Quinta Feira,Tradicional,Rua,Dr Jose Cassio Soares,100,Parque São Lucas,03240-020,Vila Prudente,-23.5970175,-46.5459473,painel_prefeitura,Sao Lucas
5036-9,Quinta Feira,Tradicional,Rua,Alianca Liberal,500,Vila Leopoldina,05088-020,Lapa,-23.5222522,-46.7266095,painel_prefeitura,Vila Leopoldina
5037-7,Quinta Feira,Tradicional,Rua,Augusto Gil,207,Vila Nova Cachoeirinha,02670-070,Casa Verde/Cachoeirinha,-23.465947,-46.6658238,painel_prefeitura,Cachoeirinha
5038-5,Quinta Feira,Tradicional,Rua,Columbia,100,Vila Brásilandia,02844-040,Freguesia/Brasilândia,-23.4729938,-46.6893505,painel_prefeitura,Brasilandia
5039-3,Quinta Feira,Tradicional,Avenida,Miguel De Castro,1023,Vila Zatt,02950-000,Pirituba/Jaraguá,-23.4774894,-46.7191725,painel_prefeitura,Pirituba
5040-7,Quinta Feira,Tradicional,Rua,Liliental,734,Tucuruvi,02231-000,Jaçanã/Tremembé,-23.4749668,-46.5655454,painel_prefeitura,Jacana
5041-5,Quinta Feira,Tradicional,Rua,Dr Augusto S Lopes,200,Eng Goulart,03725-080,Penha,-23.4987783,-46.5160603,painel_prefeitura,Cangaiba
5042-3,Quinta Feira,Tradicional,Rua,Franklin Magalhaes,289,Santa Catarina,04374-000,Jabaquara,-23.6507916,-46.6549132,painel_prefeitura,Jabaquara
5043-1,Quinta Feira,Tradicional,Rua,Vitoria Simionato,58,Ermelino Matarazzo,03808-170,Ermelino Matarazzo,-23.4945604,-46.4779922,painel_prefeitura,Ermelino Matarazzo
5044-0,Quinta Feira,Tradicional,Avenida,Maraial,323,Jardim Nordeste,03691-010,Penha,-23.5349096,-46.4851906,painel_prefeitura,Artur Alvim
5045-8,Quinta Feira,Tradicional,Rua,Bento Vieira Castro,344,Itaquera,08240-150,Itaquera,-23.5291607,-46.4523751,painel_prefeitura,Itaquera
5046-6,Quinta Feira,Tradicional,Rua,Vereda Do Paraiso,18,Itaim PauliSanta,08110-300,Itaim Paulista,-23.4991895,-46.4058618,painel_prefeitura,Itaim Paulista
5047-4,Quinta Feira,Tradicional,Avenida,Alberto Byington,500,Vila Maria,02127-000,Vila Maria/Vila Guilherme,-23.508102,-46.5863742,painel_prefeitura,Vila Maria
5048-2,Quinta Feira,Tradicional,Rua,Manoel Gaya,26,Vila Mazzei,02313-000,Jaçanã/Tremembé,-23.467965,-46.5935799,painel_prefeitura,Jacana
5049-0,Quinta Feira,Tradicional,Avenida,Mata Machado,50,Vila Califórnia,03215-000,Vila Prudente,-23.6052484,-46.5589534,painel_prefeitura,Vila Prudente
5050-4,Quinta Feira,Tradicional,Rua,Moinho Velho,135,Vila Nigri,02832-080,Freguesia/Brasilândia,-23.4960178,-46.7071569,painel_prefeitura,Freguesia do O
5052-0,Quinta Feira,Tradicional,Rua,Joao Cachoeira C/ Dr F Haidar,1600,Vila Olimpia,04535-008,Pinheiros,-23.5947499,-46.6745955,painel_prefeitura,Itaim Bibi
5053-9,Quinta Feira,Tradicional,Rua,Elias De Souza Pinto,37,Vila Albertina,02357-060,Jaçanã/Tremembé,-23.4487241,-46.6127344,painel_prefeitura,Tremembe
5054-7,Quinta Feira,Tradicional,Rua,Andre Natale,98,Jardim Popular,03670-020,Ermelino Matarazzo,-23.5163048,-46.5068881,painel_prefeitura,Ponte Rasa
5055-5,Quinta Feira,Tradicional,Rua,Sandoval Ferreira Cabral,50,Vila Jaguara,05135-330,Pirituba/Jaraguá,-23.4990113,-46.7490856,painel_prefeitura,Sao Domingos
5056-3,Quinta Feira,Tradicional,Rua,Solidonio Leite,50,Vila Diva,03275-000,Sapopemba,-23.5778802,-46.5570412,painel_prefeitura,Sao Lucas
5057-1,Quinta Feira,Tradicional,Rua,Eugenio De Medeiros,200,Pinheiros,05425-010,Pinheiros,-23.5694872,-46.7001386,painel_prefeitura,Pinheiros
5058-0,Quinta Feira,Tradicional,Avenida,Ouro Verde De Minas,100,Vila Iv Centenario,03937-090,São Mateus,-23.5887237,-46.5015583,painel_prefeitura,Sao Mateus
5059-8,Quinta Feira,Tradicional,Rua,Conde De Porto Alegre,100,Campo Belo,04606-000,Santo Amaro,-23.6297243,-46.6802964,painel_prefeitura,Campo Belo
5060-1,Quinta Feira,Tradicional,Rua,Realengo,132,Vila Ida,05451-030,Pinheiros,-23.5433034,-46.703362,painel_prefeitura,Alto de Pinheiros
5061-0,Quinta Feira,Tradicional,Rua,Sold Jose Vicente De Paula,200,Vila Maria,02180-020,Vila Maria/Vila Guilherme,-23.5207632,-46.5663966,painel_prefeitura,Vila Maria
5062-8,Quinta Feira,Tradicional,Rua,Luiz Carlos Facchini,50,Vila Facchini,04324-160,Jabaquara,-23.6567665,-46.6366902,painel_prefeitura,Jabaquara
5063-6,Quinta Feira,Tradicional,Rua,Gal Porfirio Da Paz,371,Jardim Grimaldi,03918-000,Sapopemba,-23.5959765,-46.5140245,painel_prefeitura,Sapopemba
5064-4,Quinta Feira,Tradicional,Rua,Dos Andradas,335,Santa Efigenia,01208-001,Sé,-23.5377545,-46.6385519,painel_prefeitura,Republica
5065-2,Quinta Feira,Tradicional,Praça,Dr Curado Fleury,20,Jardim Maria Estela,04180-000,Ipiranga,-23.637613,-46.5949373,painel_prefeitura,Sacoma
5066-0,Quinta Feira,Tradicional,Rua,Fragata Da Constituicao,1,Parada De Taipas,02986-080,Pirituba/Jaraguá,-23.4327367,-46.7122185,painel_prefeitura,Jaragua
5067-9,Quinta Feira,Tradicional,Rua,Jose Cocciuffo,100,Alto Do Ipiranga,04121-120,Ipiranga,-23.6021281,-46.6164002,painel_prefeitura,Cursino
5068-7,Quinta Feira,Tradicional,Avenida,Araicas,254,Jaguare,05343-010,Lapa,-23.5533835,-46.7501064,painel_prefeitura,Jaguare
5069-5,Quinta Feira,Tradicional,Rua,Martinho Vaz De Barros,5,Campo Limpo,05786-150,Campo Limpo,-23.6337486,-46.772289,painel_prefeitura,Campo Limpo
5070-9,Quinta Feira,Tradicional,Rua,São Guilherme,7377,Cid Dutra,04806-040,Capela do Socorro,-23.7091574,-46.7020309,painel_prefeitura,Cidade Dutra
5071-7,Quinta Feira,Tradicional,Avenida,Invernada,351,Congonhas,04612-060,Santo Amaro,-23.6250476,-46.6632858,painel_prefeitura,Campo Belo
5073-3,Quinta Feira,Tradicional,Rua,Dr Renato Bueno Neto,5,Jardim Catanduva,05767-350,Campo Limpo,-23.6374849,-46.7608953,painel_prefeitura,Campo Limpo
5074-1,Quinta Feira,Tradicional,Rua,Da Paz,1600,Chac Santo Antonio,04713-002,Santo Amaro,-23.6283989,-46.7033948,painel_prefeitura,Santo Amaro
5075-0,Quinta Feira,Tradicional,Avenida,Augusto De Castro,32,Pedreira,04466-090,Cidade Ademar,-23.6922796,-46.6602627,painel_prefeitura,Pedreira
5077-6,Quinta Feira,Tradicional,Rua,Joao Gomes Batista,420,Jardim Cidalia,04652-160,Cidade Ademar,-23.6599479,-46.6681698,painel_prefeitura,Cidade Ademar
5078-4,Quinta Feira,Tradicional,Avenida,Celso Dos Santos,90,Santo Amaro,04658-240,Cidade Ademar,-23.6645596,-46.6707102,painel_prefeitura,Cidade Ademar
5079-2,Quinta Feira,Tradicional,Rua,Tte Godofredo Cerqueira Leite,213,Jardim Sapopemba,03977-000,Sapopemba,-23.6161996,-46.4978539,painel_prefeitura,Sapopemba
5080-6,Quinta Feira,Tradicional,Avenida,Moacir Dantas Itapicuru,135,Cid Nova S Miguel,08042-290,São Miguel,-23.5118143,-46.4339564,painel_prefeitura,Sao Miguel
5081-4,Quinta Feira,Tradicional,Rua,Luca De Marenzio,130,Jardim Vaz De Lima,05833-350,M'Boi Mirim,-23.6713114,-46.7590313,painel_prefeitura,Jardim Sao Luis
5082-2,Quinta Feira,Tradicional,Rua,Pde Alarico Zacarias,21,Vila Maria Luiza,05371-020,Butantã,-23.5855581,-46.7557743,painel_prefeitura,Rio Pequeno
5083-0,Quinta Feira,Tradicional,Rua,Ananai,37,Vila Nova Curaca,08032-370,Itaim Paulista,-23.5165497,-46.4230885,painel_prefeitura,Vila Curuca
5084-9,Quinta Feira,Tradicional,Rua,Belchior Felix,30,Parque Fig Grande,04914-120,M'Boi Mirim,-23.6759353,-46.7477214,painel_prefeitura,Jardim Sao Luis
5085-7,Quinta Feira,Tradicional,Rua,Hermenegildo Gois Parente,110,Jardim Lisboa,03678-000,Ermelino Matarazzo,-23.5181424,-46.49116,painel_prefeitura,Ponte Rasa
5086-5,Quinta Feira,Tradicional,Rua,Colonial Do Irai,250,Jardim Maggi,02982-110,Pirituba/Jaraguá,-23.4547738,-46.7171694,painel_prefeitura,Pirituba
5088-1,Quinta Feira,Tradicional,Rua,Prof Joao De Lorenzo,32,Jardim São Jorge,05567-010,Butantã,-23.5968672,-46.7819366,painel_prefeitura,Raposo Tavares
5092-0,Quinta Feira,Tradicional,Rua,Vistosa De Madre De Deus,51,Jardim Noemia,08180-110,São Miguel,-23.4891283,-46.4110779,painel_prefeitura,Jardim Helena
5093-8,Quinta Feira,Tradicional,Rua,Cap Jose Leite,723,Vila Matilde,03510-010,Penha,-23.5420513,-46.5283995,painel_prefeitura,Vila Matilde
5096-2,Quinta Feira,Tradicional,Avenida,Carlos Alberto Bastos Machado,100,Cocaia,04856-080,Capela do Socorro,-23.7646429,-46.6957167,painel_prefeitura,Grajau
5098-9,Quinta Feira,Tradicional,Rua,Silvio Torres,10,Itaquera Cohab I,03589-010,Penha,-23.5536648,-46.4900939,painel_prefeitura,Artur Alvim
5099-7,Quinta Feira,Tradicional,Avenida,Lourival Fontes,50,Jardim Planalto,03983-010,Sapopemba,-23.6094894,-46.5058654,painel_prefeitura,Sapopemba
5103-9,Quinta Feira,Tradicional,Rua,Dr Ignacio Proenca Gouveia,1031,Parque Peruche,02534-010,Casa Verde/Cachoeirinha,-23.4938658,-46.6562393,painel_prefeitura,Casa Verde
5104-7,Quinta Feira,Tradicional,Rua,Honorio Emiliano Bueno,155,Ponte Raza,03884-100,Ermelino Matarazzo,-23.5105415,-46.4857253,painel_prefeitura,Ponte Rasa
5105-5,Quinta Feira,Tradicional,Rua,Lirio Da Serra,2,Jardim Das Camelias,08050-460,São Miguel,-23.5132991,-46.4624842,painel_prefeitura,Vila Jacui
5106-3,Quinta Feira,Tradicional,Avenida,Da Justica,10,Vila Rui Barbosa,03734-140,Penha,-23.5108964,-46.5265377,painel_prefeitura,Cangaiba
5108-0,Quinta Feira,Tradicional,Rua,Rosalia De Castro,559,Vila Campestre,04330-100,Jabaquara,-23.658815,-46.6446604,painel_prefeitura,Jabaquara
5111-0,Quinta Feira,Tradicional,Rua,Mario Wilches,10,Jardim Maria Borba,04858-390,Parelheiros,-23.7712485,-46.713909,painel_prefeitura,Parelheiros
5112-8,Quinta Feira,Tradicional,Praça,Bom Pastor,462,Itaquera,08420-640,Itaquera,-23.5478192,-46.4343841,painel_prefeitura,Jose Bonifacio
5116-0,Quinta Feira,Tradicional,Rua,Gaetano Donizetti,100,Parque Brásil,04843-110,Capela do Socorro,-23.7372423,-46.6944299,painel_prefeitura,Grajau
5118-7,Quinta Feira,Tradicional,Rua,Aguias Reais,1,Jardim Elba,03978-400,Sapopemba,-23.62306,-46.50539,painel_prefeitura,Sapopemba
5119-5,Quinta Feira,Tradicional,Rua,Jeronimo Fernandes,32,Jardim Guarau,05549-200,Butantã,-23.5976185,-46.7663557,painel_prefeitura,Raposo Tavares
5120-9,Quinta Feira,Tradicional,Avenida,Dos Texteis,800,Itaquera,08490-600,Cidade Tiradentes,-23.5891399,-46.4057402,painel_prefeitura,Cidade Tiradentes
5123-3,Quinta Feira,Tradicional,Rua,Caxiu,50,Vila Campanela,08225-330,Itaquera,-23.5339692,-46.4677502,painel_prefeitura,Itaquera
5125-0,Quinta Feira,Tradicional,Rua,Cubas De Mendonca,50,Jardim Iguatemi,08380-180,São Mateus,-23.600304,-46.4428197,painel_prefeitura,Iguatemi
5129-2,Quinta Feira,Tradicional,Rua,Monsenhor Salim,12,Jardim Miliunas,08111-180,Itaim Paulista,-23.4877843,-46.3835704,painel_prefeitura,Itaim Paulista
5130-6,Quinta Feira,Tradicional,Rua,Souza Carvalho,21,Jardim Guarani,02851-030,Freguesia/Brasilândia,-23.4610001,-46.6881002,painel_prefeitura,Brasilandia
5133-0,Quinta Feira,Tradicional,Avenida,Roland Garros,1000,Vila Ede,02235-000,Vila Maria/Vila Guilherme,-23.4792322,-46.578174,painel_prefeitura,Vila Medeiros
5135-7,Quinta Feira,Tradicional,Rua,Praia De Torres,50,Vila Carmosina,08270-220,Itaquera,-23.5614833,-46.4652053,painel_prefeitura,Parque do Carmo
5137-3,Quinta Feira,Tradicional,Rua,Pio Xii,1,Bela ViSanta,01322-030,Sé,-23.5656953,-46.6415296,painel_prefeitura,Bela Vista
5140-3,Quinta Feira,Tradicional,Rua,Alfaro,391,Vila Rica,03911-040,Aricanduva/Formosa/Carrão,-23.5822802,-46.5198634,painel_prefeitura,Aricanduva
5141-1,Quinta Feira,Tradicional,Rua,Joao Barbosa De Lima,38,Jardim Robru,08150-200,Itaim Paulista,-23.5198006,-46.4105334,painel_prefeitura,Vila Curuca
5143-8,Quinta Feira,Tradicional,Avenida,Barao De Monte Mor,21,Real Parque Morumbi,05687-010,Butantã,-23.6119789,-46.7042243,painel_prefeitura,Morumbi
5148-9,Quinta Feira,Tradicional,Avenida,Borboleta Amarela,10,Jardim São Martinho,08081-570,São Miguel,-23.4823719,-46.4158344,painel_prefeitura,Jardim Helena
5154-3,Quinta Feira,Tradicional,Rua,Geolandia,100,Vila Medeiros,02217-000,Vila Maria/Vila Guilherme,-23.4859977,-46.5854872,painel_prefeitura,Vila Medeiros
5158-6,Quinta Feira,Tradicional,Rua,Acaipe,178,Burgo PauliSanta,03682-040,Ermelino Matarazzo,-23.5184769,-46.4819002,painel_prefeitura,Ponte Rasa
5160-8,Quinta Feira,Tradicional,Rua,Ideal,100,Jardim São Paulo,08461-150,Guaianases,-23.5536827,-46.4055892,painel_prefeitura,Guaianases
5162-4,Quinta Feira,Tradicional,Rua,Martim Francisco,20,Santa Cecilia,01226-000,Sé,-23.5389921,-46.6523096,painel_prefeitura,Santa Cecilia
5163-2,Quinta Feira,Tradicional,Rua,Maria Luiza Do Val Penteado,560,Cid São Mateus,03962-040,São Mateus,-23.6069949,-46.483277,painel_prefeitura,Sao Mateus
5164-0,Quinta Feira,Tradicional,Rua,Canal De Tutoia,320,Jardim Camargo Novo,08121-220,Itaim Paulista,-23.5028278,-46.3868307,painel_prefeitura,Itaim Paulista
5166-7,Quinta Feira,Tradicional,Rua,Jose Pace,S/N,Jardim Avelino,03227-210,Vila Prudente,-23.584864,-46.5713199,painel_prefeitura,Vila Prudente
5168-3,Quinta Feira,Tradicional,Rua,Cidade Do Rio Pardo,100,Vila Andrade,05727-180,Campo Limpo,-23.6291117,-46.739513,painel_prefeitura,Vila Andrade
5170-5,Quinta Feira,Tradicional,Avenida,Mariana De Souza Guerra,50,Jardim Vila Nova Carrao,08340-220,São Mateus,-23.6174572,-46.465464,painel_prefeitura,Sao Rafael
5171-3,Quinta Feira,Tradicional,Rua,Igupiara,30,Jardim Boa Esperanca,08341-220,São Mateus,-23.603563,-46.451601,painel_prefeitura,Iguatemi
5172-1,Quinta Feira,Tradicional,Rua,Venturosa,50,Vila Carmosina,08295-350,Itaquera,-23.5460945,-46.4544205,painel_prefeitura,Itaquera
5181-0,Quinta Feira,Tradicional,Avenida,Santa Monica,300,Jardim Santa Monica,05171-000,Pirituba/Jaraguá,-23.480913,-46.7476279,painel_prefeitura,Pirituba
5182-9,Quinta Feira,Tradicional,Rua,Ministro Luiz Sparano,50,Jardim Santa Adelia,03970-050,São Mateus,-23.6137906,-46.4828898,painel_prefeitura,Sao Mateus
5185-3,Quinta Feira,Noturna,Rua,Iritua,20,Vila Caiuba,05202-160,Perus,-23.4013446,-46.7473337,painel_prefeitura,Perus
5186-1,Quinta Feira,Tradicional,Rua,Valter Gazarra,362,Vila Gomes Cardim,03337-055,Aricanduva/Formosa/Carrão,-23.5583199,-46.5588818,painel_prefeitura,Vila Formosa
5187-0,Quinta Feira,Orgânica,Rua,São Benedito,1406,Santo Amaro,04735-003,Santo Amaro,-23.6422188,-46.6969607,painel_prefeitura,Santo Amaro
5188-8,Quinta Feira,Noturna,Avenida,Ribeirao Itaquera,7,GuaianaSés,08410-310,Guaianases,-23.5439067,-46.4229681,painel_prefeitura,Guaianases
5291-4,Quinta Feira,Tradicional,Praça,Melvim Jones,1405,Lapa,05072-040,Lapa,-23.5202622,-46.7017857,painel_prefeitura,Lapa
5380-5,Quinta Feira,Tradicional,Avenida,Engenheiro Caetano Alvares,10000,Santana,02413-200,Santana/Tucuruvi,-23.4726894,-46.626127,painel_prefeitura,Mandaqui
5390-2,Quinta Feira,Tradicional,Praça,Pedro Balint,1,Ipiranga,04230-040,Ipiranga,-23.6044588,-46.5959748,painel_prefeitura,Ipiranga
5401-1,Quinta Feira,Tradicional,Rua,Carlos Albacini,100,JoSé Bonifacio,08253-650,Itaquera,-23.5554464,-46.4399669,painel_prefeitura,Jose Bonifacio
5402-0,Quinta Feira,Tradicional,Praça,Flavio Jose Amadeu,427,Vila Matilde,03512-020,Penha,-23.5417362,-46.5286187,painel_prefeitura,Vila Matilde
5408-9,Quinta Feira,Tradicional,Rua,Inacio Preto De Moraes,50,Vila Andrade,05731-340,Campo Limpo,-23.6402869,-46.7462387,painel_prefeitura,Vila Andrade
5413-5,Quinta Feira,Noturna,Praça,Grand Reserva Paulista,2610,Jardim Iris,05145-100,Pirituba/Jaraguá,-23.5016529,-46.7187629,painel_prefeitura,Pirituba
5720-7,Quinta Feira,Tradicional,Largo,Dona Ana Rosa,33,Vila Mariana,04106-090,Vila Mariana,-23.5806475,-46.6392652,painel_prefeitura,Vila Mariana
5791-6,Quinta Feira,Noturna,Rua,Francisco Machado De Campos,70,Chacara Califórnia,03406-040,Aricanduva/Formosa/Carrão,-23.53898806,-46.54705643,painel_prefeitura,Carrao
5886-6,Quinta Feira,Noturna,Avenida,Nagib Farah Maluf,s/n,Itaquera,08253-015,Itaquera,-23.545774,-46.435864,painel_prefeitura,Jose Bonifacio
5942-0,Quinta Feira,Noturna,,Calcadão Estação Cptm José Bonifácio,1159,Conjunto Residencial JoSé Bonifacio,08253-015,Itaquera,-23.53967,-46.43186,painel_prefeitura,Jose Bonifacio
5960-9,Quinta Feira,Tradicional,Rua,Rosa Galvao Trigueirinho,1180,Jurubatuba,04696-080,Santo Amaro,-23.6713841,-46.7014485,painel_prefeitura,Campo Grande
5978-1,Quinta Feira,Noturna,Rua,Pablo Picasso,1,Perdizes,05033-120,Lapa,-23.5199493,-46.6831355,painel_prefeitura,Barra Funda
5982-0,Quinta Feira,Noturna,Rua,Frei Anibal Genova,190,Cidade Tiradentes,08490-550,Cidade Tiradentes,-23.5845219,-46.4063855,painel_prefeitura,Cidade Tiradentes
6000-3,Sexta Feira,Tradicional,Avenida,Ipiranga,700,Sé,01041-000,Sé,-23.5431446,-46.6409172,painel_prefeitura,Republica
6001-1,Sexta Feira,Tradicional,Rua,Vitorio Emanuel,312,Cambuci,01528-030,Sé,-23.5655304,-46.6261903,painel_prefeitura,Liberdade
6002-0,Sexta Feira,Tradicional,Rua,Dom Bosco,100,Cambuci,03105-020,Sé,-23.5553732,-46.6213474,painel_prefeitura,Cambuci
6003-8,Sexta Feira,Tradicional,Rua,Maria Jose C/ Fortaleza,129,Bela ViSanta,01324-010,Sé,-23.5575769,-46.6436118,painel_prefeitura,Bela Vista
6004-6,Sexta Feira,Tradicional,Rua,Henrique Dias,200,Brás,03009-020,Mooca,-23.5364978,-46.6202375,painel_prefeitura,Bras
6005-4,Sexta Feira,Tradicional,Rua,Mato Grosso C/ Para,100,Consolacao,01239-040,Sé,-23.5498362,-46.6577413,painel_prefeitura,Consolacao
6006-2,Sexta Feira,Tradicional,Rua,Cap Pinto Ferreira C/ Batataes,100,Jardim PauliSanta,01423-020,Pinheiros,-23.5722409,-46.655073,painel_prefeitura,Jardim Paulista
6007-0,Sexta Feira,Tradicional,Rua,Alcino Braga C/ Sampaio Viana,219,Paraíso,04004-020,Vila Mariana,-23.5752203,-46.6498478,painel_prefeitura,Vila Mariana
6008-9,Sexta Feira,Tradicional,Praça,Charles Muller,0,Pacaembu,01234-010,Sé,-23.54467,-46.6650304,painel_prefeitura,Consolacao
6009-7,Sexta Feira,Tradicional,Rua,Camaragibe C/ Lopes Chaves,122,Santa Cecilia,01154-010,Sé,-23.5305512,-46.6588522,painel_prefeitura,Santa Cecilia
6010-0,Sexta Feira,Tradicional,Rua,Mariz E Barros,316,Aclimacao,01545-010,Vila Mariana,-23.5816892,-46.6186445,painel_prefeitura,Vila Mariana
6011-9,Sexta Feira,Tradicional,Rua,Costa Aguiar,261,Ipiranga,04204-000,Ipiranga,-23.5761108,-46.6072787,painel_prefeitura,Ipiranga
6012-7,Sexta Feira,Tradicional,Rua,Tupiguaes,260,Santana,02022-040,Santana/Tucuruvi,-23.5052989,-46.6389618,painel_prefeitura,Santana
6013-5,Sexta Feira,Tradicional,Rua,Gandavo C/ Napoleao De Barros,276,Vila Mariana,04023-000,Vila Mariana,-23.5936147,-46.6438116,painel_prefeitura,Vila Mariana
6014-3,Sexta Feira,Tradicional,Rua,Andarai,800,Vila Maria,02117-001,Vila Maria/Vila Guilherme,-23.5236379,-46.5888531,painel_prefeitura,Vila Maria
6015-1,Sexta Feira,Tradicional,Rua,Caetano Desco,155,Casa Verde,02523-080,Casa Verde/Cachoeirinha,-23.5060442,-46.6562919,painel_prefeitura,Casa Verde
6016-0,Sexta Feira,Tradicional,Rua,Dom Antonio Alvarenga,100,Vila Gumercindo,04129-030,Ipiranga,-23.6005805,-46.6233444,painel_prefeitura,Cursino
6017-8,Sexta Feira,Tradicional,Rua,Jose Maria Witaker,1780,Saude,04057-000,Vila Mariana,-23.6156055,-46.6437813,painel_prefeitura,Saude
6018-6,Sexta Feira,Tradicional,Rua,Bom Jesus,50,Alto Da Mooca,03344-000,Mooca,-23.5590636,-46.5761837,painel_prefeitura,Agua Rasa
6019-4,Sexta Feira,Tradicional,Rua,Antonio Camardo,1625,Tatuapé,03309-060,Mooca,-23.548741,-46.5602262,painel_prefeitura,Tatuape
6020-8,Sexta Feira,Tradicional,Rua,Prof Lourival Gomes Machado,100,Vila Santa Terezinha,02021-050,Santana/Tucuruvi,-23.497085,-46.634727,painel_prefeitura,Santana
6021-6,Sexta Feira,Tradicional,Rua,Prof Joaquim Ozorio De Azevedo,200,Jardim São Paulo,02039-050,Santana/Tucuruvi,-23.4923786,-46.6200396,painel_prefeitura,Santana
6023-2,Sexta Feira,Tradicional,Rua,Santo Antonio De Lisboa,550,Vila Ede,02202-120,Vila Maria/Vila Guilherme,-23.4908344,-46.5907471,painel_prefeitura,Vila Medeiros
6024-0,Sexta Feira,Tradicional,Rua,Cesar Pena Ramos,592,Casa Verde,02563-000,Casa Verde/Cachoeirinha,-23.4896052,-46.66637,painel_prefeitura,Limao
6025-9,Sexta Feira,Tradicional,Rua,Salvador Caruso,10,Vila Ipojuca,05054-060,Lapa,-23.5356513,-46.7047317,painel_prefeitura,Lapa
6026-7,Sexta Feira,Tradicional,Alameda,Dos Anapurus,1690,Vila Helena,04087-006,Vila Mariana,-23.6126545,-46.6633713,painel_prefeitura,Moema
6027-5,Sexta Feira,Tradicional,Rua,Santa Catarina,284,Tatuapé,03086-025,Mooca,-23.5304206,-46.5683147,painel_prefeitura,Tatuape
6028-3,Sexta Feira,Tradicional,Rua,Estevao Furquim,428,Nossa Sénhora Do O,02733-000,Freguesia/Brasilândia,-23.4964347,-46.6939148,painel_prefeitura,Freguesia do O
6029-1,Sexta Feira,Tradicional,Praça,Maria Helena Bonelli Palma,355,Vila Rui Barbosa,03732-040,Penha,-23.5108885,-46.5316849,painel_prefeitura,Cangaiba
6030-5,Sexta Feira,Tradicional,Rua,Edgard De Souza,82,Vila Aricanduva,03502-010,Penha,-23.537583,-46.5460264,painel_prefeitura,Vila Matilde
6033-0,Sexta Feira,Tradicional,Rua,Deodoro De Campos,100,Jabaquara,04336-010,Jabaquara,-23.6611649,-46.6424953,painel_prefeitura,Jabaquara
6034-8,Sexta Feira,Tradicional,Avenida,Gal Francisco Morazan,200,Vila Sônia,05626-010,Butantã,-23.5938006,-46.7316163,painel_prefeitura,Vila Sonia
6035-6,Sexta Feira,Tradicional,Rua,Pianco,220,Vila Celeste,03137-070,Vila Prudente,-23.5800401,-46.5745355,painel_prefeitura,Vila Prudente
6036-4,Sexta Feira,Tradicional,Rua,Sinanduva,504,Vila Marieta,03621-010,Penha,-23.518351,-46.5221852,painel_prefeitura,Penha
6037-2,Sexta Feira,Tradicional,Rua,Santo Alexandre,2,Vila Guilhermina,03542-100,Penha,-23.5320503,-46.5160457,painel_prefeitura,Vila Matilde
6038-0,Sexta Feira,Tradicional,Rua,Inhagapi C/ Manaias,275,Vila Zelina,03141-080,Vila Prudente,-23.5895452,-46.5761914,painel_prefeitura,Vila Prudente
6039-9,Sexta Feira,Tradicional,Rua,Grecco,521,Alto Da Mooca,03373-000,Aricanduva/Formosa/Carrão,-23.5751717,-46.5506138,painel_prefeitura,Vila Formosa
6040-2,Sexta Feira,Tradicional,Avenida,Maestro Villa Lobos,384,Tucuruvi,02266-000,Santana/Tucuruvi,-23.4782744,-46.5995249,painel_prefeitura,Tucuruvi
6041-0,Sexta Feira,Tradicional,Rua,Geolandia,1300,Vila Sabrina,02217-000,Vila Maria/Vila Guilherme,-23.493458,-46.5769775,painel_prefeitura,Vila Medeiros
6042-9,Sexta Feira,Tradicional,Rua,Mendonca Drumont,185,Jardim Maringa,03524-030,Penha,-23.5491877,-46.5125948,painel_prefeitura,Vila Matilde
6043-7,Sexta Feira,Tradicional,Rua,Min Ferreira Alves C/ Tucuna,50,Vila Pompeia,05009-060,Lapa,-23.5300201,-46.6849127,painel_prefeitura,Perdizes
6044-5,Sexta Feira,Tradicional,Rua,Angaturama,454,Vila Das Merces,04164-010,Ipiranga,-23.6249196,-46.6085821,painel_prefeitura,Sacoma
6045-3,Sexta Feira,Tradicional,Rua,Baluarte,367,Vila Olimpia,04549-011,Pinheiros,-23.6013871,-46.6756423,painel_prefeitura,Itaim Bibi
6046-1,Sexta Feira,Tradicional,Rua,Helio Vessoni,100,Vila Sinha,08020-220,São Miguel,-23.504993,-46.4422154,painel_prefeitura,Sao Miguel
6047-0,Sexta Feira,Tradicional,Rua,Municipal,10,Vila Re,03661-000,Penha,-23.5215752,-46.5077732,painel_prefeitura,Penha
6048-8,Sexta Feira,Tradicional,Rua,Conceicao Veloso,91,Vila Mariana,04110-120,Vila Mariana,-23.584856,-46.6349608,painel_prefeitura,Vila Mariana
6049-6,Sexta Feira,Tradicional,Rua,Prof Raul Pederneiras,100,Vila Conde Do Pinhal,04205-040,Ipiranga,-23.6196495,-46.600571,painel_prefeitura,Sacoma
6050-0,Sexta Feira,Tradicional,Rua,Antonio Gomes De Oliveira,458,Vila Mirian,02965-000,Freguesia/Brasilândia,-23.4828789,-46.7076371,painel_prefeitura,Freguesia do O
6051-8,Sexta Feira,Tradicional,Rua,Joao Rodrigues Pires,200,Vila Guarani,03280-050,Vila Prudente,-23.582066,-46.537321,painel_prefeitura,Sao Lucas
6052-6,Sexta Feira,Tradicional,Rua,Ursa Menor,286,Jardim Santa Adelia,08330-490,São Mateus,-23.611916,-46.4726034,painel_prefeitura,Sao Mateus
6053-4,Sexta Feira,Tradicional,Rua,Maria Lucia Duarte,35,Vila Mutinga,05172-000,Pirituba/Jaraguá,-23.4830898,-46.7409751,painel_prefeitura,Pirituba
6054-2,Sexta Feira,Tradicional,Rua,Lasar Segal,409,Freguesia Do O,02543-010,Casa Verde/Cachoeirinha,-23.4836606,-46.6588825,painel_prefeitura,Casa Verde
6055-0,Sexta Feira,Tradicional,Avenida,Monte Celeste,200,Limao,02561-000,Casa Verde/Cachoeirinha,-23.4935048,-46.6758894,painel_prefeitura,Limao
6056-9,Sexta Feira,Tradicional,Rua,Santa Edith,100,Jardim Santa Helena,08420-400,Itaquera,-23.5365969,-46.4284607,painel_prefeitura,Jose Bonifacio
6057-7,Sexta Feira,Tradicional,Rua,Tejupa,40,Jabaquara,04350-020,Jabaquara,-23.6426398,-46.6544514,painel_prefeitura,Jabaquara
6058-5,Sexta Feira,Tradicional,Avenida,Pujais Sabate,732,Rio Pequeno,05365-200,Butantã,-23.5698973,-46.752066,painel_prefeitura,Rio Pequeno
6059-3,Sexta Feira,Tradicional,Avenida,Patente,194,Jardim Patente,04243-000,Ipiranga,-23.6242493,-46.586495,painel_prefeitura,Sacoma
6060-7,Sexta Feira,Tradicional,Rua,Secundino Domingues,300,Vila Prudente,03223-110,Vila Prudente,-23.5895228,-46.5591049,painel_prefeitura,Sao Lucas
6061-5,Sexta Feira,Tradicional,Rua,Claudio Ferreira Manoel,29,Vila Olivieri,04187-200,Ipiranga,-23.6463966,-46.5951949,painel_prefeitura,Sacoma
6062-3,Sexta Feira,Tradicional,Avenida,Odilon Pires,128,Jardim Aricanduva,03455-000,Aricanduva/Formosa/Carrão,-23.5664838,-46.5098431,painel_prefeitura,Aricanduva
6063-1,Sexta Feira,Tradicional,Rua,Godoi Colaco,1016,Brooklin PauliSanta,04582-030,Pinheiros,-23.6157798,-46.6884902,painel_prefeitura,Itaim Bibi
6064-0,Sexta Feira,Tradicional,Rua,Dardanelos,430,Lapa,05468-010,Pinheiros,-23.539164,-46.717636,painel_prefeitura,Alto de Pinheiros
6065-8,Sexta Feira,Tradicional,Avenida,Jerimanduba,50,Vila Jaragua,05181-000,Pirituba/Jaraguá,-23.4542895,-46.7414791,painel_prefeitura,Jaragua
6066-6,Sexta Feira,Tradicional,Rua,São Vitorio,79,Vila Nhocune,03561-000,Penha,-23.5438035,-46.495057,painel_prefeitura,Artur Alvim
6068-2,Sexta Feira,Tradicional,Avenida,Jose Caetano Da Rocha,93,Parque BriSantol,04193-300,Ipiranga,-23.6471511,-46.6094005,painel_prefeitura,Sacoma
6069-0,Sexta Feira,Tradicional,Rua,Jose Gomes Faria,23,Vila Cisper,03819-170,Penha,-23.5027978,-46.4944076,painel_prefeitura,Cangaiba
6070-4,Sexta Feira,Tradicional,Rua,Nazario Pagano,24,Jardim Monjolo,02961-030,Freguesia/Brasilândia,-23.4905299,-46.6980549,painel_prefeitura,Freguesia do O
6071-2,Sexta Feira,Tradicional,Rua,Albertina Vieira Da S Gordo,50,Vila Aurora,02410-000,Santana/Tucuruvi,-23.475604,-46.6236056,painel_prefeitura,Mandaqui
6072-0,Sexta Feira,Tradicional,Rua,Raphael Di Sandro,100,Perus,05204-160,Perus,-23.4095791,-46.7569196,painel_prefeitura,Perus
6073-9,Sexta Feira,Tradicional,Avenida,Athos Thomaz Ferracio,50,Capao Redondo,05861-000,Campo Limpo,-23.6695328,-46.7698039,painel_prefeitura,Capao Redondo
6074-7,Sexta Feira,Tradicional,Rua,Antonio De Pinho Azevedo,691,Cid Ademar,04386-020,Cidade Ademar,-23.667757,-46.6498072,painel_prefeitura,Cidade Ademar
6075-5,Sexta Feira,Tradicional,Rua,Comen Elias Zarzur,1800,Santo Amaro,04736-002,Santo Amaro,-23.6373157,-46.6920758,painel_prefeitura,Santo Amaro
6076-3,Sexta Feira,Tradicional,Rua,Joao Batista Di Vitoriano,150,Jardim Consorcio,04436-000,Santo Amaro,-23.669832,-46.6733958,painel_prefeitura,Campo Grande
6077-1,Sexta Feira,Tradicional,Avenida,Anace,50,Jardim Umarizal,05755-090,Campo Limpo,-23.6171246,-46.7571838,painel_prefeitura,Campo Limpo
6078-0,Sexta Feira,Tradicional,Rua,Dos Aniquis E Dos Caratais,80,Pedreira,04474-000,Cidade Ademar,-23.6976574,-46.6481272,painel_prefeitura,Pedreira
6079-8,Sexta Feira,Tradicional,Rua,Dos Inocentes C/ Mendel,100,Socorro,04764-050,Capela do Socorro,-23.6726992,-46.7122024,painel_prefeitura,Socorro
6080-1,Sexta Feira,Tradicional,Rua,Orlando Pinto Ribeiro,277,Vila Arriete,04455-000,Santo Amaro,-23.6799087,-46.6823946,painel_prefeitura,Campo Grande
6081-0,Sexta Feira,Tradicional,Rua,Itaparoquera,130,Vila Remo,04932-060,M'Boi Mirim,-23.6776302,-46.7572765,painel_prefeitura,Jardim Angela
6082-8,Sexta Feira,Tradicional,Rua,Orestes Colombari,21,Vila Borges,05546-020,Butantã,-23.5874597,-46.7694184,painel_prefeitura,Raposo Tavares
6084-4,Sexta Feira,Tradicional,Rua,São Francisco Do Humaita,464,Parque Tiete,02871-020,Freguesia/Brasilândia,-23.4627676,-46.6750595,painel_prefeitura,Brasilandia
6085-2,Sexta Feira,Tradicional,Rua,Pereira Do Lago,20,Vila Gomes,05590-000,Butantã,-23.5762989,-46.7307827,painel_prefeitura,Butanta
6086-0,Sexta Feira,Tradicional,Rua,Olegario Maciel,20,Jardim São Carlos,08062-320,São Miguel,-23.5174304,-46.4737689,painel_prefeitura,Vila Jacui
6087-9,Sexta Feira,Tradicional,Rua,Dario Costa Matos,45,Ermelino Matarazzo,03805-090,Ermelino Matarazzo,-23.5049777,-46.482253,painel_prefeitura,Ermelino Matarazzo
6089-5,Sexta Feira,Tradicional,Avenida,Dr Guilherme De Abreu Sodre,1414,GuaianaSés Cohab,08490-010,Cidade Tiradentes,-23.5666564,-46.4065216,painel_prefeitura,Cidade Tiradentes
6091-7,Sexta Feira,Tradicional,Rua,Nubia,50,Vila TolSantoi,03267-090,Sapopemba,-23.602677,-46.5287165,painel_prefeitura,Sao Lucas
6092-5,Sexta Feira,Tradicional,Rua,Pedro Luiz De Souza,22,Jardim Brásilia,03584-040,Itaquera,-23.5602276,-46.4942039,painel_prefeitura,Cidade Lider
6093-3,Sexta Feira,Tradicional,Avenida,Moenda Velha Gomes Pedrosa,12,Jardim São Bento Novo,05880-330,M'Boi Mirim,-23.686689,-46.7906465,painel_prefeitura,Jardim Angela
6095-0,Sexta Feira,Tradicional,Rua,Serra De Itabaiana,87,Parque Santa Madalena,03981-040,Sapopemba,-23.6123973,-46.5200267,painel_prefeitura,Sapopemba
6096-8,Sexta Feira,Tradicional,Rua,Anajatuba,47,Parque Santa Rita,08160-180,Itaim Paulista,-23.5067493,-46.4108736,painel_prefeitura,Vila Curuca
6097-6,Sexta Feira,Tradicional,Praça,Alexandre N Aksakof,272,Vila São Pedro,04676-110,Santo Amaro,-23.6710356,-46.6825718,painel_prefeitura,Campo Grande
6098-4,Sexta Feira,Tradicional,Rua,Carmelo Cali,6,Vila Santa Lucia,04940-070,M'Boi Mirim,-23.6891224,-46.7663377,painel_prefeitura,Jardim Angela
6099-2,Sexta Feira,Tradicional,Rua,Josino Vieira Goes,28,Jardim Joamar,02319-000,Jaçanã/Tremembé,-23.4519028,-46.5987981,painel_prefeitura,Tremembe
6100-0,Sexta Feira,Tradicional,Rua,Osvaldo Nevola,10,São Matheus,03946-000,São Mateus,-23.5940291,-46.4896883,painel_prefeitura,Sao Mateus
6101-8,Sexta Feira,Tradicional,Rua,Gastao Raul De Fonton Bosquet,50,Jardim Ipe,05797-000,Campo Limpo,-23.6553887,-46.7733401,painel_prefeitura,Capao Redondo
6104-2,Sexta Feira,Tradicional,Rua,Isaac Albeniz C/ Franco Alfano,20,Morumbi,05710-050,Butantã,-23.6088473,-46.747009,painel_prefeitura,Vila Sonia
6105-0,Sexta Feira,Tradicional,Rua,São Felix Do Piaui,1057,Vila Carmosina,08290-030,Itaquera,-23.5522878,-46.4551341,painel_prefeitura,Itaquera
6106-9,Sexta Feira,Tradicional,Rua,Silvio Cervellini,5,São Miguel,08011-240,São Miguel,-23.4960823,-46.4502709,painel_prefeitura,Sao Miguel
6107-7,Sexta Feira,Tradicional,Avenida,Flamingo,302,Vila Curuca Nova,08031-000,Itaim Paulista,-23.511004,-46.421176,painel_prefeitura,Vila Curuca
6108-5,Sexta Feira,Tradicional,Rua,Romildo Finozzi,354,Jardim Iva,03910-040,Aricanduva/Formosa/Carrão,-23.5842372,-46.5149111,painel_prefeitura,Aricanduva
6111-5,Sexta Feira,Tradicional,Rua,Jose Luiz Monteiro,100,Jardim Imbuias,04829-240,Capela do Socorro,-23.7319149,-46.7063964,painel_prefeitura,Cidade Dutra
6114-0,Sexta Feira,Tradicional,Rua,Jose Domingues De Pontes,50,Jardim Angela,03986-100,Sapopemba,-23.6057568,-46.5204936,painel_prefeitura,Sapopemba
6118-2,Sexta Feira,Tradicional,Rua,Eduardo Pereira Ramos,130,Jardim Niteroi,04432-000,Cidade Ademar,-23.6879288,-46.6664611,painel_prefeitura,Cidade Ademar
6122-0,Sexta Feira,Tradicional,Rua,Antonio Crespo,50,Cohab Ii,08253-300,Itaquera,-23.5498051,-46.4401926,painel_prefeitura,Jose Bonifacio
6123-9,Sexta Feira,Tradicional,Rua,Tiburno,200,Vila Malvina,05223-100,Perus,-23.4096086,-46.7411693,painel_prefeitura,Perus
6128-0,Sexta Feira,Tradicional,Avenida,Augusto Antunes,1000,Vila Ramos,08235-630,Itaquera,-23.5169226,-46.4672042,painel_prefeitura,Itaquera
6129-8,Sexta Feira,Tradicional,Praça,Haroldo Daltro,26,Vila Manchester,03444-090,Aricanduva/Formosa/Carrão,-23.5491217,-46.5337443,painel_prefeitura,Carrao
6138-7,Sexta Feira,Tradicional,Rua,Dr Carmelo D'Agostinho,90,Jardim Rincao,02991-040,Pirituba/Jaraguá,-23.4378141,-46.727729,painel_prefeitura,Jaragua
6141-7,Sexta Feira,Tradicional,Travessa,Jornalista Otavio Muniz,50,Moema,04514-100,Vila Mariana,-23.602132,-46.6702431,painel_prefeitura,Moema
6145-0,Sexta Feira,Noturna,Praça,Benedito Ramos Rodrigues,742,Jardim Belem,03809-170,Ermelino Matarazzo,-23.493204,-46.4800963,painel_prefeitura,Ermelino Matarazzo
6151-4,Sexta Feira,Noturna,Rua,Antonio Bartolomeu,20,Vila Perus,05204-200,Perus,-23.3999909,-46.7549638,painel_prefeitura,Perus
6155-7,Sexta Feira,Tradicional,Rua,Das Capitanias,496,Jardim Nove De Julho,03952-050,São Mateus,-23.5882562,-46.4824953,painel_prefeitura,Sao Mateus
6161-1,Sexta Feira,Tradicional,Rua,Frei Canisio,50,Vila Sofia,04671-240,Santo Amaro,-23.661201,-46.6933475,painel_prefeitura,Campo Grande
6164-6,Sexta Feira,Tradicional,Rua,Caboquenas,115,Vila Mariana,04090-010,Vila Mariana,-23.6064623,-46.658808,painel_prefeitura,Moema
6165-4,Sexta Feira,Tradicional,Rua,Aracarana,320,Vila São JoSé,08140-400,Itaim Paulista,-23.5105948,-46.3945713,painel_prefeitura,Itaim Paulista
6166-2,Sexta Feira,Tradicional,Rua,Dona Eloa Do Valle Quadros,50,Cid Tiradentes,08485-130,Cidade Tiradentes,-23.5876269,-46.4096098,painel_prefeitura,Cidade Tiradentes
6169-7,Sexta Feira,Tradicional,Rua,Alvaro Da Costa,50,Jardim São Paulo,08461-420,Guaianases,-23.5585154,-46.4007416,painel_prefeitura,Guaianases
6170-0,Sexta Feira,Tradicional,Rua,Serra Do Cachimbo,10,Jardim Vitoria,02976-250,Pirituba/Jaraguá,-23.4730731,-46.7134301,painel_prefeitura,Pirituba
6172-7,Sexta Feira,Noturna,Rua,Serra Verde,10,Vila Silvia,03821-230,Penha,-23.4925009,-46.5055779,painel_prefeitura,Cangaiba
6173-5,Sexta Feira,Tradicional,Rua,Manoel Bacelar,50,Jardim Helian,08265-120,Itaquera,-23.5778552,-46.4534222,painel_prefeitura,Parque do Carmo
6174-3,Sexta Feira,Tradicional,Rua,Conceicao De Monte Alegre,355,Cidade Moncoes,04563-060,Pinheiros,-23.6108124,-46.691834,painel_prefeitura,Itaim Bibi
6176-0,Sexta Feira,Tradicional,Praça,Do Rosario,10,Penha De Franca,03634-020,Penha,-23.5253643,-46.5488279,painel_prefeitura,Penha
6203-0,Sexta Feira,Tradicional,Praça,Dilva Gomes,124,Penha,03590-080,Penha,-23.5457057,-46.4827291,painel_prefeitura,Artur Alvim
6350-9,Sexta Feira,Tradicional,Rua,Eng Luiz Gomes C Sangirardi,640,Aclimacao,04112-080,Vila Mariana,-23.5799366,-46.6293607,painel_prefeitura,Vila Mariana
6360-6,Sexta Feira,Tradicional,Avenida,Prof Alceu Maynard Araujo,30,Varzea De Baixo,04726-160,Santo Amaro,-23.6350583,-46.7103986,painel_prefeitura,Santo Amaro
6370-3,Sexta Feira,Tradicional,Praça,Gomes Figueiredo,200,Vila Maria,02131-000,Vila Maria/Vila Guilherme,-23.5048482,-46.5826569,painel_prefeitura,Vila Maria
6380-0,Sexta Feira,Tradicional,Rua,Jose Pizza,100,Parada De Taipas,02815-010,Pirituba/Jaraguá,-23.4471034,-46.7160413,painel_prefeitura,Jaragua
6390-8,Sexta Feira,Tradicional,Praça,Danilo Jose Fernandes,516,Penha,03608-010,Penha,-23.5154559,-46.5440374,painel_prefeitura,Penha
6400-9,Sexta Feira,Tradicional,Rua,Jose Pereira Falcao,S/N,Jardim Marisa,05108-100,Pirituba/Jaraguá,-23.5081347,-46.7585809,painel_prefeitura,Jaguara
6401-7,Sexta Feira,Tradicional,Rua,Morro Do Frade,S/N,Jardim Da ConquiSanta,08341-180,Sapopemba,-23.6040883,-46.4501796,painel_prefeitura,Iguatemi
6402-5,Sexta Feira,Orgânica,Praça,Ciro Pontes,50,Mooca,03166-030,Mooca,-23.552977,-46.5994422,painel_prefeitura,Mooca
6711-3,Sexta Feira,Noturna,Rua,Benjamim Pereira,331,Jacana,02274-001,Jaçanã/Tremembé,-23.4679533,-46.5904837,painel_prefeitura,Jacana
6755-5,Sexta Feira,Tradicional,Largo,São Jose Do Belem,50,Belenzinho,03057-040,Mooca,-23.5411679,-46.5947321,painel_prefeitura,Belem
6797-0,Sexta Feira,Noturna,Praça,Torquato Plaza,152,Vila Grimaldi,03271-050,Sapopemba,-23.5989889,-46.5164685,painel_prefeitura,Sapopemba
6847-0,Sexta Feira,Tradicional,Avenida,Marcondes De Brito,484,Chacara Séis De Outubro,03509-000,Penha,-23.5358347,-46.5338239,painel_prefeitura,Vila Matilde
6881-0,Sexta Feira,Noturna,Rua,Itamira,351,Vila Andrade,05716-080,Campo Limpo,-23.6264266,-46.7338878,painel_prefeitura,Vila Andrade
6892-6,Sexta Feira,Tradicional,Rua,Rua Bruno Bertucci,200,Freguesia Do O,02910-100,Freguesia/Brasilândia,-23.5036936,-46.700063,painel_prefeitura,Freguesia do O
6912-4,Sexta Feira,Noturna,Praça,Júlio César De Campos,110,Parelheiros,04890-360,Parelheiros,-23.8283137,-46.7309089,painel_prefeitura,Parelheiros
6918-3,Sexta Feira,Tradicional,Rua,Mons Lourenco Giordano,676,Parque PauliSantano,08080-330,São Miguel,-23.4846469,-46.425396,painel_prefeitura,Jardim Helena
6934-5,Sexta Feira,Orgânica,Praça,Gal Gentil Falcao,70,Cidade Moncoes,04571-150,Pinheiros,-23.60488811,-46.69352936,painel_prefeitura,Itaim Bibi
6936-1,Sexta Feira,Tradicional,Rua,Matriz,32,Santo Amaro,04746-000,Santo Amaro,-23.654358,-46.7071178,painel_prefeitura,Santo Amaro
7000-9,Sábado,Tradicional,Rua,Goncalo Marinho De Castro,521,Jardim Avelino,03226-040,Vila Prudente,-23.5889463,-46.5714118,painel_prefeitura,Vila Prudente
7001-7,Sábado,Tradicional,Rua,Apace,110,Jabaquara,04347-110,Jabaquara,-23.6450026,-46.6463917,painel_prefeitura,Jabaquara
7002-5,Sábado,Tradicional,Rua,Loureiro Da Cruz C/ Urano,1,Aclimacao,01529-020,Sé,-23.570619,-46.6370276,painel_prefeitura,Liberdade
7003-3,Sábado,Tradicional,Rua,Mendes Goncalves,100,Pari,03027-010,Mooca,-23.5335844,-46.6134901,painel_prefeitura,Bras
7004-1,Sábado,Tradicional,Rua,Adolfo Gordo,129,Barra Funda,01217-020,Sé,-23.5335568,-46.6500876,painel_prefeitura,Santa Cecilia
7005-0,Sábado,Tradicional,Rua,Jaragua,129,Bom Retiro,01129-000,Sé,-23.5220708,-46.6420036,painel_prefeitura,Bom Retiro
7006-8,Sábado,Tradicional,Rua,Franca Pinto,1200,Vila Mariana,04016-035,Vila Mariana,-23.5892619,-46.6474617,painel_prefeitura,Vila Mariana
7007-6,Sábado,Tradicional,Rua,Tabajaras,100,Mooca,03121-010,Mooca,-23.562243,-46.6015968,painel_prefeitura,Mooca
7008-4,Sábado,Tradicional,Rua,Helade,80,Vila Santa Catarina,04634-000,Santo Amaro,-23.6403432,-46.6669282,painel_prefeitura,Campo Belo
7009-2,Sábado,Tradicional,Rua,Valentim Magalhaes,156,Vila Leste,03184-090,Mooca,-23.5633665,-46.5877608,painel_prefeitura,Agua Rasa
7010-6,Sábado,Tradicional,Rua,Serra De Jaire,832,Alto Da Mooca,03175-001,Mooca,-23.5498755,-46.5845917,painel_prefeitura,Belem
7011-4,Sábado,Tradicional,Rua,Eng Reinaldo Cajado,215,Belenzinho,03061-030,Mooca,-23.5372731,-46.5831686,painel_prefeitura,Belem
7012-2,Sábado,Tradicional,Rua,Marieta Da Silva,400,Vila Guilherme,02066-031,Vila Maria/Vila Guilherme,-23.5078905,-46.6049359,painel_prefeitura,Vila Guilherme
7013-0,Sábado,Tradicional,Rua,Araritaguaba,200,Vila Maria Baixa,02122-010,Vila Maria/Vila Guilherme,-23.5094783,-46.5906613,painel_prefeitura,Vila Maria
7015-7,Sábado,Tradicional,Rua,São Luis Do Paraitinga,24,Vila Zelina,03152-070,Vila Prudente,-23.5891635,-46.5847004,painel_prefeitura,Vila Prudente
7016-5,Sábado,Tradicional,Rua,Bonifacio De Abreu,50,Parque Jabaquara,04358-120,Santo Amaro,-23.6383634,-46.6556031,painel_prefeitura,Campo Belo
7017-3,Sábado,Tradicional,Rua,São Marum,300,Itaim Bibi,04543-017,Pinheiros,-23.5903397,-46.6897125,painel_prefeitura,Itaim Bibi
7018-1,Sábado,Tradicional,Rua,Mourato Coelho,1100,Vila Madalena,05417-002,Pinheiros,-23.5583023,-46.6910967,painel_prefeitura,Pinheiros
7019-0,Sábado,Tradicional,Rua,Barao Do Bananal C Coari,1000,Vila Pompeia,05024-000,Lapa,-23.5311975,-46.6871068,painel_prefeitura,Perdizes
7020-3,Sábado,Tradicional,Rua,Francisca Biriba,100,Imirim,02451-040,Santana/Tucuruvi,-23.5008756,-46.641679,painel_prefeitura,Santana
7021-1,Sábado,Tradicional,Rua,Pedro Ribeiro,100,Santana,02046-001,Santana/Tucuruvi,-23.4976256,-46.6129767,painel_prefeitura,Santana
7022-0,Sábado,Tradicional,Rua,Santa Fe Do Sul,288,Vila Maria,02133-010,Vila Maria/Vila Guilherme,-23.4987542,-46.5827713,painel_prefeitura,Vila Maria
7023-8,Sábado,Tradicional,Rua,Americo Samarone,300,Sacoma,04284-000,Ipiranga,-23.6060086,-46.6019186,painel_prefeitura,Sacoma
7024-6,Sábado,Tradicional,Rua,Divinopolis C/ Nsa Da Saude,234,Vila Moraes,04158-000,Ipiranga,-23.6229778,-46.617889,painel_prefeitura,Cursino
7025-4,Sábado,Tradicional,Avenida,Diederichsen,60,Vila Guarani,04310-000,Jabaquara,-23.6331468,-46.6405574,painel_prefeitura,Jabaquara
7026-2,Sábado,Tradicional,Rua,Ladislau Roman,7,Caxingui,05515-030,Butantã,-23.582413,-46.7135069,painel_prefeitura,Butanta
7028-9,Sábado,Tradicional,Rua,Santa Cruz De La Sierra,1,Pirituba,02937-080,Pirituba/Jaraguá,-23.4854228,-46.7220209,painel_prefeitura,Pirituba
7029-7,Sábado,Tradicional,Rua,Adutora Do Rio Claro,413,Sapopemba,03374-050,Sapopemba,-23.6397796,-46.449997,painel_prefeitura,Sao Rafael
7030-0,Sábado,Tradicional,Rua,Areiao,56,Tatuapé,03410-020,Aricanduva/Formosa/Carrão,-23.5502613,-46.5536407,painel_prefeitura,Carrao
7031-9,Sábado,Tradicional,Rua,General Socrates,32,Penha,03632-040,Penha,-23.5281569,-46.5512569,painel_prefeitura,Penha
7032-7,Sábado,Tradicional,Rua,Eneas De Barros,425,Vila Santana,03613-000,Penha,-23.5193416,-46.5340093,painel_prefeitura,Penha
7033-5,Sábado,Tradicional,Avenida,Melchert,1515,Vila Matilde,03508-000,Penha,-23.5395294,-46.525722,painel_prefeitura,Vila Matilde
7034-3,Sábado,Tradicional,Rua,Juarana C/ Do Canavial,45,Vila Nova Cachoeirinha,02612-150,Casa Verde/Cachoeirinha,-23.4748956,-46.6653308,painel_prefeitura,Cachoeirinha
7035-1,Sábado,Tradicional,Rua,Dos Sitiantes,360,Limao,02737-000,Freguesia/Brasilândia,-23.4899275,-46.6900215,painel_prefeitura,Freguesia do O
7036-0,Sábado,Tradicional,Rua,Almeida Merces,72,Tremembe,02372-010,Jaçanã/Tremembé,-23.4600039,-46.6222333,painel_prefeitura,Tremembe
7037-8,Sábado,Tradicional,Rua,Cachoeira Paulista,80,Cid Patriarca,03551-000,Penha,-23.5300598,-46.5051001,painel_prefeitura,Vila Matilde
7038-6,Sábado,Tradicional,Rua,Francisco Munhoz Filho,500,Cid Lider,08280-000,Itaquera,-23.5549562,-46.4658573,painel_prefeitura,Cidade Lider
7039-4,Sábado,Tradicional,Rua,Francisca De Paula,278,Vila Carrao,03436-000,Aricanduva/Formosa/Carrão,-23.556777,-46.5295923,painel_prefeitura,Carrao
7040-8,Sábado,Tradicional,Rua,Dona Leopoldina,243,Vila Nair,04278-040,Ipiranga,-23.6012391,-46.6115145,painel_prefeitura,Ipiranga
7041-6,Sábado,Tradicional,Avenida,Morais Costa,1050,Vila Reunidas,03253-000,Vila Prudente,-23.6108053,-46.5346806,painel_prefeitura,Sao Lucas
7042-4,Sábado,Tradicional,Rua,Eng Tomas Whately,252,Santo Amaro,04742-130,Santo Amaro,-23.6541717,-46.699581,painel_prefeitura,Santo Amaro
7043-2,Sábado,Tradicional,Avenida,Antonio Manograsso,234,Vila Formosa,03379-000,Aricanduva/Formosa/Carrão,-23.5774106,-46.5364874,painel_prefeitura,Vila Formosa
7044-0,Sábado,Tradicional,Rua,Dr Jose De Queiros Matoso,719,Vila Goncalves,02927-090,Freguesia/Brasilândia,-23.4982494,-46.7053602,painel_prefeitura,Freguesia do O
7045-9,Sábado,Tradicional,Rua,Paulino De Brito,700,Jardim Brásil,02223-010,Vila Maria/Vila Guilherme,-23.4762852,-46.5761067,painel_prefeitura,Vila Medeiros
7046-7,Sábado,Tradicional,Rua,Sebastiao De Freitas,246,Vila ConSantanca,02256-010,Santana/Tucuruvi,-23.4749786,-46.587188,painel_prefeitura,Tucuruvi
7047-5,Sábado,Tradicional,Alameda,Sub Tenente Francisco Hierro,300,Parque Novo Mundo,02187-040,Vila Maria/Vila Guilherme,-23.5148041,-46.565489,painel_prefeitura,Vila Maria
7048-3,Sábado,Tradicional,Avenida,Jose Maria Witaker,1780,Vila Clementino,04057-000,Vila Mariana,-23.6156055,-46.6437813,painel_prefeitura,Saude
7049-1,Sábado,Tradicional,Rua,Francisco Barreto,100,Jardim Primavera,04812-140,Capela do Socorro,-23.7122393,-46.6878598,painel_prefeitura,Cidade Dutra
7050-5,Sábado,Tradicional,Rua,Tales De Mileto,392,Cid A E Carvalho,03693-020,Penha,-23.5320404,-46.4747176,painel_prefeitura,Artur Alvim
7051-3,Sábado,Tradicional,Rua,Albino De Moraes,20,Vila Carioca,04223-120,Ipiranga,-23.6019409,-46.5918355,painel_prefeitura,Ipiranga
7052-1,Sábado,Tradicional,Rua,Ibiajara,478,Parada Xv Novembro,08246-101,Itaquera,-23.530001,-46.4347839,painel_prefeitura,Itaquera
7053-0,Sábado,Tradicional,Rua,Caraipe Das Aguas,176,Jardim Dos Ipes,08161-360,Itaim Paulista,-23.5049326,-46.4139693,painel_prefeitura,Vila Curuca
7054-8,Sábado,Tradicional,Rua,Cruz De Malta,300,Rodrigues Alves,02248-000,Santana/Tucuruvi,-23.4891687,-46.5991629,painel_prefeitura,Tucuruvi
7055-6,Sábado,Tradicional,Rua,Dona Maria Custodia,100,Lauzane PauliSanta,02460-070,Santana/Tucuruvi,-23.4888554,-46.6395557,painel_prefeitura,Santana
7056-4,Sábado,Tradicional,Rua,Dom Pedro I,S/N,Vila Invernada,03351-125,Mooca,-23.6032462,-46.6232622,painel_prefeitura,Cursino
7057-2,Sábado,Tradicional,Rua,Joao Jose De Queiroz,595,São Francisco,03679-000,Ermelino Matarazzo,-23.5202118,-46.4880227,painel_prefeitura,Ponte Rasa
7058-0,Sábado,Tradicional,Praça,Salvador Tolezano,100,Lauzane PauliSanta,02422-160,Santana/Tucuruvi,-23.4706365,-46.6369545,painel_prefeitura,Mandaqui
7059-9,Sábado,Tradicional,Avenida,Dom Azeredo Coutinho,125,Jardim Vila Formosa,03470-030,Aricanduva/Formosa/Carrão,-23.5691074,-46.5243291,painel_prefeitura,Aricanduva
7060-2,Sábado,Tradicional,Rua,Maria Nazaro Da Silva,224,Vila Brásilandia,02809-060,Freguesia/Brasilândia,-23.4701227,-46.7049836,painel_prefeitura,Freguesia do O
7061-0,Sábado,Tradicional,Rua,Povoado Do Rio Novo,100,Vila Mirante,02956-020,Pirituba/Jaraguá,-23.4711602,-46.7216152,painel_prefeitura,Pirituba
7062-9,Sábado,Tradicional,Praça,Charles Muller,0,Pacaembu,01234-010,Sé,-23.54467,-46.6650304,painel_prefeitura,Consolacao
7063-7,Sábado,Tradicional,Rua,Augusto Farina,S/N,Jardim Pinheiros,05594-000,Butantã,-23.5820893,-46.7402576,painel_prefeitura,Butanta
7064-5,Sábado,Tradicional,Rua,Jurubim,10,Pirituba,05170-100,Pirituba/Jaraguá,-23.4853009,-46.745823,painel_prefeitura,Pirituba
7065-3,Sábado,Tradicional,Rua,Jose Ataliba Ortiz,40,Vila Mangalot,05131-000,Pirituba/Jaraguá,-23.5049182,-46.7439861,painel_prefeitura,Sao Domingos
7066-1,Sábado,Tradicional,Rua,Joao Do Canto E Melo,671,Parque São Rafael,08311-280,São Mateus,-23.6280736,-46.4695094,painel_prefeitura,Sao Rafael
7067-0,Sábado,Tradicional,Rua,Diogo Jacome,291,Ibirapuera,04512-000,Vila Mariana,-23.5946889,-46.6661627,painel_prefeitura,Moema
7068-8,Sábado,Tradicional,Rua,Fruto Do Paraiso,10,Jardim Santana,08050-050,São Miguel,-23.510423,-46.4530269,painel_prefeitura,Vila Jacui
7069-6,Sábado,Tradicional,Rua,Helcio Da Silva,50,Vila Brásilandia,02854-060,Freguesia/Brasilândia,-23.4584323,-46.6990322,painel_prefeitura,Brasilandia
7070-0,Sábado,Tradicional,Rua,Antonio Vaz,38,Jardim Vergueiro,05818-240,M'Boi Mirim,-23.6672556,-46.7307367,painel_prefeitura,Jardim Sao Luis
7071-8,Sábado,Tradicional,Avenida,Claudio Franchi,49,Butantã,05633-000,Butantã,-23.5989971,-46.7394459,painel_prefeitura,Vila Sonia
7072-6,Sábado,Tradicional,Rua,Bela Vista,702,Vila Uniao,04709-001,Santo Amaro,-23.6317272,-46.6947077,painel_prefeitura,Santo Amaro
7073-4,Sábado,Tradicional,Rua,Otavio Tarquinio De Souza,1000,Piraquara,04613-002,Santo Amaro,-23.616672,-46.669966,painel_prefeitura,Campo Belo
7074-2,Sábado,Tradicional,Rua,Joaquim Neves Monteiro,228,Santo Amaro,04456-205,Santo Amaro,-23.6865361,-46.6786061,painel_prefeitura,Campo Grande
7075-0,Sábado,Tradicional,Avenida,Carlos Obheruber,123,Santo Amaro,04836-130,Capela do Socorro,-23.7406873,-46.706768,painel_prefeitura,Cidade Dutra
7076-9,Sábado,Tradicional,Rua,Bernardino Estazione,12,Vila Das Belezas,05840-030,M'Boi Mirim,-23.6445381,-46.7395496,painel_prefeitura,Jardim Sao Luis
7077-7,Sábado,Tradicional,Avenida,Berna,228,Vila Friburgo,04774-020,Capela do Socorro,-23.6841979,-46.7055478,painel_prefeitura,Socorro
7078-5,Sábado,Tradicional,Rua,Dr Virgilio Alvin Franco,10,Jardim D Abril,05399-130,Butantã,-23.5757405,-46.776099,painel_prefeitura,Rio Pequeno
7079-3,Sábado,Tradicional,Rua,Dr Eugenio Egas,250,Jardim Climax,04177-410,Ipiranga,-23.6393541,-46.6050625,painel_prefeitura,Sacoma
7081-5,Sábado,Tradicional,Rua,São Caetano Do Sul,518,Grajau,04840-230,Capela do Socorro,-23.7559567,-46.6849471,painel_prefeitura,Grajau
7082-3,Sábado,Tradicional,Rua,Jose Alves Da Cunha Lima,172,Rio Pequeno,05360-050,Butantã,-23.5676984,-46.7437854,painel_prefeitura,Rio Pequeno
7083-1,Sábado,Tradicional,Rua,Diogo Garcia,283,Jardim Planalto,08370-030,São Mateus,-23.597921,-46.452345,painel_prefeitura,Iguatemi
7084-0,Sábado,Tradicional,Rua,Monsenhor Salim,4,Jardim Das Oliveiras,08111-180,Itaim Paulista,-23.4880009,-46.3832703,painel_prefeitura,Itaim Paulista
7085-8,Sábado,Tradicional,Rua,Antonio Viegas De Ataide,50,Jardim Maria Sampaio,05790-120,Campo Limpo,-23.6413344,-46.7826148,painel_prefeitura,Campo Limpo
7087-4,Sábado,Tradicional,Rua,Prof Brito Machado,196,Vila Mastrocola,08215-000,Itaquera,-23.5347267,-46.4500974,painel_prefeitura,Itaquera
7088-2,Sábado,Tradicional,Rua,Maria Francisca Do Nascimento,125,Vila Cruzeiro,03386-110,Aricanduva/Formosa/Carrão,-23.5812848,-46.5285758,painel_prefeitura,Vila Formosa
7089-0,Sábado,Tradicional,Rua,Adelino De Almeida Castilho,27,Tatuapé,03073-050,Mooca,-23.5332042,-46.5568477,painel_prefeitura,Tatuape
7090-4,Sábado,Tradicional,Rua,Jose Joaquim,17,Jardim Grimaldi,03272-000,Sapopemba,-23.5994765,-46.5150566,painel_prefeitura,Sapopemba
7091-2,Sábado,Tradicional,Rua,Eng Jose Bueno Bicalho,50,Jardim Tropical,04176-260,Ipiranga,-23.6324564,-46.6043944,painel_prefeitura,Sacoma
7092-0,Sábado,Tradicional,Rua,Herison,253,Lauzane PauliSanta,02442-040,Santana/Tucuruvi,-23.4725129,-46.6441792,painel_prefeitura,Mandaqui
7098-0,Sábado,Tradicional,Rua,Antonio De Siqueira,330,Parque Cruzeiro Do Sul,08070-190,São Miguel,-23.4973517,-46.4620191,painel_prefeitura,Vila Jacui
7100-5,Sábado,Tradicional,Rua,Duarte Teixeira Chaves,50,Jardim Santo Andre,08390-130,São Mateus,-23.6332181,-46.4436893,painel_prefeitura,Sao Rafael
7102-1,Sábado,Tradicional,Rua,Laudelino Vieira De Campos,50,Jardim Da Felicidade,05143-020,Pirituba/Jaraguá,-23.4964956,-46.7253181,painel_prefeitura,Pirituba
7103-0,Sábado,Tradicional,Rua,Joaquim Miguel Dutra,237,Jardim Celia,08430-450,Guaianases,-23.5290396,-46.4187047,painel_prefeitura,Lajeado
7104-8,Sábado,Tradicional,Rua,Dr Paulo Ribeiro Coelho,10,Jardim Antonia,05374-000,Butantã,-23.5758868,-46.7614832,painel_prefeitura,Rio Pequeno
7106-4,Sábado,Tradicional,Rua,Pde Francisco De Toledo,10,Itaquera Cohab I,03590-000,Penha,-23.5496202,-46.4843563,painel_prefeitura,Artur Alvim
7107-2,Sábado,Tradicional,Rua,Juca De Azevedo,50,Jardim Marajoara,04654-015,Cidade Ademar,-23.6597278,-46.6772159,painel_prefeitura,Cidade Ademar
7108-0,Sábado,Tradicional,Rua,Victoria Marconato Zonta,214,Jardim Sapopemba,03975-090,Sapopemba,-23.6090321,-46.4926606,painel_prefeitura,Sapopemba
7109-9,Sábado,Tradicional,Rua,Mauro Araujo Ribeiro,46,Cid D Abril,05182-000,Pirituba/Jaraguá,-23.4534823,-46.7483419,painel_prefeitura,Jaragua
7110-2,Sábado,Tradicional,Rua,Salvador Ligabue,16,Vila Siqueira,02722-110,Casa Verde/Cachoeirinha,-23.5022998,-46.6765416,painel_prefeitura,Limao
7111-0,Sábado,Tradicional,Rua,Erasmus Grasser,12,Jardim Imbe,05863-060,M'Boi Mirim,-23.6772949,-46.7641506,painel_prefeitura,Jardim Angela
7113-7,Sábado,Tradicional,Rua,Antonio Fontoura Xavier,50,Vila Paulo Silas,03264-050,Vila Prudente,-23.5882627,-46.547045,painel_prefeitura,Sao Lucas
7114-5,Sábado,Tradicional,Rua,Dr Antonio Simoes De Carvalho,100,Jardim São Bernardo,04844-480,Capela do Socorro,-23.7553536,-46.7012821,painel_prefeitura,Grajau
7115-3,Sábado,Tradicional,Rua,Laura Bossi C Alfredo Ricci,50,Itaquera Cohab Ii,08250-730,Itaquera,-23.5431255,-46.434751,painel_prefeitura,Jose Bonifacio
7116-1,Sábado,Tradicional,Avenida,Gentil Braga,38,Vila Buenos Ayres,03737-020,Penha,-23.5108723,-46.514294,painel_prefeitura,Cangaiba
7118-8,Sábado,Tradicional,Avenida,Rufino Fernandes Inivarri,154,Barreira Grande,03907-020,Aricanduva/Formosa/Carrão,-23.5884834,-46.5068362,painel_prefeitura,Aricanduva
7122-6,Sábado,Tradicional,Rua,Luis Stolb,35,Jardim Vilas Boas,04416-060,Cidade Ademar,-23.6741401,-46.6385425,painel_prefeitura,Cidade Ademar
7123-4,Sábado,Tradicional,Rua,Herbert Spencer,50,Paraizopolis,05663-010,Campo Limpo,-23.6161928,-46.7202281,painel_prefeitura,Vila Andrade
7125-0,Sábado,Tradicional,Rua,Jairo Pinto Araujo,166,Jardim Ana Maria,02844-170,Freguesia/Brasilândia,-23.4688986,-46.6851577,painel_prefeitura,Brasilandia
7126-9,Sábado,Tradicional,Rua,Guiratinga,610,Chac Inglesa,04141-001,Vila Mariana,-23.6081972,-46.6290926,painel_prefeitura,Saude
7127-7,Sábado,Tradicional,Rua,Anastacio Trancoso,3,Jardim Nelia,08142-020,Itaim Paulista,-23.5094585,-46.3848261,painel_prefeitura,Itaim Paulista
7128-5,Sábado,Tradicional,Rua,Antonio Leite Penteado,318,Jardim Veronia,03816-000,Ermelino Matarazzo,-23.4878395,-46.4870027,painel_prefeitura,Ermelino Matarazzo
7132-3,Sábado,Tradicional,Avenida,Do Arvoreiro,100,Capela Do Socorro,04824-010,Capela do Socorro,-23.726896,-46.6984214,painel_prefeitura,Cidade Dutra
7133-1,Sábado,Tradicional,Rua,Felici Tosi,100,Sapopemba,03928-180,Sapopemba,-23.6067269,-46.5040083,painel_prefeitura,Sapopemba
7134-0,Sábado,Tradicional,Rua,Odemis,168,Jardim Umuarama,05783-180,Campo Limpo,-23.6441014,-46.7689728,painel_prefeitura,Campo Limpo
7135-8,Sábado,Tradicional,Avenida,Ver Jose Gomes Moraes Neto,100,Parque Residencial,04849-030,Capela do Socorro,-23.7419018,-46.6742714,painel_prefeitura,Grajau
7137-4,Sábado,Tradicional,Rua,Coracao De Maca,50,Tiradentes Cohab,08474-230,Cidade Tiradentes,-23.5821354,-46.40469,painel_prefeitura,Cidade Tiradentes
7139-0,Sábado,Tradicional,Rua,Maximo Barbosa,30,Jardim Marilu,02990-000,Pirituba/Jaraguá,-23.4315056,-46.724392,painel_prefeitura,Jaragua
7143-9,Sábado,Tradicional,Avenida,Jose Maria Witaker,1780,Planalto PauliSanta,04057-000,Vila Mariana,-23.6156055,-46.6437813,painel_prefeitura,Saude
7144-7,Sábado,Tradicional,Rua,Claudio Sergio Bere,10,Jardim Satelite,04815-110,Capela do Socorro,-23.7067971,-46.690182,painel_prefeitura,Cidade Dutra
7146-3,Sábado,Tradicional,Rua,Jose Aloysio Brandao Vilela,574,Jardim Nordeste,03688-100,Penha,-23.5277584,-46.4843166,painel_prefeitura,Artur Alvim
7147-1,Sábado,Tradicional,Rua,Tagua,1,Liberdade,01508-010,Sé,-23.5596017,-46.6364535,painel_prefeitura,Liberdade
7148-0,Sábado,Tradicional,Rua,Chris Tronbjerg,10,Paraíso,04001-090,Vila Mariana,-23.5698982,-46.6510538,painel_prefeitura,Vila Mariana
7153-6,Sábado,Tradicional,Rua,Torquato Neto,500,Brás,03041-030,Mooca,-23.5483013,-46.6190667,painel_prefeitura,Bras
7157-9,Sábado,Tradicional,Rua,Laranjeiras Do Sul,30,Pirituba,02981-030,Pirituba/Jaraguá,-23.4595084,-46.7179186,painel_prefeitura,Pirituba
7158-7,Sábado,Tradicional,Rua,Marco Aurelio Marilan,10,Jardim Almeida Prado,04854-170,Capela do Socorro,-23.7728988,-46.6899354,painel_prefeitura,Grajau
7159-5,Sábado,Tradicional,Avenida,Pedroso Da Silva,10,Chac Tres Meninas,08080-040,São Miguel,-23.4837187,-46.4330191,painel_prefeitura,Jardim Helena
7161-7,Sábado,Tradicional,Rua,Camargo Leme,100,Vila São Geraldo,08460-480,Guaianases,-23.5555392,-46.3975611,painel_prefeitura,Guaianases
7162-5,Sábado,Tradicional,Alameda,Ribeirao Preto,537,Cerqueira Cesar,01331-000,Sé,-23.5630938,-46.6543732,painel_prefeitura,Bela Vista
7170-6,Sábado,Tradicional,Praça,Monsenhor Escriva,20,Jardim São JoSé,02968-000,Pirituba/Jaraguá,-23.4850589,-46.7099232,painel_prefeitura,Pirituba
7171-4,Sábado,Tradicional,Rua,Campo De Vinha,50,Jardim Santa Terezinha,03572-090,Itaquera,-23.6941441,-46.6434879,painel_prefeitura,Cidade Ademar
7173-0,Sábado,Tradicional,Rua,Rafael Frederico,70,Vila Ponte Rasa,03880-040,Ermelino Matarazzo,-23.5081583,-46.4884374,painel_prefeitura,Ponte Rasa
7184-6,Sábado,Tradicional,Avenida,Caxingui,1000,Jardim Raposo Tavares,05579-001,Butantã,-23.5746124,-46.7121248,painel_prefeitura,Butanta
7192-7,Sábado,Tradicional,Avenida,Nascer Do Sol,100,Santa Etelvina Cohab,08485-020,Cidade Tiradentes,-23.591201,-46.4167177,painel_prefeitura,Cidade Tiradentes
7196-0,Sábado,Tradicional,Rua,Manoel Pereira Rosa,28,Jardim Fontalis,02360-001,Jaçanã/Tremembé,-23.4398953,-46.5772246,painel_prefeitura,Tremembe
7198-6,Sábado,Tradicional,Rua,Cristiano Lobe,100,Cid Tiradentes Cohab,08475-340,Cidade Tiradentes,-23.5923702,-46.4005426,painel_prefeitura,Cidade Tiradentes
7200-1,Sábado,Tradicional,Rua,Interativa,8,Jardim PauliSantano,02820-040,Pirituba/Jaraguá,-23.4481777,-46.7087371,painel_prefeitura,Jaragua
7203-6,Sábado,Tradicional,Rua,Presidente Felix Paiva,150,Jardim Jaragua,05265-050,Perus,-23.45091,-46.7888719,painel_prefeitura,Anhanguera
7205-2,Sábado,Tradicional,Rua,Francisco Da Cruz Mellao,213,Horto Do Ype,05782-351,Campo Limpo,-23.6526626,-46.7700301,painel_prefeitura,Campo Limpo
7207-9,Sábado,Tradicional,Rua,Bento Freitas,50,Republica,01220-000,Sé,-23.5422847,-46.6456632,painel_prefeitura,Republica
7208-7,Sábado,Tradicional,Rua,Do Acapuzal,9,Vila Cisper,03818-120,Ermelino Matarazzo,-23.4949971,-46.4965089,painel_prefeitura,Ermelino Matarazzo
7209-5,Sábado,Tradicional,Rua,Maria Garcia Betim,5,Jardim Das Laranjeiras,08381-040,São Mateus,-23.6025174,-46.4342548,painel_prefeitura,Iguatemi
7210-9,Sábado,Tradicional,Rua,Dr Celso Pacheco Betim,100,Parque Savoy City,03571-020,Itaquera,-23.5689442,-46.485297,painel_prefeitura,Cidade Lider
7214-1,Sábado,Tradicional,Rua,Adelina Linhares,10,Jardim Piratininga,03717-040,Penha,-23.5011221,-46.5363893,painel_prefeitura,Cangaiba
7215-0,Sábado,Tradicional,Avenida,Gustavo Berthier,307,Vila Dalva,05386-110,Butantã,-23.5640517,-46.7659195,painel_prefeitura,Rio Pequeno
7217-6,Sábado,Tradicional,Rua,Barao De Godofredo,50,Vila Verde,08230-550,Itaquera,-23.5197862,-46.4449497,painel_prefeitura,Itaquera
7218-4,Sábado,Tradicional,Rua,Quilombo Do Ambrosio,20,Vila Monte Santo,08062-020,São Miguel,-23.5046115,-46.4729072,painel_prefeitura,Vila Jacui
7219-2,Sábado,Tradicional,Rua,Cancao Do Exilio,65,Sacoma,04194-290,Ipiranga,-23.6526381,-46.6115963,painel_prefeitura,Sacoma
7220-6,Sábado,Tradicional,Rua,Da Conquistag,17,Cdhu Camargo Velho,08143-430,Itaim Paulista,-23.5277741,-46.3964742,painel_prefeitura,Lajeado
7222-2,Sábado,Tradicional,Rua,Jose Martins Dos Santos,100,Lajeado,08430-110,Guaianases,-23.5246843,-46.4277086,painel_prefeitura,Lajeado
7224-9,Sábado,Tradicional,Rua,Embu De Heliopolis,200,Heliopolis,04235-185,Ipiranga,-23.6109994,-46.5920917,painel_prefeitura,Sacoma
7225-7,Sábado,Tradicional,Rua,Recanto Dos Humildes,S/N,Recanto Dos Humildes,05209-000,Perus,-23.4131035,-46.7500977,painel_prefeitura,Perus
7230-3,Sábado,Tradicional,Praça,Prof Jaime Poggi,10,Jardim Maria Estela,04181-070,Ipiranga,-23.6368583,-46.6003537,painel_prefeitura,Sacoma
7233-8,Sábado,Tradicional,Avenida,Primavera,S/N,Vila Vargem Grande,04896-360,Parelheiros,-23.8565891,-46.70789372,painel_prefeitura,Parelheiros
7234-6,Sábado,Tradicional,Rua,Colantonio,314,Vila Andrade,05726-080,Campo Limpo,-23.6259018,-46.740812,painel_prefeitura,Vila Andrade
7235-4,Sábado,Tradicional,Rua,Irmao Deodoro,100,Vila Princesa Isabel,08410-410,Guaianases,-23.5449906,-46.4202593,painel_prefeitura,Guaianases
7238-9,Sábado,Tradicional,Rua,Prof Hasegawa,100,GuaianaSés,08260-090,Itaquera,-23.5633105,-46.4331312,painel_prefeitura,Jose Bonifacio
7239-7,Sábado,Tradicional,Rua,Dr Olivio Montenegro,50,Jardim Itapemirim,08220-740,Itaquera,-23.5344594,-46.4585974,painel_prefeitura,Itaquera
7240-0,Sábado,Tradicional,Rua,Caldas Novas,10,Vila Nova Esperanca,05164-090,Pirituba/Jaraguá,-23.447289,-46.5014301,painel_prefeitura,
7241-9,Sábado,Tradicional,Rua,Cardoso Moreira,100,Jardim Olinda,05766-290,Campo Limpo,-23.6326946,-46.7555068,painel_prefeitura,Campo Limpo
7242-7,Sábado,Tradicional,Rua,Marta Maria Bernardes,S/N,Vila Natal,04865-000,Capela do Socorro,-23.7639208,-46.7076284,painel_prefeitura,Grajau
7244-3,Sábado,Orgânica,Rua,Cantareira,1000,Centro,01103-200,Sé,-23.5346591,-46.6269916,painel_prefeitura,Bom Retiro
7246-0,Sábado,Tradicional,Rua,Alexandre Silva,100,Jardim Brásilia,02859-010,Freguesia/Brasilândia,-23.4415463,-46.7078845,painel_prefeitura,Brasilandia
7248-6,Sábado,Tradicional,Rua,Uirapuru Do Sertao,S/N,Parelheiros,04864-090,Parelheiros,-23.769548,-46.7228717,painel_prefeitura,Parelheiros
7252-4,Sábado,Tradicional,Rua,Reims,50,Casa Verde,02517-010,Casa Verde/Cachoeirinha,-23.508461,-46.6619345,painel_prefeitura,Casa Verde
7256-7,Sábado,Noturna,Rua,Cachoeira De Minas,10,São Mateus,03971-010,São Mateus,-23.6169325,-46.4788882,painel_prefeitura,Sao Mateus
7263-0,Sábado,Tradicional,Rua,Andre Lens,300,Jardim São Luiz,05862-130,M'Boi Mirim,-23.6656515,-46.7625109,painel_prefeitura,Capao Redondo
7265-6,Sábado,Tradicional,Rua,Lagoa Feia,303,Vila Carmosina,08290-410,Itaquera,-23.556319,-46.4532695,painel_prefeitura,Parque do Carmo
7267-2,Sábado,Orgânica,Parque,Burle Marx,200,Vila Andrade,05707-400,Campo Limpo,-23.6333022,-46.7221829,painel_prefeitura,Vila Andrade
7268-0,Sábado,Tradicional,Rua,Rodolfo Albino Silva,25,GuaianaSés,08420-580,Guaianases,-23.5488228,-46.4248892,painel_prefeitura,Guaianases
7269-9,Sábado,Tradicional,Avenida,Afonso Penteado,2019,Parque Do Carmo,08270-001,São Mateus,-23.5779772,-46.4806246,painel_prefeitura,Parque do Carmo
7270-2,Sábado,Tradicional,Avenida,Mateo Bei,1900,São Mateus,03949-100,São Mateus,-23.5994806,-46.4854674,painel_prefeitura,Sao Mateus
7271-0,Sábado,Orgânica,Rua,Curitiba,290,Paraíso,04005-030,Vila Mariana,-23.5826087,-46.6530661,painel_prefeitura,Moema
7272-9,Sábado,Noturna,Rua,Antonio Caldeira,125,Vila Antonieta,03475-040,Aricanduva/Formosa/Carrão,-23.5667286,-46.5103573,painel_prefeitura,Aricanduva
7293-1,Sábado,Tradicional,Praça,Floriano Peixoto,80,Santo Amaro,04750-010,Santo Amaro,-23.6513486,-46.7073947,painel_prefeitura,Santo Amaro
7319-9,Sábado,Tradicional,Rua,Anatole De Baudot,200,Vila Suzana,05641-100,Campo Limpo,-23.6172379,-46.7399726,painel_prefeitura,Vila Andrade
7354-7,Sábado,Orgânica,Rua,Dona Ana Germaine Buchard,286,Agua Branca,05002-061,Lapa,-23.5278799,-46.6733949,painel_prefeitura,Barra Funda
7370-9,Sábado,Tradicional,Avenida,David D Ferreira,S/N,Itaquera,08210-610,Itaquera,-23.5354697,-46.4540865,painel_prefeitura,Itaquera
7380-6,Sábado,Tradicional,Avenida,Utaro Kanai C/ Festa Chinesa,432,Jardim São Paulo,08465-000,Guaianases,-23.5656289,-46.3958944,painel_prefeitura,Guaianases
7390-3,Sábado,Tradicional,Rua,Dom Romeu Alberti,50,Lapa De Baixo,05069-050,Lapa,-23.5184233,-46.7003616,painel_prefeitura,Lapa
7400-4,Sábado,Tradicional,Rua,Jose Rodrigues Maciel,33,São Luis,05823-070,M'Boi Mirim,-23.663848,-46.749173,painel_prefeitura,Jardim Sao Luis
7401-2,Sábado,Tradicional,Rua,Santo Antonio De Categero,100,Vila Natalia,04251-010,Ipiranga,-23.622794,-46.5971162,painel_prefeitura,Sacoma
7406-3,Sábado,Tradicional,Rua,Crubixa,40,Vila Araguaia,03735-140,Penha,-23.5134189,-46.5214051,painel_prefeitura,Cangaiba
7481-0,Sábado,Tradicional,Rua,Preta,10,Jardim Iris,05144-060,Pirituba/Jaraguá,-23.5034642,-46.7153691,painel_prefeitura,Pirituba
7715-1,Sábado,Tradicional,Rua,Cabral De Ataide,S/N,Lajeado,08451-120,Guaianases,-23.53770852,-46.39890287,painel_prefeitura,Lajeado
7726-7,Sábado,Tradicional,Rua,Margarida Cardoso Dos Santos,50,Cid São Mateus,03961-010,São Mateus,-23.6002168,-46.4807591,painel_prefeitura,Sao Mateus
7806-9,Sábado,Tradicional,Rua,Pablo Picasso,1,Perdizes,05033-120,Lapa,-23.5199493,-46.6831355,painel_prefeitura,Barra Funda
7846-8,Sábado,Tradicional,Rua,Flor Do Espirito Santo,10,Vila Jacui,08050-080,São Miguel,-23.5147181,-46.4544074,painel_prefeitura,Vila Jacui
7882-4,Sábado,Tradicional,Rua,Miguel Masi Neto,657,Jardim Das Palmas,05749-330,Campo Limpo,-23.6187242,-46.7479323,painel_prefeitura,Vila Andrade
7920-0,Sábado,Tradicional,Rua,Joao Felisberto Moreira,12,Vila Jacui,08060-140,São Miguel,-23.4996307,-46.4518336,painel_prefeitura,Vila Jacui
7930-8,Sábado,Tradicional,Rua,Daniel Bernardo,181,São Miguel,08010-100,São Miguel,-23.4945908,-46.4429308,painel_prefeitura,Sao Miguel
7973-1,Sábado,Tradicional,Rua,Piavunas,69,Bal São Francisco,04473-040,Cidade Ademar,-23.700665,-46.6504959,painel_prefeitura,Pedreira
7975-8,Sábado,Tradicional,Rua,Dronsfield,263,Lapa,05074-000,Lapa,-23.5189215,-46.7051909,painel_prefeitura,Lapa
7977-4,Sábado,Tradicional,Rua,São Felippe,737,Parque São Jorge,03085-010,Mooca,-23.5282869,-46.5706862,painel_prefeitura,Tatuape
7981-2,Sábado,Orgânica,Rua,Xavier De Almeida,112,Ipiranga,04211-000,Ipiranga,-23.5868536,-46.6086236,painel_prefeitura,Ipiranga
7985-5,Sábado,Tradicional,Rua,Joao Da Praia,55,Parque Dos Bancarios,03923-035,Sapopemba,-23.5924279,-46.5128217,painel_prefeitura,Sapopemba
