id,dia,categoria,tipo_logradouro,logradouro,numero,bairro,referencia,cep,subprefeitura,endereco_completo,endereco_geocode,lat,lng,geocode_status
1001-4,Domingo,Tradicional,Rua,Teixeira Leite com São Paulo,S/N,Liberdade,Baixos Viaduto Glicerio,01514-010,Sé,"Rua Teixeira Leite com São Paulo, Liberdade","Rua Teixeira Leite, Liberdade, São Paulo - SP, 01514-010",,,
1002-2,Domingo,Tradicional,Rua,Conselheiro Belisario,S/N,Bras,Rua Maria Marcolina,03012-000,Mooca,"Rua Conselheiro Belisario, Bras","Rua Conselheiro Belisario, Bras, São Paulo - SP, 03012-000",,,
1003-0,Domingo,Tradicional,Rua,Ingles de Souza,618,Cambuci,Av Lins de Vasconcelos,01546-010,Sé,"Rua Ingles de Souza, 618, Cambuci","Rua Ingles de Souza, 618, Cambuci, São Paulo - SP, 01546-010",,,
1004-9,Domingo,Tradicional,Rua,Fabia C Aurelia,701,Vila Romana,Rua Catao,05046-000,Lapa,"Rua Fabia C Aurelia, 701, Vila Romana","Rua Fabia C Aurelia, 701, Vila Romana, São Paulo - SP, 05046-000",,,
1005-7,Domingo,Tradicional,Rua,Bresser,2701,Mooca,,03162-030,Mooca,"Rua Bresser, 2701, Mooca","Rua Bresser, 2701, Mooca, São Paulo - SP, 03162-030",,,
1006-5,Domingo,Tradicional,Rua,Belarmino Matos,S/N,Quarta Parada,Viaduto Guadalajara,03062-030,Mooca,"Rua Belarmino Matos, Quarta Parada","Rua Belarmino Matos, Quarta Parada, São Paulo - SP, 03062-030",,,
1007-3,Domingo,Tradicional,Rua,Agostinho Gomes,S/N,Ipiranga,Rua dos Patriotas,04206-000,Ipiranga,"Rua Agostinho Gomes, Ipiranga","Rua Agostinho Gomes, Ipiranga, São Paulo - SP, 04206-000",,,
1008-1,Domingo,Tradicional,Rua,Tuiuti,2753,Tatuape,Praca Silvio Romero,03307-005,Mooca,"Rua Tuiuti, 2753, Tatuape","Rua Tuiuti, 2753, Tatuape, São Paulo - SP, 03307-005",,,
1009-0,Domingo,Tradicional,Rua,Oliveira Melo,779,Vila São Jose,Tv da Rua Doutor Mario Vicente,04271-000,Ipiranga,"Rua Oliveira Melo, 779, Vila São Jose","Rua Oliveira Melo, 779, Vila São Jose, São Paulo - SP, 04271-000",,,
1010-3,Domingo,Tradicional,Rua,Coronel Oscar Porto,629,Paraiso,Tv Sampaio Viana,04003-042,Vila Mariana,"Rua Coronel Oscar Porto, 629, Paraiso","Rua Coronel Oscar Porto, 629, Paraiso, São Paulo - SP, 04003-042",,,
1011-1,Domingo,Tradicional,Rua,Sebastiao Pereira,553,Santa Cecilia,Rua Jaguaribe e Alameda Barros,01225-020,Sé,"Rua Sebastiao Pereira, 553, Santa Cecilia","Rua Sebastiao Pereira, 553, Santa Cecilia, São Paulo - SP, 01225-020",,,
1012-0,Domingo,Tradicional,Rua,Jose Zappi,S/N,Vila Prudente,Rua Capitao Pacheco Chaves,03128-140,Vila Prudente,"Rua Jose Zappi, Vila Prudente","Rua Jose Zappi, Vila Prudente, São Paulo - SP, 03128-140",,,
1013-8,Domingo,Tradicional,Rua,Terezina,615,Alto da Mooca,Campo Largo e Manaus,03185-010,Mooca,"Rua Terezina, 615, Alto da Mooca","Rua Terezina, 615, Alto da Mooca, São Paulo - SP, 03185-010",,,
1014-6,Domingo,Tradicional,Avenida,Engenheiro Caetano Alvares,S/N,Mandaqui,Px Rua Voluntarios da Patria,02413-100,Santana/Tucuruvi,"Avenida Engenheiro Caetano Alvares, Mandaqui","Avenida Engenheiro Caetano Alvares, Mandaqui, São Paulo - SP, 02413-100",,,
1015-4,Domingo,Tradicional,Avenida,Inhaiba,S/N,Moinho Velho,Rua Vergueiro,04292-050,Ipiranga,"Avenida Inhaiba, Moinho Velho","Avenida Inhaiba, Moinho Velho, São Paulo - SP, 04292-050",,,
1016-2,Domingo,Tradicional,Rua,Doutor Vicente Giacaglini,S/N,Vila Bela,Rua Costa Barros,03203-000,Vila Prudente,"Rua Doutor Vicente Giacaglini, Vila Bela","Rua Doutor Vicente Giacaglini, Vila Bela, São Paulo - SP, 03203-000",,,
1017-0,Domingo,Tradicional,Avenida,Lavandisca,644,Moema,Prx R Canarios Bairro Moema,04515-011,Vila Mariana,"Avenida Lavandisca, 644, Moema","Avenida Lavandisca, 644, Moema, São Paulo - SP, 04515-011",,,
1018-9,Domingo,Tradicional,Rua,Vicente Soares,S/N,Santa Terezinha,Entre R Joao Bat S Faria,02403-070,Santana/Tucuruvi,"Rua Vicente Soares, Santa Terezinha","Rua Vicente Soares, Santa Terezinha, São Paulo - SP, 02403-070",,,
1019-7,Domingo,Tradicional,Avenida,Baruel,661,Baruel,Avenida Casa Verde,02522-000,Casa Verde/Cachoeirinha,"Avenida Baruel, 661, Baruel","Avenida Baruel, 661, Baruel, São Paulo - SP, 02522-000",,,
1020-0,Domingo,Tradicional,Rua,Carlos Belmiro Correa,461,Pq Peruche,Aguas Virtuosas e Santa Eudoxia,02532-012,Casa Verde/Cachoeirinha,"Rua Carlos Belmiro Correa, 461, Pq Peruche","Rua Carlos Belmiro Correa, 461, Pq Peruche, São Paulo - SP, 02532-012",,,
1021-9,Domingo,Tradicional,Avenida,Eulina,318,Jardim Primavera,Avenida Deputado Emilio Carlos,02755-140,Casa Verde/Cachoeirinha,"Avenida Eulina, 318, Jardim Primavera","Avenida Eulina, 318, Jardim Primavera, São Paulo - SP, 02755-140",,,
1022-7,Domingo,Tradicional,Rua,Benedito Guedes de Oliveira,450,Vila Palmeiras,Av Nafar Souza,02727-030,Freguesia/Brasilândia,"Rua Benedito Guedes de Oliveira, 450, Vila Palmeiras","Rua Benedito Guedes de Oliveira, 450, Vila Palmeiras, São Paulo - SP, 02727-030",,,
1023-5,Domingo,Tradicional,Rua,Casa Forte,S/N,Tucuruvi,Avenida Nova Cantareira,02336-040,Santana/Tucuruvi,"Rua Casa Forte, Tucuruvi","Rua Casa Forte, Tucuruvi, São Paulo - SP, 02336-040",,,
1024-3,Domingo,Tradicional,Rua,Ataliba Vieira,223,Medeiros,Av Nossa Senhora do Loreto,02216-000,Vila Maria/Vila Guilherme,"Rua Ataliba Vieira, 223, Medeiros","Rua Ataliba Vieira, 223, Medeiros, São Paulo - SP, 02216-000",,,
1025-1,Domingo,Tradicional,Rua,Kaneda,304,Jardim Japao,Praca Cianorte,02132-030,Vila Maria/Vila Guilherme,"Rua Kaneda, 304, Jardim Japao","Rua Kaneda, 304, Jardim Japao, São Paulo - SP, 02132-030",,,
1026-0,Domingo,Tradicional,Rua,Benjamim Pereira,521,Jacana,Entre Elimo e Emil Figueiredo,02274-001,Jaçanã/Tremembé,"Rua Benjamim Pereira, 521, Jacana","Rua Benjamim Pereira, 521, Jacana, São Paulo - SP, 02274-001",,,
1027-8,Domingo,Tradicional,Rua,Dos Patis,335,Vila Bela Vista,Benedito Guedes Oliveira 226,02613-000,Casa Verde/Cachoeirinha,"Rua Dos Patis, 335, Vila Bela Vista","Rua Dos Patis, 335, Vila Bela Vista, São Paulo - SP, 02613-000",,,
1028-6,Domingo,Tradicional,Rua,Carneiro da Cunha,S/N,Vila da Saude,Esq Visconde Inhauma,04144-000,Vila Mariana,"Rua Carneiro da Cunha, Vila da Saude","Rua Carneiro da Cunha, Vila da Saude, São Paulo - SP, 04144-000",,,
1029-4,Domingo,Tradicional,Rua,Ibiapaba,S/N,Vila Sonia,Rua Manoel Jacinto,05625-020,Butantã,"Rua Ibiapaba, Vila Sonia","Rua Ibiapaba, Vila Sonia, São Paulo - SP, 05625-020",,,
1030-8,Domingo,Tradicional,Avenida,Trumain com Henrique Morize,S/N,Vila Formosa,Praca Liberia,03366-000,Aricanduva/Formosa/Carrão,"Avenida Trumain com Henrique Morize, Vila Formosa","Avenida Trumain, Vila Formosa, São Paulo - SP, 03366-000",,,
1031-6,Domingo,Tradicional,Rua,Comendador Gil Pinheiro,325,Vila California,Viaduto Vila Carrao,03406-000,Aricanduva/Formosa/Carrão,"Rua Comendador Gil Pinheiro, 325, Vila California","Rua Comendador Gil Pinheiro, 325, Vila California, São Paulo - SP, 03406-000",,,
1032-4,Domingo,Tradicional,Rua,Omacha,530,Penha,Avenida Amador Bueno da Veiga,03610-020,Penha,"Rua Omacha, 530, Penha","Rua Omacha, 530, Penha, São Paulo - SP, 03610-020",,,
1033-2,Domingo,Tradicional,Rua,Carlos Cesar,S/N,Vila Divina Pastora,Es Oratorio e Professor Luiz I Melo,03265-020,Vila Prudente,"Rua Carlos Cesar, Vila Divina Pastora","Rua Carlos Cesar, Vila Divina Pastora, São Paulo - SP, 03265-020",,,
1034-0,Domingo,Tradicional,Praça,Bauxita,95,Vila Dalila,Waldemar Carlos Pereira,03520-050,Penha,"Praça Bauxita, 95, Vila Dalila","Praça Bauxita, 95, Vila Dalila, São Paulo - SP, 03520-050",,,
1035-9,Domingo,Tradicional,Rua,Nilza,S/N,Vila Esperanca,Vila Esperanca,03651-120,Penha,"Rua Nilza, Vila Esperanca","Rua Nilza, Vila Esperanca, São Paulo - SP, 03651-120",,,
1036-7,Domingo,Tradicional,Rua,Benedito Leal,117,Pq Artur Alvim,Rua Desembargador Rocha Portela,03567-060,Penha,"Rua Benedito Leal, 117, Pq Artur Alvim","Rua Benedito Leal, 117, Pq Artur Alvim, São Paulo - SP, 03567-060",,,
1037-5,Domingo,Tradicional,Rua,Ken Sugaya,S/N,Itaquera,E Colonial das Missoes,08210-100,Itaquera,"Rua Ken Sugaya, Itaquera","Rua Ken Sugaya, Itaquera, São Paulo - SP, 08210-100",,,
1038-3,Domingo,Tradicional,Rua,Shobee Kumagai,6996,Ermelino Matarazzo,Avenida Paranagua,03809-020,Ermelino Matarazzo,"Rua Shobee Kumagai, 6996, Ermelino Matarazzo","Rua Shobee Kumagai, 6996, Ermelino Matarazzo, São Paulo - SP, 03809-020",,,
1039-1,Domingo,Tradicional,Rua,Coutinho e Melo,S/N,Guaianazes,Entre Fco Pinhero e Melo Paiva,08411-090,Guaianases,"Rua Coutinho e Melo, Guaianazes","Rua Coutinho e Melo, Guaianazes, São Paulo - SP, 08411-090",,,
1040-5,Domingo,Tradicional,Estrada,Do Sabao,448,Cruz das Almas,Av Elisio Teixeira Leite,02806-000,Freguesia/Brasilândia,"Estrada Do Sabao, 448, Cruz das Almas","Estrada Do Sabao, 448, Cruz das Almas, São Paulo - SP, 02806-000",,,
1041-3,Domingo,Tradicional,Rua,Antonio Correia,618,Vila Bonilha,Antonio Correa 1B,02917-050,Pirituba/Jaraguá,"Rua Antonio Correia, 618, Vila Bonilha","Rua Antonio Correia, 618, Vila Bonilha, São Paulo - SP, 02917-050",,,
1042-1,Domingo,Tradicional,Rua,Jureia,S/N,Santa Cruz,Entre R S.cruz/jorge Tibirica,04140-110,Vila Mariana,"Rua Jureia, Santa Cruz","Rua Jureia, Santa Cruz, São Paulo - SP, 04140-110",,,
1043-0,Domingo,Tradicional,Rua,Agamenon Magalhaes,138,Santa Edwiges,Rua Adao Goncalves,05105-090,Lapa,"Rua Agamenon Magalhaes, 138, Santa Edwiges","Rua Agamenon Magalhaes, 138, Santa Edwiges, São Paulo - SP, 05105-090",,,
1044-8,Domingo,Tradicional,Praça,Nova America,15-A,Cidade Vargas,Esq Rua São Wenceslau,04316-090,Jabaquara,"Praça Nova America, 15-A, Cidade Vargas","Praça Nova America, 15-A, Cidade Vargas, São Paulo - SP, 04316-090",,,
1045-6,Domingo,Tradicional,Rua,Joaquim Gouveia Franco,173,Cidade São Matheus,Avenida Mateo Bei,03961-020,São Mateus,"Rua Joaquim Gouveia Franco, 173, Cidade São Matheus","Rua Joaquim Gouveia Franco, 173, Cidade São Matheus, São Paulo - SP, 03961-020",,,
1046-4,Domingo,Tradicional,Rua,Buenopolis,62,Vila Diva,S/inform,03161-010,Mooca,"Rua Buenopolis, 62, Vila Diva","Rua Buenopolis, 62, Vila Diva, São Paulo - SP, 03161-010",,,
1047-2,Domingo,Tradicional,Avenida,Professor Assis Veloso,817,Jardim São Vicente,Estrada São Paulo Rio,08021-470,São Miguel,"Avenida Professor Assis Veloso, 817, Jardim São Vicente","Avenida Professor Assis Veloso, 817, Jardim São Vicente, São Paulo - SP, 08021-470",,,
1048-0,Domingo,Tradicional,Rua,Jose Joaquim Seabra,S/N,Vila Tiradentes,Estrada de Cotia,05364-000,Butantã,"Rua Jose Joaquim Seabra, Vila Tiradentes","Rua Jose Joaquim Seabra, Vila Tiradentes, São Paulo - SP, 05364-000",,,
1049-9,Domingo,Tradicional,Rua,Professor Alzira de o Gilioli,1817,Vila Rica,Centro Esportivo Municipal,03905-100,Aricanduva/Formosa/Carrão,"Rua Professor Alzira de o Gilioli, 1817, Vila Rica","Rua Professor Alzira de o Gilioli, 1817, Vila Rica, São Paulo - SP, 03905-100",,,
1050-2,Domingo,Tradicional,Rua,Doutor Tolstoi de Carvalho,S/N,Sapopemba,Avenida Sapopemba,03269-020,Sapopemba,"Rua Doutor Tolstoi de Carvalho, Sapopemba","Rua Doutor Tolstoi de Carvalho, Sapopemba, São Paulo - SP, 03269-020",,,
1051-0,Domingo,Tradicional,Rua,Mere Marie Annais do Sion,S/N,Vila Nova Mazzei,Avenida Sezefredo Fagundes,02343-030,Santana/Tucuruvi,"Rua Mere Marie Annais do Sion, Vila Nova Mazzei","Rua Mere Marie Annais do Sion, Vila Nova Mazzei, São Paulo - SP, 02343-030",,,
1052-9,Domingo,Tradicional,Rua,Canedos,S/N,Vila Gustavo,,02252-010,Santana/Tucuruvi,"Rua Canedos, Vila Gustavo","Rua Canedos, Vila Gustavo, São Paulo - SP, 02252-010",,,
1053-7,Domingo,Tradicional,Rua,Doutor Costa Junior C Tanabi,35,Agua Branca,Avenida Antartica,05002-000,Lapa,"Rua Doutor Costa Junior C Tanabi, 35, Agua Branca","Rua Doutor Costa Junior C Tanabi, 35, Agua Branca, São Paulo - SP, 05002-000",,,
1054-5,Domingo,Tradicional,Rua,Assungui com Americo Ribeiro,S/N,Vila Gumercindo,Rua Santa Cruz,04131-000,Ipiranga,"Rua Assungui com Americo Ribeiro, Vila Gumercindo","Rua Assungui, Vila Gumercindo, São Paulo - SP, 04131-000",,,
1055-3,Domingo,Tradicional,Rua,Luis Pinto,S/N,Vila Carrao,Rua Conselheiro Carrao,03427-000,Aricanduva/Formosa/Carrão,"Rua Luis Pinto, Vila Carrao","Rua Luis Pinto, Vila Carrao, São Paulo - SP, 03427-000",,,
1056-1,Domingo,Tradicional,Rua,Pedro Henrique de o Braganca,S/N,Vila Jaguara,Pc Rocha Falcao 21,05117-002,Lapa,"Rua Pedro Henrique de o Braganca, Vila Jaguara","Rua Pedro Henrique de o Braganca, Vila Jaguara, São Paulo - SP, 05117-002",,,
1057-0,Domingo,Tradicional,Rua,Rodolfo Marcos Teofilo,248,Jardim Eliseo,R Henry Charles Potel,02862-100,Freguesia/Brasilândia,"Rua Rodolfo Marcos Teofilo, 248, Jardim Eliseo","Rua Rodolfo Marcos Teofilo, 248, Jardim Eliseo, São Paulo - SP, 02862-100",,,
1058-8,Domingo,Tradicional,Rua,Doutora Neyde Apparecida Sollito,S/N,Vila Clementino,Napoleao de Barros e Botucatu,04022-040,Vila Mariana,"Rua Doutora Neyde Apparecida Sollito, Vila Clementino","Rua Doutora Neyde Apparecida Sollito, Vila Clementino, São Paulo - SP, 04022-040",,,
1059-6,Domingo,Tradicional,Rua,Helion Povoa,165,Vila Olimpia,Entre Santo Amaro e Uberibinha,04546-080,Pinheiros,"Rua Helion Povoa, 165, Vila Olimpia","Rua Helion Povoa, 165, Vila Olimpia, São Paulo - SP, 04546-080",,,
1060-0,Domingo,Tradicional,Rua,Luciano Broinizzi C Japi,191,Vila Ede,Estrada da Conceicao,02083-120,Vila Maria/Vila Guilherme,"Rua Luciano Broinizzi C Japi, 191, Vila Ede","Rua Luciano Broinizzi C Japi, 191, Vila Ede, São Paulo - SP, 02083-120",,,
1061-8,Domingo,Tradicional,Rua,Valente de Novaes,S/N,Jardim Camargo,R Tiburcio Souza/alb Pinheiro,08120-420,Itaim Paulista,"Rua Valente de Novaes, Jardim Camargo","Rua Valente de Novaes, Jardim Camargo, São Paulo - SP, 08120-420",,,
1062-6,Domingo,Tradicional,Rua,Francisco Souza Queiroz,92,Vila Rio Branco,Avenida Lagoa Mirim,03874-100,Ermelino Matarazzo,"Rua Francisco Souza Queiroz, 92, Vila Rio Branco","Rua Francisco Souza Queiroz, 92, Vila Rio Branco, São Paulo - SP, 03874-100",,,
1063-4,Domingo,Tradicional,Rua,Camomila,852,Jardim Helena,Ref Rua Erva Andorinha,08090-530,São Miguel,"Rua Camomila, 852, Jardim Helena","Rua Camomila, 852, Jardim Helena, São Paulo - SP, 08090-530",,,
1065-0,Domingo,Tradicional,Praça,Bras Goncalves,S/N,Jardim da Saude,Final Av Bosque da Saude,04148-040,Ipiranga,"Praça Bras Goncalves, Jardim da Saude","Praça Bras Goncalves, Jardim da Saude, São Paulo - SP, 04148-040",,,
1066-9,Domingo,Tradicional,Rua,Antonio Lamas,31,Vila Cristalia,Estrada das Lagrimas,04257-190,Ipiranga,"Rua Antonio Lamas, 31, Vila Cristalia","Rua Antonio Lamas, 31, Vila Cristalia, São Paulo - SP, 04257-190",,,
1067-7,Domingo,Tradicional,Rua,Hugo Vitor da Silva,S/N,Americanopolis,São Paulo,04340-040,Jabaquara,"Rua Hugo Vitor da Silva, Americanopolis","Rua Hugo Vitor da Silva, Americanopolis, São Paulo - SP, 04340-040",,,
1068-5,Domingo,Tradicional,Rua,Goita,130,Cangaiba,Avenida Cangaiba,03715-040,Penha,"Rua Goita, 130, Cangaiba","Rua Goita, 130, Cangaiba, São Paulo - SP, 03715-040",,,
1070-7,Domingo,Tradicional,Rua,Francisco Soares,S/N,Pq Regina,Entre Francisco Soares,05774-300,Campo Limpo,"Rua Francisco Soares, Pq Regina","Rua Francisco Soares, Pq Regina, São Paulo - SP, 05774-300",,,
1071-5,Domingo,Tradicional,Rua,Jose Bezerra Filho,49,Pq Grajau,Estrada do Borore-panif.grajau,04842-340,Capela do Socorro,"Rua Jose Bezerra Filho, 49, Pq Grajau","Rua Jose Bezerra Filho, 49, Pq Grajau, São Paulo - SP, 04842-340",,,
1073-1,Domingo,Tradicional,Avenida,Cachoeira Santa Cruz,751,Jardim Popular,Ent Girassol e Manoel Oliveira,03625-000,Ermelino Matarazzo,"Avenida Cachoeira Santa Cruz, 751, Jardim Popular","Avenida Cachoeira Santa Cruz, 751, Jardim Popular, São Paulo - SP, 03625-000",,,
1074-0,Domingo,Tradicional,Rua,Aderbal Stresser,S/N,Jardim Arpoador,Km 18 da Rv Raposo Tavares,05566-000,Butantã,"Rua Aderbal Stresser, Jardim Arpoador","Rua Aderbal Stresser, Jardim Arpoador, São Paulo - SP, 05566-000",,,
1075-8,Domingo,Tradicional,Rua,Almirante Otacilio Cunha,S/N,Pq Santa Madalena,Avenida Sapopemba ALT.10050,03982-190,Sapopemba,"Rua Almirante Otacilio Cunha, Pq Santa Madalena","Rua Almirante Otacilio Cunha, Pq Santa Madalena, São Paulo - SP, 03982-190",,,
1076-6,Domingo,Tradicional,Rua,Alba C Joaquim Morais,302,Santa Catarina,Joaquim Moraes e Joao B Meneze,04346-000,Jabaquara,"Rua Alba C Joaquim Morais, 302, Santa Catarina","Rua Alba C Joaquim Morais, 302, Santa Catarina, São Paulo - SP, 04346-000",,,
1077-4,Domingo,Tradicional,Rua,Arnaldo Magnicaro,398,Jardim Jurubatuba,Av Nossa Senhora do Sabara,04691-060,Santo Amaro,"Rua Arnaldo Magnicaro, 398, Jardim Jurubatuba","Rua Arnaldo Magnicaro, 398, Jardim Jurubatuba, São Paulo - SP, 04691-060",,,
1078-2,Domingo,Tradicional,Avenida,Amadeu da Silva Samello,S/N,Campo Limpo,Tv Es Campo Limpo,05760-140,Campo Limpo,"Avenida Amadeu da Silva Samello, Campo Limpo","Avenida Amadeu da Silva Samello, Campo Limpo, São Paulo - SP, 05760-140",,,
1079-0,Domingo,Tradicional,Avenida,Cupece,25,Cidade Ademar,S/inform,04366-000,Cidade Ademar,"Avenida Cupece, 25, Cidade Ademar","Avenida Cupece, 25, Cidade Ademar, São Paulo - SP, 04366-000",,,
1080-4,Domingo,Tradicional,Rua,Nossa Senhora do Outeiro,S/N,Cidade Dutra,R Guaruva e Santa Gregoria,04807-010,Capela do Socorro,"Rua Nossa Senhora do Outeiro, Cidade Dutra","Rua Nossa Senhora do Outeiro, Cidade Dutra, São Paulo - SP, 04807-010",,,
1081-2,Domingo,Tradicional,Avenida,Nova Independencia,S/N,Cidade Moncoes,Entre Os N.s 489 e 837,04570-001,Pinheiros,"Avenida Nova Independencia, Cidade Moncoes","Avenida Nova Independencia, Cidade Moncoes, São Paulo - SP, 04570-001",,,
1082-0,Domingo,Tradicional,Rua,Marcelino Coelho,S/N,Jardim Angela,S/inf.,04939-010,M'Boi Mirim,"Rua Marcelino Coelho, Jardim Angela","Rua Marcelino Coelho, Jardim Angela, São Paulo - SP, 04939-010",,,
1083-9,Domingo,Tradicional,Rua,Antonio Pereira Taques,15,Jardim Presidente,Antonio Pereira Taques,04828-120,Capela do Socorro,"Rua Antonio Pereira Taques, 15, Jardim Presidente","Rua Antonio Pereira Taques, 15, Jardim Presidente, São Paulo - SP, 04828-120",,,
1084-7,Domingo,Tradicional,Avenida,Angelo Cristianini,32,Jardim Miriam,Entre Cupece e Av Assembleia,04424-000,Cidade Ademar,"Avenida Angelo Cristianini, 32, Jardim Miriam","Avenida Angelo Cristianini, 32, Jardim Miriam, São Paulo - SP, 04424-000",,,
1085-5,Domingo,Tradicional,Rua,Arraial dos Couros,S/N,Jardim São Luiz,Entre Geraldo Fraga Oliveira,05843-140,M'Boi Mirim,"Rua Arraial dos Couros, Jardim São Luiz","Rua Arraial dos Couros, Jardim São Luiz, São Paulo - SP, 05843-140",,,
1086-3,Domingo,Tradicional,Avenida,Inacio Cunha Leme,357,Jardim Ipanema,Avenida Robert Kenedy,04784-145,Capela do Socorro,"Avenida Inacio Cunha Leme, 357, Jardim Ipanema","Avenida Inacio Cunha Leme, 357, Jardim Ipanema, São Paulo - SP, 04784-145",,,
1087-1,Domingo,Tradicional,Rua,Augusto de Castro,74,Pedreira,Estrada do Alvarenga,04466-090,Cidade Ademar,"Rua Augusto de Castro, 74, Pedreira","Rua Augusto de Castro, 74, Pedreira, São Paulo - SP, 04466-090",,,
1088-0,Domingo,Tradicional,Estrada,De Itapecerica,S/N,Pq Fernanda,Km 24 Estrada de Itapecerica,05858-003,Campo Limpo,"Estrada De Itapecerica, Pq Fernanda","Estrada De Itapecerica, Pq Fernanda, São Paulo - SP, 05858-003",,,
1089-8,Domingo,Tradicional,Rua,Barao de Monte Mor,166,Paineiras do Morumbi,Rua Barao de C.gerais,05687-010,Butantã,"Rua Barao de Monte Mor, 166, Paineiras do Morumbi","Rua Barao de Monte Mor, 166, Paineiras do Morumbi, São Paulo - SP, 05687-010",,,
1090-1,Domingo,Tradicional,Avenida,Mario Lopes Leao,700,Santo Amaro,Praca Floriano Peixoto,04754-010,Santo Amaro,"Avenida Mario Lopes Leao, 700, Santo Amaro","Avenida Mario Lopes Leao, 700, Santo Amaro, São Paulo - SP, 04754-010",,,
1091-0,Domingo,Tradicional,Rua,Palmeira Laca,14A,Jardim Eliane,Avenida Itaquera,03577-090,Itaquera,"Rua Palmeira Laca, 14A, Jardim Eliane","Rua Palmeira Laca, 14A, Jardim Eliane, São Paulo - SP, 03577-090",,,
1092-8,Domingo,Tradicional,Praça,Pedro Rocha,S/N,Parelheiros,Estrada de Parelheiros,04892-017,Parelheiros,"Praça Pedro Rocha, Parelheiros","Praça Pedro Rocha, Parelheiros, São Paulo - SP, 04892-017",,,
1094-4,Domingo,Tradicional,Rua,Albino Correa de Campos,S/N,Vila Remo,Estrada do M Boi Mirim 1765,05831-020,M'Boi Mirim,"Rua Albino Correa de Campos, Vila Remo","Rua Albino Correa de Campos, Vila Remo, São Paulo - SP, 05831-020",,,
1095-2,Domingo,Tradicional,Rua,Tome da Rocha,31,Jardim Elba,Avenida Marginal,03980-070,Sapopemba,"Rua Tome da Rocha, 31, Jardim Elba","Rua Tome da Rocha, 31, Jardim Elba, São Paulo - SP, 03980-070",,,
1096-0,Domingo,Tradicional,Rua,Estanislau Moniusko,1069,Vila Joanisa,Yervant Kissa Jikian Av,04429-010,Cidade Ademar,"Rua Estanislau Moniusko, 1069, Vila Joanisa","Rua Estanislau Moniusko, 1069, Vila Joanisa, São Paulo - SP, 04429-010",,,
1097-9,Domingo,Tradicional,Avenida,Guilherme de Almeida,107,Pq Belem,Avenida Parada Pinto,02866-040,Freguesia/Brasilândia,"Avenida Guilherme de Almeida, 107, Pq Belem","Avenida Guilherme de Almeida, 107, Pq Belem, São Paulo - SP, 02866-040",,,
1099-5,Domingo,Tradicional,Avenida,Academia de São Paulo,772,Jardim Camargo Novo,Rua do Progresso,08121-400,Itaim Paulista,"Avenida Academia de São Paulo, 772, Jardim Camargo Novo","Avenida Academia de São Paulo, 772, Jardim Camargo Novo, São Paulo - SP, 08121-400",,,
1102-9,Domingo,Tradicional,Rua,São Goncalo do Rio das Pedras,132,Pq Paulistano,Avenida Oliveira de Freire,08081-000,São Miguel,"Rua São Goncalo do Rio das Pedras, 132, Pq Paulistano","Rua São Goncalo do Rio das Pedras, 132, Pq Paulistano, São Paulo - SP, 08081-000",,,
1104-5,Domingo,Tradicional,Rua,Barcelona,99,Jaguare,Av Presidente Altino 655,05331-010,Lapa,"Rua Barcelona, 99, Jaguare","Rua Barcelona, 99, Jaguare, São Paulo - SP, 05331-010",,,
1105-3,Domingo,Tradicional,Rua,Flor de Caboclo,1,Pq Guarani,Avenida Imperador,08235-360,Itaquera,"Rua Flor de Caboclo, 1, Pq Guarani","Rua Flor de Caboclo, 1, Pq Guarani, São Paulo - SP, 08235-360",,,
1106-1,Domingo,Tradicional,Rua,Luiza de Jesus Ferreira,30,Jardim Roseli,Tv Estrada do Iguatemi,08380-048,São Mateus,"Rua Luiza de Jesus Ferreira, 30, Jardim Roseli","Rua Luiza de Jesus Ferreira, 30, Jardim Roseli, São Paulo - SP, 08380-048",,,
1107-0,Domingo,Tradicional,Largo,Leon de Tolstoi com Any,S/N,Vila Independencia,Rua Anny,04241-010,Ipiranga,"Largo Leon de Tolstoi com Any, Vila Independencia","Largo Leon de Tolstoi, Vila Independencia, São Paulo - SP, 04241-010",,,
1108-8,Domingo,Tradicional,Rua,Jasmim da Espanha,S/N,Jardim Brasilia,Proximo a Pc Waldemar Bassi,03585-040,Itaquera,"Rua Jasmim da Espanha, Jardim Brasilia","Rua Jasmim da Espanha, Jardim Brasilia, São Paulo - SP, 03585-040",,,
1110-0,Domingo,Tradicional,Rua,Douradoquara,S/N,Jardim Paraguassu,Praca Catas Altas,03939-010,São Mateus,"Rua Douradoquara, Jardim Paraguassu","Rua Douradoquara, Jardim Paraguassu, São Paulo - SP, 03939-010",,,
1111-8,Domingo,Tradicional,Rua,Maria Elisa Siqueira,S/N,Vila Barbosa,Praca Menino Jesus,02558-000,Casa Verde/Cachoeirinha,"Rua Maria Elisa Siqueira, Vila Barbosa","Rua Maria Elisa Siqueira, Vila Barbosa, São Paulo - SP, 02558-000",,,
1113-4,Domingo,Tradicional,Rua,Benedito de Souza Borges,S/N,Jardim Robru,S/inf,08150-340,Itaim Paulista,"Rua Benedito de Souza Borges, Jardim Robru","Rua Benedito de Souza Borges, Jardim Robru, São Paulo - SP, 08150-340",,,
1114-2,Domingo,Tradicional,Rua,Luis Antonio Martins,S/N,Butanta,Proximo Instituto Butanta,05539-060,Butantã,"Rua Luis Antonio Martins, Butanta","Rua Luis Antonio Martins, Butanta, São Paulo - SP, 05539-060",,,
1115-0,Domingo,Tradicional,Rua,Serra dos Dois Irmaos,S/N,Jardim das Rosas,Av Rodrigo Sanches e Joao Cruz,05890-300,Campo Limpo,"Rua Serra dos Dois Irmaos, Jardim das Rosas","Rua Serra dos Dois Irmaos, Jardim das Rosas, São Paulo - SP, 05890-300",,,
1117-7,Domingo,Tradicional,Avenida,Antonelo da Messina,S/N,Vila Zilda,Baltazar Aguila e Ushikichi K,02318-000,Jaçanã/Tremembé,"Avenida Antonelo da Messina, Vila Zilda","Avenida Antonelo da Messina, Vila Zilda, São Paulo - SP, 02318-000",,,
1118-5,Domingo,Tradicional,Rua,Carlos Nahas com Carlos Lacerda,S/N,Jardim Rosana,Estrada Pirajussara,05789-000,Campo Limpo,"Rua Carlos Nahas com Carlos Lacerda, Jardim Rosana","Rua Carlos Nahas, Jardim Rosana, São Paulo - SP, 05789-000",,,
1119-3,Domingo,Tradicional,Rua,Manoel da Costa Dantas,5786,Jardim Ranieri,Tv Es M Boi Mirim,04942-000,M'Boi Mirim,"Rua Manoel da Costa Dantas, 5786, Jardim Ranieri","Rua Manoel da Costa Dantas, 5786, Jardim Ranieri, São Paulo - SP, 04942-000",,,
1121-5,Domingo,Tradicional,Rua,Maria Benedita Rodrigues,S/N,Pq Santo Antonio,Rua Maria Benedita Goncalves,05851-300,M'Boi Mirim,"Rua Maria Benedita Rodrigues, Pq Santo Antonio","Rua Maria Benedita Rodrigues, Pq Santo Antonio, São Paulo - SP, 05851-300",,,
1123-1,Domingo,Tradicional,Rua,Rainha das Missoes,1,Vila Missionaria,Prox Igreja Vila Missionaria,04430-010,Cidade Ademar,"Rua Rainha das Missoes, 1, Vila Missionaria","Rua Rainha das Missoes, 1, Vila Missionaria, São Paulo - SP, 04430-010",,,
1124-0,Domingo,Tradicional,Rua,Xavier Palmerim,35,Pq Savoy City,Tv Av Maria Luiza Americano,08275-340,Itaquera,"Rua Xavier Palmerim, 35, Pq Savoy City","Rua Xavier Palmerim, 35, Pq Savoy City, São Paulo - SP, 08275-340",,,
1125-8,Domingo,Tradicional,Rua,Cachoeira Mangaval,37,Itaim Paulista,Depois Estacao Itaim,08190-350,São Miguel,"Rua Cachoeira Mangaval, 37, Itaim Paulista","Rua Cachoeira Mangaval, 37, Itaim Paulista, São Paulo - SP, 08190-350",,,
1126-6,Domingo,Tradicional,Rua,Engenheiro Nogueira Soares,45,Jardim do Russo,Tv Doutor Silvio de Campos,05205-110,Perus,"Rua Engenheiro Nogueira Soares, 45, Jardim do Russo","Rua Engenheiro Nogueira Soares, 45, Jardim do Russo, São Paulo - SP, 05205-110",,,
1127-4,Domingo,Tradicional,Rua,Benedita Martins Ramos,S/N,Jardim Tres Coracoes,Ponto Final Onibus,04855-290,Capela do Socorro,"Rua Benedita Martins Ramos, Jardim Tres Coracoes","Rua Benedita Martins Ramos, Jardim Tres Coracoes, São Paulo - SP, 04855-290",,,
1128-2,Domingo,Tradicional,Rua,Delfino Facchina,4028,Jardim Vera Lucia,Tv Es Casa Grande,04409-080,Cidade Ademar,"Rua Delfino Facchina, 4028, Jardim Vera Lucia","Rua Delfino Facchina, 4028, Jardim Vera Lucia, São Paulo - SP, 04409-080",,,
1129-0,Domingo,Tradicional,Rua,Gabriel de Carvalho,S/N,Jardim Boa Vista,Rodovia Raposo Tavares Km 18,05583-080,Butantã,"Rua Gabriel de Carvalho, Jardim Boa Vista","Rua Gabriel de Carvalho, Jardim Boa Vista, São Paulo - SP, 05583-080",,,
1130-4,Domingo,Tradicional,Rua,Guapore,210,Ponte Pequena,Avenida Tiradentes,01109-030,Sé,"Rua Guapore, 210, Ponte Pequena","Rua Guapore, 210, Ponte Pequena, São Paulo - SP, 01109-030",,,
1131-2,Domingo,Tradicional,Rua,Leonor de Siqueira,6,Jardim Vera Cruz,Av.sargt. Iracitam Coimbra,08310-500,São Mateus,"Rua Leonor de Siqueira, 6, Jardim Vera Cruz","Rua Leonor de Siqueira, 6, Jardim Vera Cruz, São Paulo - SP, 08310-500",,,
1133-9,Domingo,Tradicional,Rua,Oscar Freire,1850,Sumare,Avenida Doutor Arnaldo,05409-012,Pinheiros,"Rua Oscar Freire, 1850, Sumare","Rua Oscar Freire, 1850, Sumare, São Paulo - SP, 05409-012",,,
1134-7,Domingo,Tradicional,Praça,Bom Pastor,387,Itaquera,Giovani Quadri e Giacomo Quiri,08255-500,Itaquera,"Praça Bom Pastor, 387, Itaquera","Praça Bom Pastor, 387, Itaquera, São Paulo - SP, 08255-500",,,
1135-5,Domingo,Tradicional,Rua,Penaforte,S/N,Jardim Paulistana,Rua Nossa Senhora da Concordia,02318-260,Jaçanã/Tremembé,"Rua Penaforte, Jardim Paulistana","Rua Penaforte, Jardim Paulistana, São Paulo - SP, 02318-260",,,
1138-0,Domingo,Tradicional,Praça,Do Horticultores,415,Engenheiro Goulart,S/inf,03723-040,Penha,"Praça Do Horticultores, 415, Engenheiro Goulart","Praça Do Horticultores, 415, Engenheiro Goulart, São Paulo - SP, 03723-040",,,
1139-8,Domingo,Tradicional,Estrada,Do Capoeirao,S/N,Jardim Colonial,Px Ao Sesc,04821-310,Capela do Socorro,"Estrada Do Capoeirao, Jardim Colonial","Estrada Do Capoeirao, Jardim Colonial, São Paulo - SP, 04821-310",,,
1141-0,Domingo,Tradicional,Rua,Pastoril de Almenara,S/N,Pq Pan Americano,Tv Estrada de Taipas,02993-040,Pirituba/Jaraguá,"Rua Pastoril de Almenara, Pq Pan Americano","Rua Pastoril de Almenara, Pq Pan Americano, São Paulo - SP, 02993-040",,,
1142-8,Domingo,Tradicional,Rua,Criuva,12E,Vila Progresso,Tv Antigo Atalho Mogiana,08245-300,São Miguel,"Rua Criuva, 12E, Vila Progresso","Rua Criuva, 12E, Vila Progresso, São Paulo - SP, 08245-300",,,
1143-6,Domingo,Tradicional,Rua,Pastoril de Itapetinga,12,Vila Silvia,Avenida Assis Ribeiro,03729-000,Penha,"Rua Pastoril de Itapetinga, 12, Vila Silvia","Rua Pastoril de Itapetinga, 12, Vila Silvia, São Paulo - SP, 03729-000",,,
1144-4,Domingo,Tradicional,Avenida,Inacio Dias da Silva,S/N,Piraporinha,Estrada do M Boi Mirim,04913-180,M'Boi Mirim,"Avenida Inacio Dias da Silva, Piraporinha","Avenida Inacio Dias da Silva, Piraporinha, São Paulo - SP, 04913-180",,,
1146-0,Domingo,Tradicional,Rua,Doutor Humberto Pascale,S/N,Jardim Jangadeiro,Avenida das Palmeiras,05884-310,Campo Limpo,"Rua Doutor Humberto Pascale, Jardim Jangadeiro","Rua Doutor Humberto Pascale, Jardim Jangadeiro, São Paulo - SP, 05884-310",,,
1147-9,Domingo,Tradicional,Avenida,Trinta e Sete Conjunto Faria Lima,S/N,Pq Cocaia,Rua Campo do Aravil,04840-460,Capela do Socorro,"Avenida Trinta e Sete Conjunto Faria Lima, Pq Cocaia","Avenida Trinta e Sete Conjunto Faria Lima, Pq Cocaia, São Paulo - SP, 04840-460",,,
1149-5,Domingo,Tradicional,Rua,São Lourenco do Sul,S/N,Jardim Peri Alto,Rua Brasiluxo Lopes,02633-060,Casa Verde/Cachoeirinha,"Rua São Lourenco do Sul, Jardim Peri Alto","Rua São Lourenco do Sul, Jardim Peri Alto, São Paulo - SP, 02633-060",,,
1150-9,Domingo,Tradicional,Rua,Cesar Dias,S/N,Itaquera,Com a Rua Cesar Dias,03591-000,Penha,"Rua Cesar Dias, Itaquera","Rua Cesar Dias, Itaquera, São Paulo - SP, 03591-000",,,
1151-7,Domingo,Tradicional,Rua,Padre Aldemar Moreira,S/N,Santa Etelvina,Conjunto Hab Cidade Tiradentes,08471-010,Cidade Tiradentes,"Rua Padre Aldemar Moreira, Santa Etelvina","Rua Padre Aldemar Moreira, Santa Etelvina, São Paulo - SP, 08471-010",,,
1152-5,Domingo,Tradicional,Rua,Combate Lagoa Branca,S/N,Vila Sabrina,Alonso P B Aventura de Souza,02141-080,Vila Maria/Vila Guilherme,"Rua Combate Lagoa Branca, Vila Sabrina","Rua Combate Lagoa Branca, Vila Sabrina, São Paulo - SP, 02141-080",,,
1153-3,Domingo,Tradicional,Rua,Edward Carmilo,S/N,Jardim Celeste,,05528-001,Butantã,"Rua Edward Carmilo, Jardim Celeste","Rua Edward Carmilo, Jardim Celeste, São Paulo - SP, 05528-001",,,
1154-1,Domingo,Tradicional,Rua,Major Quedinho,S/N,Consolacao,Praca Roosevelt,01050-030,Sé,"Rua Major Quedinho, Consolacao","Rua Major Quedinho, Consolacao, São Paulo - SP, 01050-030",,,
1155-0,Domingo,Tradicional,Avenida,Arquiteto Vila Nova Artigas,S/N,Sapopemba,Vila Prudente e Sapopemba,03928-240,Sapopemba,"Avenida Arquiteto Vila Nova Artigas, Sapopemba","Avenida Arquiteto Vila Nova Artigas, Sapopemba, São Paulo - SP, 03928-240",,,
1161-4,Domingo,Tradicional,Rua,Benedito Marcello,S/N,Pq São Paulo,,04843-225,Capela do Socorro,"Rua Benedito Marcello, Pq São Paulo","Rua Benedito Marcello, Pq São Paulo, São Paulo - SP, 04843-225",,,
1165-7,Domingo,Tradicional,Rua,Augusto Albereci,S/N,Jardim Nazare,,08142-500,Itaim Paulista,"Rua Augusto Albereci, Jardim Nazare","Rua Augusto Albereci, Jardim Nazare, São Paulo - SP, 08142-500",,,
1171-1,Domingo,Tradicional,Rua,Tejuguacu,S/N,Vila Jacui,,08060-310,São Miguel,"Rua Tejuguacu, Vila Jacui","Rua Tejuguacu, Vila Jacui, São Paulo - SP, 08060-310",,,
1173-8,Domingo,Tradicional,Rua,Inacio de Almeida Arruda,S/N,Vila da Paz,Rio Bonito C Pedro a Lemos,04777-050,Capela do Socorro,"Rua Inacio de Almeida Arruda, Vila da Paz","Rua Inacio de Almeida Arruda, Vila da Paz, São Paulo - SP, 04777-050",,,
1174-6,Domingo,Tradicional,Rua,Luar de Lagrimas,S/N,Jardim Novo Horizonte,,04856-210,Capela do Socorro,"Rua Luar de Lagrimas, Jardim Novo Horizonte","Rua Luar de Lagrimas, Jardim Novo Horizonte, São Paulo - SP, 04856-210",,,
1175-4,Domingo,Tradicional,Rua,Dos Andradas com Timbiras,S/N,Santa Efigenia,Av Ipiranga e R Aurora,01208-000,Sé,"Rua Dos Andradas com Timbiras, Santa Efigenia","Rua Dos Andradas, Santa Efigenia, São Paulo - SP, 01208-000",,,
1177-0,Domingo,Tradicional,Rua,Modelar,S/N,Capao Redondo,,05868-790,Campo Limpo,"Rua Modelar, Capao Redondo","Rua Modelar, Capao Redondo, São Paulo - SP, 05868-790",,,
1179-7,Domingo,Tradicional,Rua,Terra Brasileira,S/N,Vila Suica,Rus 3 e Terra Brasileira,08223-355,Itaquera,"Rua Terra Brasileira, Vila Suica","Rua Terra Brasileira, Vila Suica, São Paulo - SP, 08223-355",,,
1183-5,Domingo,Tradicional,Avenida,Utaro Kanai com Festa Chinesa,S/N,Jardim São Paulo,Cj.hab.juscelino Kubtscheck,08465-000,Guaianases,"Avenida Utaro Kanai com Festa Chinesa, Jardim São Paulo","Avenida Utaro Kanai, Jardim São Paulo, São Paulo - SP, 08465-000",,,
1184-3,Domingo,Tradicional,Rua,Bartolino de Padua,S/N,Itaquera,Confluencia R Barro Branco,08470-780,Cidade Tiradentes,"Rua Bartolino de Padua, Itaquera","Rua Bartolino de Padua, Itaquera, São Paulo - SP, 08470-780",,,
1190-8,Domingo,Tradicional,Rua,Ari da Rocha Miranda,S/N,Vila Nova Galvao,Joao Cavalcante e Ant Jercio M,02281-190,Jaçanã/Tremembé,"Rua Ari da Rocha Miranda, Vila Nova Galvao","Rua Ari da Rocha Miranda, Vila Nova Galvao, São Paulo - SP, 02281-190",,,
1192-4,Domingo,Tradicional,Rua,Santo Amaro,S/N,Bela Vista,Aguiar Barros e Fca Miquelina,01315-000,Sé,"Rua Santo Amaro, Bela Vista","Rua Santo Amaro, Bela Vista, São Paulo - SP, 01315-000",,,
1193-2,Domingo,Tradicional,Rua,Cachoeira do Arrependimento,S/N,Jardim Arpoador,Conjunto Hab Raposo Tavares,05574-440,Butantã,"Rua Cachoeira do Arrependimento, Jardim Arpoador","Rua Cachoeira do Arrependimento, Jardim Arpoador, São Paulo - SP, 05574-440",,,
1194-0,Domingo,Tradicional,Avenida,Bassano Del Grapa,S/N,Jardim Vila Carrao,,08340-420,São Mateus,"Avenida Bassano Del Grapa, Jardim Vila Carrao","Avenida Bassano Del Grapa, Jardim Vila Carrao, São Paulo - SP, 08340-420",,,
1197-5,Domingo,Tradicional,Rua,Salto de Itarare,S/N,Jardim Jose Maria,,02982-020,Pirituba/Jaraguá,"Rua Salto de Itarare, Jardim Jose Maria","Rua Salto de Itarare, Jardim Jose Maria, São Paulo - SP, 02982-020",,,
1198-3,Domingo,Tradicional,Alameda,Lorena,S/N,Jardim America,Entre Ruas Augusta e Haddock L,01424-002,Pinheiros,"Alameda Lorena, Jardim America","Alameda Lorena, Jardim America, São Paulo - SP, 01424-002",,,
1199-1,Domingo,Tradicional,Rua,Pde Carvalho,S/N,Pinheiros,,05763-470,Pinheiros,"Rua Pde Carvalho, Pinheiros","Rua Pde Carvalho, Pinheiros, São Paulo - SP, 05763-470",,,
1200-9,Domingo,Tradicional,Rua,Coronel Euclides Machado,S/N,Jardim das Gracas,Freire Cisneiros e D Lucas Con,0,Casa Verde/Cachoeirinha,"Rua Coronel Euclides Machado, Jardim das Gracas","Rua Coronel Euclides Machado, Jardim das Gracas, São Paulo - SP",,,
1204-1,Domingo,Tradicional,Rua,Freire Brayner,S/N,Sacoma,,04235-243,Ipiranga,"Rua Freire Brayner, Sacoma","Rua Freire Brayner, Sacoma, São Paulo - SP, 04235-243",,,
1205-0,Domingo,Tradicional,Rua,Conde de Porto Alegre,S/N,Campo Belo,Entre 1181 e 1270 Joao S Dias,04608-000,Santo Amaro,"Rua Conde de Porto Alegre, Campo Belo","Rua Conde de Porto Alegre, Campo Belo, São Paulo - SP, 04608-000",,,
1207-6,Domingo,Tradicional,Avenida,Nascer do Sol,S/N,Santa Etelvina Cohab,R do Charco e R.da Sorte,08485-020,Cidade Tiradentes,"Avenida Nascer do Sol, Santa Etelvina Cohab","Avenida Nascer do Sol, Santa Etelvina Cohab, São Paulo - SP, 08485-020",,,
1208-4,Domingo,Tradicional,Praça,Antonio Franco Velasco,S/N,Limao,,02554-020,Casa Verde/Cachoeirinha,"Praça Antonio Franco Velasco, Limao","Praça Antonio Franco Velasco, Limao, São Paulo - SP, 02554-020",,,
1209-2,Domingo,Tradicional,Rua,Glicerio Rodrigues,S/N,Vila Norma,,08062-140,São Miguel,"Rua Glicerio Rodrigues, Vila Norma","Rua Glicerio Rodrigues, Vila Norma, São Paulo - SP, 08062-140",,,
1210-6,Domingo,Tradicional,Alameda,Ministro Rocha Azevedo,308,Jardim Paulista,Aitura do N Quatro Sete Quatro,01410-002,Pinheiros,"Alameda Ministro Rocha Azevedo, 308, Jardim Paulista","Alameda Ministro Rocha Azevedo, 308, Jardim Paulista, São Paulo - SP, 01410-002",,,
1212-2,Domingo,Tradicional,Rua,Maestro Bortolucci,S/N,Vila Albertina,Av Senador Jose Ermirio de Moraes,02357-040,Jaçanã/Tremembé,"Rua Maestro Bortolucci, Vila Albertina","Rua Maestro Bortolucci, Vila Albertina, São Paulo - SP, 02357-040",,,
1215-7,Domingo,Tradicional,Rua,Morro das Pedras,S/N,Jardim São Francisco,,08310-100,São Mateus,"Rua Morro das Pedras, Jardim São Francisco","Rua Morro das Pedras, Jardim São Francisco, São Paulo - SP, 08310-100",,,
1217-3,Domingo,Tradicional,Rua,Teodoro Bernardo do Nascimento,S/N,Pq Santa Rita,R Luis Rohrer,08150-000,Itaim Paulista,"Rua Teodoro Bernardo do Nascimento, Pq Santa Rita","Rua Teodoro Bernardo do Nascimento, Pq Santa Rita, São Paulo - SP, 08150-000",,,
1218-1,Domingo,Tradicional,Rua,Florencio Carpi,S/N,Pq Anhanguera,,05267-080,Perus,"Rua Florencio Carpi, Pq Anhanguera","Rua Florencio Carpi, Pq Anhanguera, São Paulo - SP, 05267-080",,,
1220-3,Domingo,Tradicional,Avenida,Jose Martins Lisboa,S/N,São Francisco,,08081-010,São Miguel,"Avenida Jose Martins Lisboa, São Francisco","Avenida Jose Martins Lisboa, São Francisco, São Paulo - SP, 08081-010",,,
1221-1,Domingo,Tradicional,Rua,Cleusa Milochi,S/N,Cachoeirinha,Rua Jeronimo da Rocha,02762-070,Casa Verde/Cachoeirinha,"Rua Cleusa Milochi, Cachoeirinha","Rua Cleusa Milochi, Cachoeirinha, São Paulo - SP, 02762-070",,,
1226-2,Domingo,Tradicional,Rua,Wilson Fernandes S Carvalho,S/N,Cidade Tiradentes,,08473-000,Cidade Tiradentes,"Rua Wilson Fernandes S Carvalho, Cidade Tiradentes","Rua Wilson Fernandes S Carvalho, Cidade Tiradentes, São Paulo - SP, 08473-000",,,
1227-0,Domingo,Tradicional,Rua,Desembargador Isnard dos Reis,S/N,Itaim Paulista,Av Kemel Addas e Av Desembargador Otavio,08130-000,Itaim Paulista,"Rua Desembargador Isnard dos Reis, Itaim Paulista","Rua Desembargador Isnard dos Reis, Itaim Paulista, São Paulo - SP, 08130-000",,,
1230-0,Domingo,Tradicional,Rua,Felipe Cardoso Campos,S/N,Vila Fanton,Conjunto Residencial do Cdhu,05207-090,Perus,"Rua Felipe Cardoso Campos, Vila Fanton","Rua Felipe Cardoso Campos, Vila Fanton, São Paulo - SP, 05207-090",,,
1234-3,Domingo,Tradicional,Rua,Guaiauna,200,Penha de Franca,,03631-000,Penha,"Rua Guaiauna, 200, Penha de Franca","Rua Guaiauna, 200, Penha de Franca, São Paulo - SP, 03631-000",,,
1235-1,Domingo,Tradicional,Avenida,Henriqueta Noguez Brieba,S/N,Conjunto Hab Fazenda do Ca,,08421-530,Cidade Tiradentes,"Avenida Henriqueta Noguez Brieba, Conjunto Hab Fazenda do Ca","Avenida Henriqueta Noguez Brieba, Conjunto Hab Fazenda do Ca, São Paulo - SP, 08421-530",,,
1237-8,Domingo,Tradicional,Rua,Carlo Coccia,S/N,Jardim Nova Sapopemba,,03977-670,Sapopemba,"Rua Carlo Coccia, Jardim Nova Sapopemba","Rua Carlo Coccia, Jardim Nova Sapopemba, São Paulo - SP, 03977-670",,,
1239-4,Domingo,Tradicional,Rua,Vitantonio Matorosa,S/N,Jardim Princesa,,02856-080,Freguesia/Brasilândia,"Rua Vitantonio Matorosa, Jardim Princesa","Rua Vitantonio Matorosa, Jardim Princesa, São Paulo - SP, 02856-080",,,
1243-2,Domingo,Tradicional,Rua,Professor Arnaldo Joao Semeraro,00S/N,Parque Bristol,Av Francesco Del Cossa,04184-000,Ipiranga,"Rua Professor Arnaldo Joao Semeraro, 00S/N, Parque Bristol","Rua Professor Arnaldo Joao Semeraro, 00S/N, Parque Bristol, São Paulo - SP, 04184-000",,,
1244-0,Domingo,Tradicional,Rua,Samuel Bovy,00S/N,Jardim City Jaragua,,02998-120,Pirituba/Jaraguá,"Rua Samuel Bovy, 00S/N, Jardim City Jaragua","Rua Samuel Bovy, 00S/N, Jardim City Jaragua, São Paulo - SP, 02998-120",,,
1246-7,Domingo,Tradicional,Rua,Beija Flor,S/N,Vila Vargem Grande,,04895-280,Parelheiros,"Rua Beija Flor, Vila Vargem Grande","Rua Beija Flor, Vila Vargem Grande, São Paulo - SP, 04895-280",,,
1248-3,Domingo,Tradicional,Rua,Doutor Ademar Ferreira de Carvalho,S/N,Vila Yolanda II,Vila Yolanda,08473-410,Cidade Tiradentes,"Rua Doutor Ademar Ferreira de Carvalho, Vila Yolanda II","Rua Doutor Ademar Ferreira de Carvalho, Vila Yolanda II, São Paulo - SP, 08473-410",,,
1251-3,Domingo,Tradicional,Rua,Jeronimo Dias Ribeiro,S/N,Jardim São Paulo,Doutor Joao Otaviano Pereira,08461-560,Guaianases,"Rua Jeronimo Dias Ribeiro, Jardim São Paulo","Rua Jeronimo Dias Ribeiro, Jardim São Paulo, São Paulo - SP, 08461-560",,,
1253-0,Domingo,Tradicional,Rua,B-10,S/N,Cidade Tiradentes,Supermercado Negreiros,0,Guaianases,"Rua B-10, Cidade Tiradentes","Rua B-10, Cidade Tiradentes, São Paulo - SP",,,
1254-8,Domingo,Tradicional,Rua,Araripira,S/N,Jardim do Recanto,,02877-000,Freguesia/Brasilândia,"Rua Araripira, Jardim do Recanto","Rua Araripira, Jardim do Recanto, São Paulo - SP, 02877-000",,,
1260-2,Domingo,Tradicional,Rua,Anna Papini Guaranha,S/N,Carandiru,Av Zaki Narchi,02049-010,Vila Maria/Vila Guilherme,"Rua Anna Papini Guaranha, Carandiru","Rua Anna Papini Guaranha, Carandiru, São Paulo - SP, 02049-010",,,
1262-9,Domingo,Tradicional,Rua,Forte do Guara,S/N,Parelheiros,,04865-170,Parelheiros,"Rua Forte do Guara, Parelheiros","Rua Forte do Guara, Parelheiros, São Paulo - SP, 04865-170",,,
1264-5,Domingo,Tradicional,Rua,Linaria,10,Itaim Paulista,Cdhu Itaim Paulista,08142-189,Itaim Paulista,"Rua Linaria, 10, Itaim Paulista","Rua Linaria, 10, Itaim Paulista, São Paulo - SP, 08142-189",,,
1267-0,Domingo,Tradicional,Avenida,Ponte da Amizade,S/N,Jardim Iguatemi,Cdhu Jardim Iguatemi,08371-420,São Mateus,"Avenida Ponte da Amizade, Jardim Iguatemi","Avenida Ponte da Amizade, Jardim Iguatemi, São Paulo - SP, 08371-420",,,
1268-8,Domingo,Tradicional,Rua,Antonio da Costa Barbosa,S/N,Vila Andrade,Trav Rua Jose Ramom Urtiza,05717-220,Campo Limpo,"Rua Antonio da Costa Barbosa, Vila Andrade","Rua Antonio da Costa Barbosa, Vila Andrade, São Paulo - SP, 05717-220",,,
1270-0,Domingo,Tradicional,Rua,Raimunda P de Alencar da Silva,S/N,Jardim Varginha,,04857-010,Capela do Socorro,"Rua Raimunda P de Alencar da Silva, Jardim Varginha","Rua Raimunda P de Alencar da Silva, Jardim Varginha, São Paulo - SP, 04857-010",,,
1274-2,Domingo,Tradicional,Rua,Gaspar Sardinha,S/N,Lageado,,08460-000,Guaianases,"Rua Gaspar Sardinha, Lageado","Rua Gaspar Sardinha, Lageado, São Paulo - SP, 08460-000",,,
1278-5,Domingo,Tradicional,Rua,Manuel Homem de Andrade,S/N,Jardim Santo Antonio,,05723-400,Campo Limpo,"Rua Manuel Homem de Andrade, Jardim Santo Antonio","Rua Manuel Homem de Andrade, Jardim Santo Antonio, São Paulo - SP, 05723-400",,,
1312-9,Domingo,Tradicional,Rua,Cidade do Rio Pardo,S/N,Vila Andrade,,05727-180,Campo Limpo,"Rua Cidade do Rio Pardo, Vila Andrade","Rua Cidade do Rio Pardo, Vila Andrade, São Paulo - SP, 05727-180",,,
1360-9,Domingo,Tradicional,Rua,Afonso Lopes Vieira,S/N,Vila Dionisia,Avenida Inajar de Souza,02671-100,Casa Verde/Cachoeirinha,"Rua Afonso Lopes Vieira, Vila Dionisia","Rua Afonso Lopes Vieira, Vila Dionisia, São Paulo - SP, 02671-100",,,
1370-6,Domingo,Tradicional,Rua,Laura Boss,S/N,Guaianases,Cohab Jose Bonifacio,08250-730,Itaquera,"Rua Laura Boss, Guaianases","Rua Laura Boss, Guaianases, São Paulo - SP, 08250-730",,,
1377-3,Domingo,Tradicional,Praça,Grand Reserva Paulista,S/N,Jardim Iris,,05144-085,Pirituba/Jaraguá,"Praça Grand Reserva Paulista, Jardim Iris","Praça Grand Reserva Paulista, Jardim Iris, São Paulo - SP, 05144-085",,,
1380-3,Domingo,Tradicional,Rua,Andre Cavalcante,S/N,Vila Regina,,08225-435,Itaquera,"Rua Andre Cavalcante, Vila Regina","Rua Andre Cavalcante, Vila Regina, São Paulo - SP, 08225-435",,,
1390-0,Domingo,Tradicional,Rua,Amilcar de Magalhaes,S/N,Pirituba,,05171-240,Pirituba/Jaraguá,"Rua Amilcar de Magalhaes, Pirituba","Rua Amilcar de Magalhaes, Pirituba, São Paulo - SP, 05171-240",,,
1413-3,Domingo,Orgânica,Rua,Dona Ana Germaine Buchard,286,Agua Branca,R Ana Pimentel a Melo Palheta,05002-061,Lapa,"Rua Dona Ana Germaine Buchard, 286, Agua Branca","Rua Dona Ana Germaine Buchard, 286, Agua Branca, São Paulo - SP, 05002-061",,,
1493-1,Domingo,Tradicional,Rua,Nello Bini,86,Jardim Analia Franco,,03337-050,Aricanduva/Formosa/Carrão,"Rua Nello Bini, 86, Jardim Analia Franco","Rua Nello Bini, 86, Jardim Analia Franco, São Paulo - SP, 03337-050",,,
1761-2,Domingo,Tradicional,Rua,"Cachoeira das Jangadas, 15",S/N,Conjunto Habitacional Inacio Monteiro,,08472-115,Cidade Tiradentes,"Rua Cachoeira das Jangadas, 15, Conjunto Habitacional Inacio Monteiro","Rua Cachoeira das Jangadas, 15, Conjunto Habitacional Inacio Monteiro, São Paulo - SP, 08472-115",,,
1849-0,Domingo,Tradicional,Avenida,Nadir Dias de Figueiredo,1253,Vila Maria Baixa,,02110-000,Vila Maria/Vila Guilherme,"Avenida Nadir Dias de Figueiredo, 1253, Vila Maria Baixa","Avenida Nadir Dias de Figueiredo, 1253, Vila Maria Baixa, São Paulo - SP, 02110-000",,,
1854-6,Domingo,Tradicional,Rua,Atuai,1026,Vila Matilde,,03646-000,Penha,"Rua Atuai, 1026, Vila Matilde","Rua Atuai, 1026, Vila Matilde, São Paulo - SP, 03646-000",,,
1892-9,Domingo,Tradicional,Rua,Carvaxi,300,Parque Reboucas,,05735-040,Campo Limpo,"Rua Carvaxi, 300, Parque Reboucas","Rua Carvaxi, 300, Parque Reboucas, São Paulo - SP, 05735-040",,,
1924-0,Domingo,Tradicional,Avenida,Do Anastacio,2148,Pirituba,Rua Pelopia,05119-000,Pirituba/Jaraguá,"Avenida Do Anastacio, 2148, Pirituba","Avenida Do Anastacio, 2148, Pirituba, São Paulo - SP, 05119-000",,,
1959-3,Domingo,Tradicional,Rua,Joao de Siqueira Afonso,S/N,Lageado,Rua Manuel da Mota Coutinho,0,Guaianases,"Rua Joao de Siqueira Afonso, Lageado","Rua Joao de Siqueira Afonso, Lageado, São Paulo - SP",,,
3000-7,Terça Feira,Orgânica,Rua,Walter Gazarra,1300,Jardim Analia Franco,Parque Ceret,03337-000,Aricanduva/Formosa/Carrão,"Rua Walter Gazarra, 1300, Jardim Analia Franco","Rua Walter Gazarra, 1300, Jardim Analia Franco, São Paulo - SP, 03337-000",,,
3001-5,Terça Feira,Tradicional,Rua,Santo Antonio,S/N,Bela Vista,Esquina R São Vicente,01330-050,Sé,"Rua Santo Antonio, Bela Vista","Rua Santo Antonio, Bela Vista, São Paulo - SP, 01330-050",,,
3003-1,Terça Feira,Tradicional,Rua,Stefano,657,Cambuci,Tv Rua Stefano,01521-030,Sé,"Rua Stefano, 657, Cambuci","Rua Stefano, 657, Cambuci, São Paulo - SP, 01521-030",,,
3004-0,Terça Feira,Tradicional,Praça,Charles Muller,S/N,Pacaembu,Estadio M P Machado Carvalho,01234-010,Sé,"Praça Charles Muller, Pacaembu","Praça Charles Muller, Pacaembu, São Paulo - SP, 01234-010",,,
3005-8,Terça Feira,Tradicional,Rua,Guimaraes Passos,304,Aclimacao,Comeca Rua Machado de Assis,04107-030,Vila Mariana,"Rua Guimaraes Passos, 304, Aclimacao","Rua Guimaraes Passos, 304, Aclimacao, São Paulo - SP, 04107-030",,,
3006-6,Terça Feira,Tradicional,Rua,Doutor Carlos Guimaraes,S/N,Belem,Tv Rua Catumbi,03020-030,Mooca,"Rua Doutor Carlos Guimaraes, Belem","Rua Doutor Carlos Guimaraes, Belem, São Paulo - SP, 03020-030",,,
3007-4,Terça Feira,Tradicional,Rua,Firmiano Pinto,S/N,Braz,Tv Av Celso Garcia Altura 734,03052-070,Mooca,"Rua Firmiano Pinto, Braz","Rua Firmiano Pinto, Braz, São Paulo - SP, 03052-070",,,
3008-2,Terça Feira,Tradicional,Rua,Ministro Godoy,1261,Perdizes,Pontf.universidade Catolica,05015-001,Lapa,"Rua Ministro Godoy, 1261, Perdizes","Rua Ministro Godoy, 1261, Perdizes, São Paulo - SP, 05015-001",,,
3009-0,Terça Feira,Tradicional,Rua,Joinville,323,Ibirapuera,S/infor,04008-010,Vila Mariana,"Rua Joinville, 323, Ibirapuera","Rua Joinville, 323, Ibirapuera, São Paulo - SP, 04008-010",,,
3010-4,Terça Feira,Tradicional,Rua,Conde Prates,10,Pq da Mooca,Tv Rua Jumana,03122-000,Mooca,"Rua Conde Prates, 10, Pq da Mooca","Rua Conde Prates, 10, Pq da Mooca, São Paulo - SP, 03122-000",,,
3011-2,Terça Feira,Tradicional,Rua,Xavier de Almeida,427,Alto do Ipiranga,Instituto de Cegos Padre Chico,04211-001,Ipiranga,"Rua Xavier de Almeida, 427, Alto do Ipiranga","Rua Xavier de Almeida, 427, Alto do Ipiranga, São Paulo - SP, 04211-001",,,
3012-0,Terça Feira,Tradicional,Rua,Pires de Campos,24,Mooca,Entre Cuiaba e Franca Carvalho,03182-020,Mooca,"Rua Pires de Campos, 24, Mooca","Rua Pires de Campos, 24, Mooca, São Paulo - SP, 03182-020",,,
3013-9,Terça Feira,Tradicional,Rua,Decio Abramo,17,Agua Rasa,Fernando Falcao e Itaqueri,03178-030,Mooca,"Rua Decio Abramo, 17, Agua Rasa","Rua Decio Abramo, 17, Agua Rasa, São Paulo - SP, 03178-030",,,
3014-7,Terça Feira,Tradicional,Rua,Alfredo Mario Pizzotti,370,Vila Guilherme,Av.guilherme,02060-040,Vila Maria/Vila Guilherme,"Rua Alfredo Mario Pizzotti, 370, Vila Guilherme","Rua Alfredo Mario Pizzotti, 370, Vila Guilherme, São Paulo - SP, 02060-040",,,
3015-5,Terça Feira,Tradicional,Rua,Andre Vidal com Almirante Calheiros,22,Tatuape,Estacao Metro Tatuape,03065-070,Mooca,"Rua Andre Vidal com Almirante Calheiros, 22, Tatuape","Rua Andre Vidal, 22, Tatuape, São Paulo - SP, 03065-070",,,
3016-3,Terça Feira,Tradicional,Rua,Do Carreiro de Pedra,98,Vila Cruzeiro,Ministro Nelson Sampaio Ef.benetti,04728-020,Santo Amaro,"Rua Do Carreiro de Pedra, 98, Vila Cruzeiro","Rua Do Carreiro de Pedra, 98, Vila Cruzeiro, São Paulo - SP, 04728-020",,,
3017-1,Terça Feira,Tradicional,Rua,Marcos Lopes com Silvania,345,Vila Nova Conceicao,Proximo Av Santo Amaro,04513-080,Vila Mariana,"Rua Marcos Lopes com Silvania, 345, Vila Nova Conceicao","Rua Marcos Lopes, 345, Vila Nova Conceicao, São Paulo - SP, 04513-080",,,
3018-0,Terça Feira,Tradicional,Rua,Afonso Celso,1426,Vila Mariana,Tv Rua Luiz Goes,04119-062,Vila Mariana,"Rua Afonso Celso, 1426, Vila Mariana","Rua Afonso Celso, 1426, Vila Mariana, São Paulo - SP, 04119-062",,,
3019-8,Terça Feira,Tradicional,Rua,Sepetiba,510,Vila Romana,Rua Aurelia,05052-000,Lapa,"Rua Sepetiba, 510, Vila Romana","Rua Sepetiba, 510, Vila Romana, São Paulo - SP, 05052-000",,,
3020-1,Terça Feira,Tradicional,Alameda,Dos Araes,1758,Planalto Paulista,Tv Av Indianopolis,04066-004,Vila Mariana,"Alameda Dos Araes, 1758, Planalto Paulista","Alameda Dos Araes, 1758, Planalto Paulista, São Paulo - SP, 04066-004",,,
3021-0,Terça Feira,Tradicional,Avenida,Jose Maria Witaker,1121,Planalto Paulista,Al Guatas Av Afonso M Fagundes,04057-000,Vila Mariana,"Avenida Jose Maria Witaker, 1121, Planalto Paulista","Avenida Jose Maria Witaker, 1121, Planalto Paulista, São Paulo - SP, 04057-000",,,
3022-8,Terça Feira,Tradicional,Rua,Paracatu,1053,São Judas,Entre N. 724 e 936,04302-022,Vila Mariana,"Rua Paracatu, 1053, São Judas","Rua Paracatu, 1053, São Judas, São Paulo - SP, 04302-022",,,
3023-6,Terça Feira,Tradicional,Rua,Brigadeiro Amilcar V Pederneiras,120,Vila das Merces,Av.padre Arlindo Vieira,04173-000,Ipiranga,"Rua Brigadeiro Amilcar V Pederneiras, 120, Vila das Merces","Rua Brigadeiro Amilcar V Pederneiras, 120, Vila das Merces, São Paulo - SP, 04173-000",,,
3024-4,Terça Feira,Tradicional,Rua,Mateus Gomes,S/N,Tatuape,Tatuape,03089-060,Mooca,"Rua Mateus Gomes, Tatuape","Rua Mateus Gomes, Tatuape, São Paulo - SP, 03089-060",,,
3025-2,Terça Feira,Tradicional,Rua,Quedas,567,Vila Mazzei,Av. Luiz Mazzei,02082-030,Vila Maria/Vila Guilherme,"Rua Quedas, 567, Vila Mazzei","Rua Quedas, 567, Vila Mazzei, São Paulo - SP, 02082-030",,,
3026-0,Terça Feira,Tradicional,Praça,Oscar da Silva,394,Vila Guilherme,Rua Maria Candida,02067-000,Vila Maria/Vila Guilherme,"Praça Oscar da Silva, 394, Vila Guilherme","Praça Oscar da Silva, 394, Vila Guilherme, São Paulo - SP, 02067-000",,,
3027-9,Terça Feira,Tradicional,Rua,Indiana,1428,Santo Amaro,Av Santo Amaro,04562-002,Pinheiros,"Rua Indiana, 1428, Santo Amaro","Rua Indiana, 1428, Santo Amaro, São Paulo - SP, 04562-002",,,
3029-5,Terça Feira,Tradicional,Avenida,Boschetti,234,Vila Gustavo,Rua Sa Campelo,02205-000,Vila Maria/Vila Guilherme,"Avenida Boschetti, 234, Vila Gustavo","Avenida Boschetti, 234, Vila Gustavo, São Paulo - SP, 02205-000",,,
3030-9,Terça Feira,Tradicional,Avenida,Benedito Estevao dos Santos,1227,Vila Maria,Praca Vista Alegre,02136-000,Vila Maria/Vila Guilherme,"Avenida Benedito Estevao dos Santos, 1227, Vila Maria","Avenida Benedito Estevao dos Santos, 1227, Vila Maria, São Paulo - SP, 02136-000",,,
3031-7,Terça Feira,Tradicional,Rua,Aureliano Leal C Guatiaia,S/N,Agua Fria,Av Agua Fria,02334-091,Santana/Tucuruvi,"Rua Aureliano Leal C Guatiaia, Agua Fria","Rua Aureliano Leal C Guatiaia, Agua Fria, São Paulo - SP, 02334-091",,,
3032-5,Terça Feira,Tradicional,Avenida,Maestro Vila Lobos,917,Pq Vitoria,Tv Av Guapira,02266-000,Santana/Tucuruvi,"Avenida Maestro Vila Lobos, 917, Pq Vitoria","Avenida Maestro Vila Lobos, 917, Pq Vitoria, São Paulo - SP, 02266-000",,,
3033-3,Terça Feira,Tradicional,Rua,Waldomiro Silveira,28,Imirim,Tv Av Imirim,02536-020,Casa Verde/Cachoeirinha,"Rua Waldomiro Silveira, 28, Imirim","Rua Waldomiro Silveira, 28, Imirim, São Paulo - SP, 02536-020",,,
3034-1,Terça Feira,Tradicional,Rua,Bartolomeu Bueno,161,Vila Anastacio,Industria Sofunge,05093-020,Lapa,"Rua Bartolomeu Bueno, 161, Vila Anastacio","Rua Bartolomeu Bueno, 161, Vila Anastacio, São Paulo - SP, 05093-020",,,
3035-0,Terça Feira,Tradicional,Rua,Chico de Paula,61,Nossa Senhora do o,Fixada,02926-000,Freguesia/Brasilândia,"Rua Chico de Paula, 61, Nossa Senhora do o","Rua Chico de Paula, 61, Nossa Senhora do o, São Paulo - SP, 02926-000",,,
3036-8,Terça Feira,Tradicional,Rua,Mario Schiopa,175,Agua Funda,Siderurgica Aliperti,04156-030,Ipiranga,"Rua Mario Schiopa, 175, Agua Funda","Rua Mario Schiopa, 175, Agua Funda, São Paulo - SP, 04156-030",,,
3037-6,Terça Feira,Tradicional,Avenida,Waldomiro de Lima,S/N,Vila Guarani,Armando Arruda Pereira e G 6,04344-070,Jabaquara,"Avenida Waldomiro de Lima, Vila Guarani","Avenida Waldomiro de Lima, Vila Guarani, São Paulo - SP, 04344-070",,,
3038-4,Terça Feira,Tradicional,Praça,Roberto Gomes Pedrosa,S/N,Estadio do Morumbi,Ao Lado Pc Roberto G Pedrosa,05653-070,Butantã,"Praça Roberto Gomes Pedrosa, Estadio do Morumbi","Praça Roberto Gomes Pedrosa, Estadio do Morumbi, São Paulo - SP, 05653-070",,,
3039-2,Terça Feira,Tradicional,Avenida,Octacilio Tomanik,S/N,Rio Pequeno,Av Doutor Heitor Eiras Garcia,05363-000,Butantã,"Avenida Octacilio Tomanik, Rio Pequeno","Avenida Octacilio Tomanik, Rio Pequeno, São Paulo - SP, 05363-000",,,
3040-6,Terça Feira,Tradicional,Rua,Jose Antunes Cerdeira,S/N,Pq America,Supermercado Espinhera,04841-070,Capela do Socorro,"Rua Jose Antunes Cerdeira, Pq America","Rua Jose Antunes Cerdeira, Pq America, São Paulo - SP, 04841-070",,,
3041-4,Terça Feira,Tradicional,Rua,Santa Gertrudes,575,Tatuape,Fabrica Tapetes Tabacow,03408-020,Aricanduva/Formosa/Carrão,"Rua Santa Gertrudes, 575, Tatuape","Rua Santa Gertrudes, 575, Tatuape, São Paulo - SP, 03408-020",,,
3043-0,Terça Feira,Tradicional,Rua,Mirandinha,399,Penha,Av Amador Bueno da VEIGA-712,03641-000,Penha,"Rua Mirandinha, 399, Penha","Rua Mirandinha, 399, Penha, São Paulo - SP, 03641-000",,,
3044-9,Terça Feira,Tradicional,Rua,Miguel Garcia,354,Vila Paulistania,Estrada Cangaiba -1900,03720-170,Penha,"Rua Miguel Garcia, 354, Vila Paulistania","Rua Miguel Garcia, 354, Vila Paulistania, São Paulo - SP, 03720-170",,,
3045-7,Terça Feira,Tradicional,Rua,Roque Petrela,S/N,Brooklim Paulista,Entre As Ruas Citadas,04581-050,Pinheiros,"Rua Roque Petrela, Brooklim Paulista","Rua Roque Petrela, Brooklim Paulista, São Paulo - SP, 04581-050",,,
3046-5,Terça Feira,Tradicional,Rua,Maria Jose Rangel,649,Jardim Prudencia,Cupece e Conde Luiz Zunta,04650-180,Cidade Ademar,"Rua Maria Jose Rangel, 649, Jardim Prudencia","Rua Maria Jose Rangel, 649, Jardim Prudencia, São Paulo - SP, 04650-180",,,
3047-3,Terça Feira,Tradicional,Avenida,Buenos Aires,90,Vila Buenos Aires,Estrada de São Miguel,03736-020,Ermelino Matarazzo,"Avenida Buenos Aires, 90, Vila Buenos Aires","Avenida Buenos Aires, 90, Vila Buenos Aires, São Paulo - SP, 03736-020",,,
3048-1,Terça Feira,Tradicional,Rua,Francisco de Oliveira Braga,13,Vila Nova Granada,Rua Olivia de Oliveira,03659-090,Penha,"Rua Francisco de Oliveira Braga, 13, Vila Nova Granada","Rua Francisco de Oliveira Braga, 13, Vila Nova Granada, São Paulo - SP, 03659-090",,,
3049-0,Terça Feira,Tradicional,Rua,Assis Valente C Gil Ribeiro,640,Vila Guilhermina,Praca Porto Ferreira,03543-020,Penha,"Rua Assis Valente C Gil Ribeiro, 640, Vila Guilhermina","Rua Assis Valente C Gil Ribeiro, 640, Vila Guilhermina, São Paulo - SP, 03543-020",,,
3050-3,Terça Feira,Tradicional,Rua,Municipal,1213,Tres Maria,Seven Boys-fabrica de Biscoito,03661-000,Penha,"Rua Municipal, 1213, Tres Maria","Rua Municipal, 1213, Tres Maria, São Paulo - SP, 03661-000",,,
3051-1,Terça Feira,Tradicional,Rua,Ivoturucaia,411,Vila Curuca Velha,Salao de Festa Nordestao,08030-040,Itaim Paulista,"Rua Ivoturucaia, 411, Vila Curuca Velha","Rua Ivoturucaia, 411, Vila Curuca Velha, São Paulo - SP, 08030-040",,,
3052-0,Terça Feira,Tradicional,Rua,Doutor Joao Bizarro da Nave,S/N,Vila Ema,Proximo Ao Largo Santa Clara,03351-100,Mooca,"Rua Doutor Joao Bizarro da Nave, Vila Ema","Rua Doutor Joao Bizarro da Nave, Vila Ema, São Paulo - SP, 03351-100",,,
3053-8,Terça Feira,Tradicional,Rua,Joao Batistia Fanton,3,Vila Fonton,Tv Rua Santa Terezinha,05203-180,Perus,"Rua Joao Batistia Fanton, 3, Vila Fonton","Rua Joao Batistia Fanton, 3, Vila Fonton, São Paulo - SP, 05203-180",,,
3054-6,Terça Feira,Tradicional,Rua,Tereza Bortolo,S/N,Jardim Tremembe,Cemiterio Tremembe,02352-150,Jaçanã/Tremembé,"Rua Tereza Bortolo, Jardim Tremembe","Rua Tereza Bortolo, Jardim Tremembe, São Paulo - SP, 02352-150",,,
3055-4,Terça Feira,Tradicional,Rua,Rolandia,S/N,Jaguare,Tv Av Corifeu de a Marques,05337-070,Lapa,"Rua Rolandia, Jaguare","Rua Rolandia, Jaguare, São Paulo - SP, 05337-070",,,
3057-0,Terça Feira,Tradicional,Rua,Pinto da Luz,329,Jardim Tialha,Entre Bento Sabino Reis e Vaut,03276-110,Vila Prudente,"Rua Pinto da Luz, 329, Jardim Tialha","Rua Pinto da Luz, 329, Jardim Tialha, São Paulo - SP, 03276-110",,,
3058-9,Terça Feira,Tradicional,Rua,Itaicy,S/N,Santa Terezinha,Tv Conselheiro Moreira de Barros,02460-030,Santana/Tucuruvi,"Rua Itaicy, Santa Terezinha","Rua Itaicy, Santa Terezinha, São Paulo - SP, 02460-030",,,
3059-7,Terça Feira,Tradicional,Rua,Marques do Recife,330,Vila Bancaria,Tv Av Itaberaba Altura 2000,02841-010,Freguesia/Brasilândia,"Rua Marques do Recife, 330, Vila Bancaria","Rua Marques do Recife, 330, Vila Bancaria, São Paulo - SP, 02841-010",,,
3060-0,Terça Feira,Tradicional,Avenida,Professor Carlos Caliolli,130,Pq Maria Luiza,Parel Av Rio das Pedras,03451-020,Aricanduva/Formosa/Carrão,"Avenida Professor Carlos Caliolli, 130, Pq Maria Luiza","Avenida Professor Carlos Caliolli, 130, Pq Maria Luiza, São Paulo - SP, 03451-020",,,
3061-9,Terça Feira,Tradicional,Rua,Domingos Pires Brito,S/N,Pq São Lucas,Pq São Lucas,03262-030,Vila Prudente,"Rua Domingos Pires Brito, Pq São Lucas","Rua Domingos Pires Brito, Pq São Lucas, São Paulo - SP, 03262-030",,,
3063-5,Terça Feira,Tradicional,Rua,Flor Cachoeira e S do Teixeira,48,Vila Piaui,Rua Nilva,05109-220,Lapa,"Rua Flor Cachoeira e S do Teixeira, 48, Vila Piaui","Rua Flor Cachoeira e S do Teixeira, 48, Vila Piaui, São Paulo - SP, 05109-220",,,
3064-3,Terça Feira,Tradicional,Rua,Matias Teixeira,165,Bosque da Saude,Tv Rua Itaborai,04136-170,Ipiranga,"Rua Matias Teixeira, 165, Bosque da Saude","Rua Matias Teixeira, 165, Bosque da Saude, São Paulo - SP, 04136-170",,,
3065-1,Terça Feira,Tradicional,Praça,Benedito Calixto,251,Pinheiros,Card Arco Verde C Teod Sampaio,05406-040,Pinheiros,"Praça Benedito Calixto, 251, Pinheiros","Praça Benedito Calixto, 251, Pinheiros, São Paulo - SP, 05406-040",,,
3067-8,Terça Feira,Tradicional,Rua,Pde Mariano Ronchi,1,Jardim São Jose,Tv Rio Verde,02932-000,Pirituba/Jaraguá,"Rua Pde Mariano Ronchi, 1, Jardim São Jose","Rua Pde Mariano Ronchi, 1, Jardim São Jose, São Paulo - SP, 02932-000",,,
3070-8,Terça Feira,Tradicional,Rua,Monte Alverne,S/N,Vila Santa Eulalia,Entre Rua Caritiana e Peacaba,04265-060,Ipiranga,"Rua Monte Alverne, Vila Santa Eulalia","Rua Monte Alverne, Vila Santa Eulalia, São Paulo - SP, 04265-060",,,
3071-6,Terça Feira,Tradicional,Rua,Frederico Penteado Junior,11,Casa Verde,Av.casa Verde Altura 2816,02517-100,Casa Verde/Cachoeirinha,"Rua Frederico Penteado Junior, 11, Casa Verde","Rua Frederico Penteado Junior, 11, Casa Verde, São Paulo - SP, 02517-100",,,
3073-2,Terça Feira,Tradicional,Rua,Capitão Mor Passos,225,Pari,Tv da Rua Cachoeira,03024-010,Mooca,"Rua Capitão Mor Passos, 225, Pari","Rua Capitão Mor Passos, 225, Pari, São Paulo - SP, 03024-010",,,
3074-0,Terça Feira,Tradicional,Rua,Marechal Marques Porto,S/N,Vila Nova York,Tv Av Nacionalistas,03906-020,Aricanduva/Formosa/Carrão,"Rua Marechal Marques Porto, Vila Nova York","Rua Marechal Marques Porto, Vila Nova York, São Paulo - SP, 03906-020",,,
3075-9,Terça Feira,Tradicional,Rua,Bento Quirino,399,Vila Talarico,Garagem Onibus Vila Esperanca,03534-010,Penha,"Rua Bento Quirino, 399, Vila Talarico","Rua Bento Quirino, 399, Vila Talarico, São Paulo - SP, 03534-010",,,
3077-5,Terça Feira,Tradicional,Rua,Tomaz Antonio Vilane,417,Vila Santa Maria,Tv Av Deputado Emilio Carlos,02562-000,Casa Verde/Cachoeirinha,"Rua Tomaz Antonio Vilane, 417, Vila Santa Maria","Rua Tomaz Antonio Vilane, 417, Vila Santa Maria, São Paulo - SP, 02562-000",,,
3078-3,Terça Feira,Tradicional,Rua,Brigadeiro Henrique Fontenelle,132,Pq São Domingues,Port 17/94,05125-000,Pirituba/Jaraguá,"Rua Brigadeiro Henrique Fontenelle, 132, Pq São Domingues","Rua Brigadeiro Henrique Fontenelle, 132, Pq São Domingues, São Paulo - SP, 05125-000",,,
3079-1,Terça Feira,Tradicional,Rua,Jose Felix Alves Pacheco,209,Vila Brasilandia,Deposito Combara de Construcao,02835-040,Freguesia/Brasilândia,"Rua Jose Felix Alves Pacheco, 209, Vila Brasilandia","Rua Jose Felix Alves Pacheco, 209, Vila Brasilandia, São Paulo - SP, 02835-040",,,
3080-5,Terça Feira,Tradicional,Rua,Pedro Vitorato,474,Jardim Colorado,Jardim Colorado Vila Prudente,03387-010,Sapopemba,"Rua Pedro Vitorato, 474, Jardim Colorado","Rua Pedro Vitorato, 474, Jardim Colorado, São Paulo - SP, 03387-010",,,
3081-3,Terça Feira,Tradicional,Rua,Marambaia,25,Casa Verde,Ponte da Casa Verde,02513-000,Casa Verde/Cachoeirinha,"Rua Marambaia, 25, Casa Verde","Rua Marambaia, 25, Casa Verde, São Paulo - SP, 02513-000",,,
3082-1,Terça Feira,Tradicional,Rua,Pitagoras,579,Jardim Coimbra,Rua Claudio Bartolomeu,03693-010,Penha,"Rua Pitagoras, 579, Jardim Coimbra","Rua Pitagoras, 579, Jardim Coimbra, São Paulo - SP, 03693-010",,,
3083-0,Terça Feira,Tradicional,Rua,Rizzieri Negrini,199,Vila Arapua,Colombo Florence C Ant Herdeir,04257-143,Ipiranga,"Rua Rizzieri Negrini, 199, Vila Arapua","Rua Rizzieri Negrini, 199, Vila Arapua, São Paulo - SP, 04257-143",,,
3084-8,Terça Feira,Tradicional,Avenida,Manoel dos Santos Braga,251,Limoeiro,Prox Gar On Penha S Miguel,03807-320,São Miguel,"Avenida Manoel dos Santos Braga, 251, Limoeiro","Avenida Manoel dos Santos Braga, 251, Limoeiro, São Paulo - SP, 03807-320",,,
3085-6,Terça Feira,Tradicional,Rua,Das Paineiras,S/N,Veleiros,Ruas Mar Del Plata /pe Polman,04771-080,Capela do Socorro,"Rua Das Paineiras, Veleiros","Rua Das Paineiras, Veleiros, São Paulo - SP, 04771-080",,,
3087-2,Terça Feira,Tradicional,Rua,Estevam Fernandes,S/N,Piraporinha,Tv Es M Boi Mirim,04913-140,M'Boi Mirim,"Rua Estevam Fernandes, Piraporinha","Rua Estevam Fernandes, Piraporinha, São Paulo - SP, 04913-140",,,
3090-2,Terça Feira,Tradicional,Rua,Salvador Rodrigues Negrao,38,Vila Constancia,Jd.das Oliveiras Cidade Ademar,04401-160,Cidade Ademar,"Rua Salvador Rodrigues Negrao, 38, Vila Constancia","Rua Salvador Rodrigues Negrao, 38, Vila Constancia, São Paulo - SP, 04401-160",,,
3092-9,Terça Feira,Tradicional,Rua,Belizario Benites,115,Jardim Veronia,Estacao Ermelino Matarazzo,03816-120,Ermelino Matarazzo,"Rua Belizario Benites, 115, Jardim Veronia","Rua Belizario Benites, 115, Jardim Veronia, São Paulo - SP, 03816-120",,,
3093-7,Terça Feira,Tradicional,Avenida,Mendonca e Vasconcelos,108,Jardim Ester,Tv Es Sapopemba Altura 21000,08330-260,São Mateus,"Avenida Mendonca e Vasconcelos, 108, Jardim Ester","Avenida Mendonca e Vasconcelos, 108, Jardim Ester, São Paulo - SP, 08330-260",,,
3094-5,Terça Feira,Tradicional,Rua,Estevao Dias Vergara,700,Jardim Nsra do Carmo,Tv Av Maria Luiza Americano,08275-120,Itaquera,"Rua Estevao Dias Vergara, 700, Jardim Nsra do Carmo","Rua Estevao Dias Vergara, 700, Jardim Nsra do Carmo, São Paulo - SP, 08275-120",,,
3095-3,Terça Feira,Tradicional,Rua,Frei Antonio Faggiano,41,Itaquera,Rua Antonio Capuzzi,08255-140,Itaquera,"Rua Frei Antonio Faggiano, 41, Itaquera","Rua Frei Antonio Faggiano, 41, Itaquera, São Paulo - SP, 08255-140",,,
3097-0,Terça Feira,Tradicional,Rua,Rio Hipiaugui,150,Jardim Planalto,Jardim Planalto Vila Prudente,03982-045,Sapopemba,"Rua Rio Hipiaugui, 150, Jardim Planalto","Rua Rio Hipiaugui, 150, Jardim Planalto, São Paulo - SP, 03982-045",,,
3098-8,Terça Feira,Tradicional,Rua,Jose da Penha,8,Jardim Danfer,Ponto Final Onibus Jd.danfer,03729-150,Penha,"Rua Jose da Penha, 8, Jardim Danfer","Rua Jose da Penha, 8, Jardim Danfer, São Paulo - SP, 03729-150",,,
3099-6,Terça Feira,Tradicional,Avenida,Itaim,150,Itaim Paulista,Estacao Itaim Paulista,08110-650,Itaim Paulista,"Avenida Itaim, 150, Itaim Paulista","Avenida Itaim, 150, Itaim Paulista, São Paulo - SP, 08110-650",,,
3100-3,Terça Feira,Tradicional,Rua,Rosario Scamarti,S/N,Jardim Jangadeiro,Tv Rua Rosario Escarnadi,05883-000,Campo Limpo,"Rua Rosario Scamarti, Jardim Jangadeiro","Rua Rosario Scamarti, Jardim Jangadeiro, São Paulo - SP, 05883-000",,,
3101-1,Terça Feira,Tradicional,Rua,Salgueiro do Campo,110,Jardim Ibirapuera,Px Ao N. 384 e 856,05814-210,M'Boi Mirim,"Rua Salgueiro do Campo, 110, Jardim Ibirapuera","Rua Salgueiro do Campo, 110, Jardim Ibirapuera, São Paulo - SP, 05814-210",,,
3102-0,Terça Feira,Tradicional,Rua,Plinio Salgado,S/N,Butanta,Proximo a Regional do Butanta,05537-080,Butantã,"Rua Plinio Salgado, Butanta","Rua Plinio Salgado, Butanta, São Paulo - SP, 05537-080",,,
3103-8,Terça Feira,Tradicional,Rua,Carlos Nahas,S/N,Jardim Rosana,Tv Av Carlos Lacerda,05795-160,Campo Limpo,"Rua Carlos Nahas, Jardim Rosana","Rua Carlos Nahas, Jardim Rosana, São Paulo - SP, 05795-160",,,
3104-6,Terça Feira,Tradicional,Avenida,Vaticano,19,Jardim Joao XXIII,S/infor,05569-120,Butantã,"Avenida Vaticano, 19, Jardim Joao XXIII","Avenida Vaticano, 19, Jardim Joao XXIII, São Paulo - SP, 05569-120",,,
3106-2,Terça Feira,Tradicional,Rua,Mons Joao Pedro Fusenig,S/N,Jardim Santa Gertrudes,Repreza do Guarapiranga,04918-210,M'Boi Mirim,"Rua Mons Joao Pedro Fusenig, Jardim Santa Gertrudes","Rua Mons Joao Pedro Fusenig, Jardim Santa Gertrudes, São Paulo - SP, 04918-210",,,
3107-0,Terça Feira,Tradicional,Rua,Angelo de Candia,359,Jardim Nove de Julho,Paral Av M Bei e Am Rodrigues,03958-000,São Mateus,"Rua Angelo de Candia, 359, Jardim Nove de Julho","Rua Angelo de Candia, 359, Jardim Nove de Julho, São Paulo - SP, 03958-000",,,
3110-0,Terça Feira,Tradicional,Avenida,Pau D'arco Roxo,220,Cidade Pedro Jose Nunes,Cidade Pedro Jose Nunes,08061-030,São Miguel,"Avenida Pau D'arco Roxo, 220, Cidade Pedro Jose Nunes","Avenida Pau D'arco Roxo, 220, Cidade Pedro Jose Nunes, São Paulo - SP, 08061-030",,,
3111-9,Terça Feira,Tradicional,Rua,Inaja Guacu,S/N,Vila Progresso,Entre R Beatriz Melo/f.souza,08240-530,São Miguel,"Rua Inaja Guacu, Vila Progresso","Rua Inaja Guacu, Vila Progresso, São Paulo - SP, 08240-530",,,
3112-7,Terça Feira,Tradicional,Rua,Joao Lopes de Lima,300,Jardim Sapopemba,Tv Av Sapopemba Altura 13000,03976-020,Sapopemba,"Rua Joao Lopes de Lima, 300, Jardim Sapopemba","Rua Joao Lopes de Lima, 300, Jardim Sapopemba, São Paulo - SP, 03976-020",,,
3113-5,Terça Feira,Tradicional,Rua,Amazonas Marcondes,S/N,Cocaia,Conjunto Faria Lima,04851-230,Capela do Socorro,"Rua Amazonas Marcondes, Cocaia","Rua Amazonas Marcondes, Cocaia, São Paulo - SP, 04851-230",,,
3116-0,Terça Feira,Tradicional,Rua,Itatiba do Sul,4,Jardim Vista Alegre,C/rua Firminopolis,02878-100,Freguesia/Brasilândia,"Rua Itatiba do Sul, 4, Jardim Vista Alegre","Rua Itatiba do Sul, 4, Jardim Vista Alegre, São Paulo - SP, 02878-100",,,
3118-6,Terça Feira,Tradicional,Rua,Monte São Martinho,349,Jardim Santa Cruz,Tv Av General Penha Brasil,02674-020,Casa Verde/Cachoeirinha,"Rua Monte São Martinho, 349, Jardim Santa Cruz","Rua Monte São Martinho, 349, Jardim Santa Cruz, São Paulo - SP, 02674-020",,,
3124-0,Terça Feira,Tradicional,Rua,Francisco Antonio Meira,S/N,Jardim Maia,Rua Arvore do Viajante,08180-270,São Miguel,"Rua Francisco Antonio Meira, Jardim Maia","Rua Francisco Antonio Meira, Jardim Maia, São Paulo - SP, 08180-270",,,
3127-5,Terça Feira,Tradicional,Rua,Lagoa Cajuba,S/N,Jardim Campos,,08160-120,Itaim Paulista,"Rua Lagoa Cajuba, Jardim Campos","Rua Lagoa Cajuba, Jardim Campos, São Paulo - SP, 08160-120",,,
3129-1,Terça Feira,Tradicional,Rua,Gil Eanes,S/N,Campo Belo,,04601-040,Santo Amaro,"Rua Gil Eanes, Campo Belo","Rua Gil Eanes, Campo Belo, São Paulo - SP, 04601-040",,,
3132-1,Terça Feira,Tradicional,Rua,Henrique Roschel Christi,S/N,Jardim dos Alamos,,04883-255,Parelheiros,"Rua Henrique Roschel Christi, Jardim dos Alamos","Rua Henrique Roschel Christi, Jardim dos Alamos, São Paulo - SP, 04883-255",,,
3134-8,Terça Feira,Tradicional,Rua,Cachoeira de Minas,S/N,Jardim Santa Adelia,,03973-050,São Mateus,"Rua Cachoeira de Minas, Jardim Santa Adelia","Rua Cachoeira de Minas, Jardim Santa Adelia, São Paulo - SP, 03973-050",,,
3135-6,Terça Feira,Tradicional,Rua,Higino Pellegrini,S/N,Agua Branca,,0,Lapa,"Rua Higino Pellegrini, Agua Branca","Rua Higino Pellegrini, Agua Branca, São Paulo - SP",,,
3137-2,Terça Feira,Tradicional,Rua,Professor Tamandare de Toledo,S/N,Jardim Paulista,,04532-020,Pinheiros,"Rua Professor Tamandare de Toledo, Jardim Paulista","Rua Professor Tamandare de Toledo, Jardim Paulista, São Paulo - SP, 04532-020",,,
3139-9,Terça Feira,Tradicional,Rua,Bartolomeu Quadros,S/N,Cangaiba,,03714-000,Penha,"Rua Bartolomeu Quadros, Cangaiba","Rua Bartolomeu Quadros, Cangaiba, São Paulo - SP, 03714-000",,,
3140-2,Terça Feira,Tradicional,Rua,Flor de Pelicano,S/N,Jardim Casa Pintada,Imperador e Grama da Praia,08230-820,Itaquera,"Rua Flor de Pelicano, Jardim Casa Pintada","Rua Flor de Pelicano, Jardim Casa Pintada, São Paulo - SP, 08230-820",,,
3142-9,Terça Feira,Tradicional,Avenida,Antonio Bernardo Silvestre,S/N,Vila São Silvestre,,08011-390,São Miguel,"Avenida Antonio Bernardo Silvestre, Vila São Silvestre","Avenida Antonio Bernardo Silvestre, Vila São Silvestre, São Paulo - SP, 08011-390",,,
3144-5,Terça Feira,Tradicional,Rua,Americo de Campos,S/N,Liberdade,,01506-010,Sé,"Rua Americo de Campos, Liberdade","Rua Americo de Campos, Liberdade, São Paulo - SP, 01506-010",,,
3145-3,Terça Feira,Tradicional,Rua,Voltaire com Pedro Nicole,S/N,Jardim Vila Mariana,Av Pref Fabio Prado,04116-090,Vila Mariana,"Rua Voltaire com Pedro Nicole, Jardim Vila Mariana","Rua Voltaire, Jardim Vila Mariana, São Paulo - SP, 04116-090",,,
3146-1,Terça Feira,Tradicional,Rua,Comte Carlos Rhul,S/N,Vila Princesa Isabel,,08410-130,Guaianases,"Rua Comte Carlos Rhul, Vila Princesa Isabel","Rua Comte Carlos Rhul, Vila Princesa Isabel, São Paulo - SP, 08410-130",,,
3147-0,Terça Feira,Tradicional,Rua,Ciriaco Jimenez,S/N,Pq Nacoes Unidas,,02996-070,Pirituba/Jaraguá,"Rua Ciriaco Jimenez, Pq Nacoes Unidas","Rua Ciriaco Jimenez, Pq Nacoes Unidas, São Paulo - SP, 02996-070",,,
3149-6,Terça Feira,Tradicional,Rua,Seritinga,S/N,São Mateus,Rua Pedrinopolis e Campo Flori,03934-120,São Mateus,"Rua Seritinga, São Mateus","Rua Seritinga, São Mateus, São Paulo - SP, 03934-120",,,
3151-8,Terça Feira,Tradicional,Rua,Arvore de Cera,S/N,Jardim Nova Curuca,,08032-270,Itaim Paulista,"Rua Arvore de Cera, Jardim Nova Curuca","Rua Arvore de Cera, Jardim Nova Curuca, São Paulo - SP, 08032-270",,,
3153-4,Terça Feira,Noturna,Rua,Henri Cross,S/N,Jardim Santa Emilia,,04184-010,Ipiranga,"Rua Henri Cross, Jardim Santa Emilia","Rua Henri Cross, Jardim Santa Emilia, São Paulo - SP, 04184-010",,,
3155-0,Terça Feira,Tradicional,Rua,Heliodoro Paiva,00S/N,Jard M Augusto,São Mateus,08371-100,São Mateus,"Rua Heliodoro Paiva, 00S/N, Jard M Augusto","Rua Heliodoro Paiva, 00S/N, Jard M Augusto, São Paulo - SP, 08371-100",,,
3157-7,Terça Feira,Tradicional,Rua,Afonso Furtado de Castro,S/N,Jardim Santo Andre,,08390-140,São Mateus,"Rua Afonso Furtado de Castro, Jardim Santo Andre","Rua Afonso Furtado de Castro, Jardim Santo Andre, São Paulo - SP, 08390-140",,,
3158-5,Terça Feira,Tradicional,Rua,Aleixos Jafet,S/N,Vila Aurora,Rua Lorenzo Latorre,05186-005,Pirituba/Jaraguá,"Rua Aleixos Jafet, Vila Aurora","Rua Aleixos Jafet, Vila Aurora, São Paulo - SP, 05186-005",,,
3160-7,Terça Feira,Noturna,Rua,Rodolfo Barbosa de Castro,S/N,Parque Guarani,,08235-420,Itaquera,"Rua Rodolfo Barbosa de Castro, Parque Guarani","Rua Rodolfo Barbosa de Castro, Parque Guarani, São Paulo - SP, 08235-420",,,
3162-3,Terça Feira,Tradicional,Avenida,Sapopemba,S/N,São Mateus,Rua Julio Cezar Moreira,03989-010,São Mateus,"Avenida Sapopemba, São Mateus","Avenida Sapopemba, São Mateus, São Paulo - SP, 03989-010",,,
3164-0,Terça Feira,Tradicional,Rua,Dronsfield,S/N,Lapa,Doze de Out e Martim Tenorio,05074-000,Lapa,"Rua Dronsfield, Lapa","Rua Dronsfield, Lapa, São Paulo - SP, 05074-000",,,
3230-1,Terça Feira,Tradicional,Praça,Torquato Plaza,S/N,Sapopemba,,03271-050,Sapopemba,"Praça Torquato Plaza, Sapopemba","Praça Torquato Plaza, Sapopemba, São Paulo - SP, 03271-050",,,
3235-2,Terça Feira,Tradicional,Rua,Miguel Angelo Lapena,S/N,São Miguel,,08010-040,São Miguel,"Rua Miguel Angelo Lapena, São Miguel","Rua Miguel Angelo Lapena, São Miguel, São Paulo - SP, 08010-040",,,
3324-3,Terça Feira,Tradicional,Rua,Desembargador Fausto Whitaker M Alvim,S/N,Itaim Paulista,,08130-350,Itaim Paulista,"Rua Desembargador Fausto Whitaker M Alvim, Itaim Paulista","Rua Desembargador Fausto Whitaker M Alvim, Itaim Paulista, São Paulo - SP, 08130-350",,,
3400-2,Terça Feira,Tradicional,Rua,General Jose Almeida Botelho,S/N,Mandaqui,,02422-090,Santana/Tucuruvi,"Rua General Jose Almeida Botelho, Mandaqui","Rua General Jose Almeida Botelho, Mandaqui, São Paulo - SP, 02422-090",,,
3401-0,Terça Feira,Noturna,Travessa,Veneza do Amor,S/N,Jardim São Jose,Abast,08345-650,São Mateus,"Travessa Veneza do Amor, Jardim São Jose","Travessa Veneza do Amor, Jardim São Jose, São Paulo - SP, 08345-650",,,
3402-9,Terça Feira,Tradicional,Rua,Tiuba,S/N,Vila Manchester,Abast,03443-015,Aricanduva/Formosa/Carrão,"Rua Tiuba, Vila Manchester","Rua Tiuba, Vila Manchester, São Paulo - SP, 03443-015",,,
3489-4,Terça Feira,Noturna,Rua,Inacio Preto de Morais,S/N,Vila Plana,,05731-340,Campo Limpo,"Rua Inacio Preto de Morais, Vila Plana","Rua Inacio Preto de Morais, Vila Plana, São Paulo - SP, 05731-340",,,
3869-5,Terça Feira,Noturna,Rua,Jose de Salcedo,65,Pq Flamengo,,05783-120,Campo Limpo,"Rua Jose de Salcedo, 65, Pq Flamengo","Rua Jose de Salcedo, 65, Pq Flamengo, São Paulo - SP, 05783-120",,,
3900-4,Terça Feira,Tradicional,Rua,Pde Lariviere,91,Pinheiros,Av Arruda Botelho,05466-050,Pinheiros,"Rua Pde Lariviere, 91, Pinheiros","Rua Pde Lariviere, 91, Pinheiros, São Paulo - SP, 05466-050",,,
4000-2,Quarta Feira,Noturna,Rua,Edmur Witaker,S/N,São Mateus,,03963-060,São Mateus,"Rua Edmur Witaker, São Mateus","Rua Edmur Witaker, São Mateus, São Paulo - SP, 03963-060",,,
4001-0,Quarta Feira,Tradicional,Rua,Doutor Pedro Severiano,S/N,Liberdade,Baixos Viaduto do Glicerio,01518-040,Sé,"Rua Doutor Pedro Severiano, Liberdade","Rua Doutor Pedro Severiano, Liberdade, São Paulo - SP, 01518-040",,,
4002-9,Quarta Feira,Tradicional,Rua,Oliveira Peixoto,79,Aclimacao,Tv da Rua Almeida Torres,01530-040,Sé,"Rua Oliveira Peixoto, 79, Aclimacao","Rua Oliveira Peixoto, 79, Aclimacao, São Paulo - SP, 01530-040",,,
4003-7,Quarta Feira,Tradicional,Rua,Sampson C Mendes Junior,S/N,Bras,Tv Rua Bresser,03013-040,Mooca,"Rua Sampson C Mendes Junior, Bras","Rua Sampson C Mendes Junior, Bras, São Paulo - SP, 03013-040",,,
4004-5,Quarta Feira,Tradicional,Praça,Ciro Pontes,S/N,Mooca,,03166-030,Mooca,"Praça Ciro Pontes, Mooca","Praça Ciro Pontes, Mooca, São Paulo - SP, 03166-030",,,
4005-3,Quarta Feira,Tradicional,Rua,Vidal de Negreiros,76,Caninde,Tv Av Cruzeiro do Sul,03033-050,Mooca,"Rua Vidal de Negreiros, 76, Caninde","Rua Vidal de Negreiros, 76, Caninde, São Paulo - SP, 03033-050",,,
4007-0,Quarta Feira,Tradicional,Rua,Professor Macedo Soares,276,Jardim da Gloria,Tv Av Lins de Vasconcelos,04113-090,Vila Mariana,"Rua Professor Macedo Soares, 276, Jardim da Gloria","Rua Professor Macedo Soares, 276, Jardim da Gloria, São Paulo - SP, 04113-090",,,
4008-8,Quarta Feira,Tradicional,Rua,Eca de Queiroz,374,Vila Mariana,Proximo Av 23 de Maio,04011-031,Vila Mariana,"Rua Eca de Queiroz, 374, Vila Mariana","Rua Eca de Queiroz, 374, Vila Mariana, São Paulo - SP, 04011-031",,,
4009-6,Quarta Feira,Tradicional,Rua,Guinle com Frederico V Martius,95,Vila Monumento,Travessa Rua Mariano Procopio,01548-010,Ipiranga,"Rua Guinle com Frederico V Martius, 95, Vila Monumento","Rua Guinle, 95, Vila Monumento, São Paulo - SP, 01548-010",,,
4010-0,Quarta Feira,Tradicional,Rua,Madre de Deus,604,Mooca,Tv Rua Visconde de Inhumirim,03119-000,Mooca,"Rua Madre de Deus, 604, Mooca","Rua Madre de Deus, 604, Mooca, São Paulo - SP, 03119-000",,,
4011-8,Quarta Feira,Tradicional,Rua,Cayowaa,2008,Sumarezinho,Av Heitor Penteado,01258-011,Lapa,"Rua Cayowaa, 2008, Sumarezinho","Rua Cayowaa, 2008, Sumarezinho, São Paulo - SP, 01258-011",,,
4012-6,Quarta Feira,Tradicional,Praça,Roberto Gomes Pedrosa,520,Itaim Bibi,Pc Roberto Gomes Pedrosa,05653-070,Butantã,"Praça Roberto Gomes Pedrosa, 520, Itaim Bibi","Praça Roberto Gomes Pedrosa, 520, Itaim Bibi, São Paulo - SP, 05653-070",,,
4013-4,Quarta Feira,Tradicional,Rua,Tavares Bastos,901,Vila Pompeia,Rua Barao do Bananal,05012-020,Lapa,"Rua Tavares Bastos, 901, Vila Pompeia","Rua Tavares Bastos, 901, Vila Pompeia, São Paulo - SP, 05012-020",,,
4015-0,Quarta Feira,Tradicional,Rua,Gabriel Pizza,S/N,Santana,Dr.zuquim,02036-011,Santana/Tucuruvi,"Rua Gabriel Pizza, Santana","Rua Gabriel Pizza, Santana, São Paulo - SP, 02036-011",,,
4016-9,Quarta Feira,Tradicional,Rua,Capitão Manoel Novaes,S/N,Jardim São Bento,Rua Doutor Cezar,02017-030,Santana/Tucuruvi,"Rua Capitão Manoel Novaes, Jardim São Bento","Rua Capitão Manoel Novaes, Jardim São Bento, São Paulo - SP, 02017-030",,,
4017-7,Quarta Feira,Tradicional,Rua,Doutor Eugenio Fortes Coelho,S/N,Chora Menino,Px Pc Olga P Meira Cho Menino,02462-060,Santana/Tucuruvi,"Rua Doutor Eugenio Fortes Coelho, Chora Menino","Rua Doutor Eugenio Fortes Coelho, Chora Menino, São Paulo - SP, 02462-060",,,
4018-5,Quarta Feira,Tradicional,Rua,Galileia,430,Pq Peruche,Tv da Jose Rangel Camargo,02530-000,Casa Verde/Cachoeirinha,"Rua Galileia, 430, Pq Peruche","Rua Galileia, 430, Pq Peruche, São Paulo - SP, 02530-000",,,
4019-3,Quarta Feira,Tradicional,Rua,Antonio Munhos Bonilha,235,Vila Carolina,Tv Av Deputado Emilio Carlos,02725-000,Casa Verde/Cachoeirinha,"Rua Antonio Munhos Bonilha, 235, Vila Carolina","Rua Antonio Munhos Bonilha, 235, Vila Carolina, São Paulo - SP, 02725-000",,,
4020-7,Quarta Feira,Tradicional,Rua,Ministro Salgado Filho,485,Vila Oratorio,Tv Rua Paulo de Lima Correa,03193-020,Mooca,"Rua Ministro Salgado Filho, 485, Vila Oratorio","Rua Ministro Salgado Filho, 485, Vila Oratorio, São Paulo - SP, 03193-020",,,
4021-5,Quarta Feira,Tradicional,Rua,Luiza Canero,6,Vila Canero,Tv Rua Leme,03191-030,Mooca,"Rua Luiza Canero, 6, Vila Canero","Rua Luiza Canero, 6, Vila Canero, São Paulo - SP, 03191-030",,,
4022-3,Quarta Feira,Tradicional,Rua,Sebastiao Barbosa,333,Tatuape,Praca Bento Manoel,03334-040,Mooca,"Rua Sebastiao Barbosa, 333, Tatuape","Rua Sebastiao Barbosa, 333, Tatuape, São Paulo - SP, 03334-040",,,
4023-1,Quarta Feira,Tradicional,Rua,Airi,437,Tatuape,Barao de Itaqui,03310-010,Mooca,"Rua Airi, 437, Tatuape","Rua Airi, 437, Tatuape, São Paulo - SP, 03310-010",,,
4024-0,Quarta Feira,Tradicional,Avenida,Bentevi C Jauaperi,104,Indianopolis,Proxima Av Ibirapuera,04524-030,Vila Mariana,"Avenida Bentevi C Jauaperi, 104, Indianopolis","Avenida Bentevi C Jauaperi, 104, Indianopolis, São Paulo - SP, 04524-030",,,
4025-8,Quarta Feira,Tradicional,Rua,Lino Guedes,109,Moinho Velho,Altura da Vergueiro 7450,04288-120,Ipiranga,"Rua Lino Guedes, 109, Moinho Velho","Rua Lino Guedes, 109, Moinho Velho, São Paulo - SP, 04288-120",,,
4026-6,Quarta Feira,Tradicional,Rua,Osaka,848,Jardim Japao,Tv Av Laranjeiras Altura 1600,02124-041,Vila Maria/Vila Guilherme,"Rua Osaka, 848, Jardim Japao","Rua Osaka, 848, Jardim Japao, São Paulo - SP, 02124-041",,,
4027-4,Quarta Feira,Tradicional,Rua,Japaratuba,131,São Joao Climaco,Estrada das LAGRIMAS-1600,04254-000,Ipiranga,"Rua Japaratuba, 131, São Joao Climaco","Rua Japaratuba, 131, São Joao Climaco, São Paulo - SP, 04254-000",,,
4028-2,Quarta Feira,Tradicional,Rua,Sales Junior,555,Alto da Lapa,Colegio Salesiano,05083-070,Lapa,"Rua Sales Junior, 555, Alto da Lapa","Rua Sales Junior, 555, Alto da Lapa, São Paulo - SP, 05083-070",,,
4029-0,Quarta Feira,Tradicional,Rua,Salvador Sala,425,Piqueri,Tv Av Paula Ferreira,02914-030,Pirituba/Jaraguá,"Rua Salvador Sala, 425, Piqueri","Rua Salvador Sala, 425, Piqueri, São Paulo - SP, 02914-030",,,
4030-4,Quarta Feira,Tradicional,Rua,Iquiririm,496,Vila Indiana,Av Corifeu de Azevedo Marques,05586-000,Butantã,"Rua Iquiririm, 496, Vila Indiana","Rua Iquiririm, 496, Vila Indiana, São Paulo - SP, 05586-000",,,
4031-2,Quarta Feira,Tradicional,Rua,Moreira de Vasconcelos,196,Vila Maria,Praca da Alegria,02131-090,Vila Maria/Vila Guilherme,"Rua Moreira de Vasconcelos, 196, Vila Maria","Rua Moreira de Vasconcelos, 196, Vila Maria, São Paulo - SP, 02131-090",,,
4032-0,Quarta Feira,Tradicional,Rua,Tanque Velho,455,Vila Gustavo,Tv Rua do Campo,02251-001,Santana/Tucuruvi,"Rua Tanque Velho, 455, Vila Gustavo","Rua Tanque Velho, 455, Vila Gustavo, São Paulo - SP, 02251-001",,,
4033-9,Quarta Feira,Tradicional,Rua,Aragao,S/N,Vila Mazzei,Av Sezefredo Fagundes,02308-000,Santana/Tucuruvi,"Rua Aragao, Vila Mazzei","Rua Aragao, Vila Mazzei, São Paulo - SP, 02308-000",,,
4034-7,Quarta Feira,Tradicional,Avenida,Mariana Caligiuri Ronchetti,237,Vila Continental,Tv Av Maria Antonia Martins,02650-000,Casa Verde/Cachoeirinha,"Avenida Mariana Caligiuri Ronchetti, 237, Vila Continental","Avenida Mariana Caligiuri Ronchetti, 237, Vila Continental, São Paulo - SP, 02650-000",,,
4035-5,Quarta Feira,Tradicional,Rua,Grumixamas,374,Vila Guarani,George Corbisier e Buritis,04349-000,Jabaquara,"Rua Grumixamas, 374, Vila Guarani","Rua Grumixamas, 374, Vila Guarani, São Paulo - SP, 04349-000",,,
4036-3,Quarta Feira,Tradicional,Rua,Cachoeira do Sul,26,Vila Jaguara,Fabrica Danone,05117-010,Lapa,"Rua Cachoeira do Sul, 26, Vila Jaguara","Rua Cachoeira do Sul, 26, Vila Jaguara, São Paulo - SP, 05117-010",,,
4037-1,Quarta Feira,Tradicional,Rua,Pedro Alegretti,512,Penha,Av.amador B.veiga (cemiterio),03610-010,Penha,"Rua Pedro Alegretti, 512, Penha","Rua Pedro Alegretti, 512, Penha, São Paulo - SP, 03610-010",,,
4038-0,Quarta Feira,Tradicional,Rua,Maria Carlota,S/N,Penha,Loc Av Amador Bueno da Veiga,03647-000,Penha,"Rua Maria Carlota, Penha","Rua Maria Carlota, Penha, São Paulo - SP, 03647-000",,,
4039-8,Quarta Feira,Tradicional,Rua,Durvalina,2,Vila Matilde,Praca Dom Duarte Leopoldo,03511-050,Penha,"Rua Durvalina, 2, Vila Matilde","Rua Durvalina, 2, Vila Matilde, São Paulo - SP, 03511-050",,,
4040-1,Quarta Feira,Tradicional,Rua,São Valentim,81,Vila Carrao,Proximo Largo de Vila Carrao,03445-000,Aricanduva/Formosa/Carrão,"Rua São Valentim, 81, Vila Carrao","Rua São Valentim, 81, Vila Carrao, São Paulo - SP, 03445-000",,,
4041-0,Quarta Feira,Tradicional,Rua,Maragojipe,S/N,Vila Formosa,Tv Rua Pretoria,03412-050,Aricanduva/Formosa/Carrão,"Rua Maragojipe, Vila Formosa","Rua Maragojipe, Vila Formosa, São Paulo - SP, 03412-050",,,
4042-8,Quarta Feira,Tradicional,Rua,Boaventura R da Silva,440,Ponte Raza,Cartorio Ermelino Matarazzo,03801-120,Ermelino Matarazzo,"Rua Boaventura R da Silva, 440, Ponte Raza","Rua Boaventura R da Silva, 440, Ponte Raza, São Paulo - SP, 03801-120",,,
4043-6,Quarta Feira,Tradicional,Rua,Tsutomu Henni,717,Vila Jacui,Ernesto B Lopes e Tarapitinga,08060-350,São Miguel,"Rua Tsutomu Henni, 717, Vila Jacui","Rua Tsutomu Henni, 717, Vila Jacui, São Paulo - SP, 08060-350",,,
4044-4,Quarta Feira,Tradicional,Praça,Andes,S/N,Guaianazes,Tristao Gago Prox Est Guaian,08440-180,Guaianases,"Praça Andes, Guaianazes","Praça Andes, Guaianazes, São Paulo - SP, 08440-180",,,
4045-2,Quarta Feira,Tradicional,Rua,Pedro de Godoi,909,Vila Zelina,Rua Oliveira Gouveia,03138-010,Vila Prudente,"Rua Pedro de Godoi, 909, Vila Zelina","Rua Pedro de Godoi, 909, Vila Zelina, São Paulo - SP, 03138-010",,,
4046-0,Quarta Feira,Tradicional,Alameda,Agostinho Rodrigues Filho,363,V L Mariana,Rua Leandro Duque e Tetsual,04026-040,Vila Mariana,"Alameda Agostinho Rodrigues Filho, 363, V L Mariana","Alameda Agostinho Rodrigues Filho, 363, V L Mariana, São Paulo - SP, 04026-040",,,
4047-9,Quarta Feira,Tradicional,Rua,Pitinga,396,Vila Bela,Tv Rua Giestas,03146-030,Vila Prudente,"Rua Pitinga, 396, Vila Bela","Rua Pitinga, 396, Vila Bela, São Paulo - SP, 03146-030",,,
4048-7,Quarta Feira,Tradicional,Rua,Lauro Muller,12,Vila Hamburguesa,Centro Esportivo Pelezao,05302-060,Lapa,"Rua Lauro Muller, 12, Vila Hamburguesa","Rua Lauro Muller, 12, Vila Hamburguesa, São Paulo - SP, 05302-060",,,
4049-5,Quarta Feira,Tradicional,Rua,Doutor Carlos Bastos Aranha,420,Vila Nilo,S/infor,02276-000,Jaçanã/Tremembé,"Rua Doutor Carlos Bastos Aranha, 420, Vila Nilo","Rua Doutor Carlos Bastos Aranha, 420, Vila Nilo, São Paulo - SP, 02276-000",,,
4050-9,Quarta Feira,Tradicional,Rua,Barao de Jaceguai,1768,Santo Amaro,Demostenes e Otavio Tarquino,04606-004,Santo Amaro,"Rua Barao de Jaceguai, 1768, Santo Amaro","Rua Barao de Jaceguai, 1768, Santo Amaro, São Paulo - SP, 04606-004",,,
4051-7,Quarta Feira,Tradicional,Rua,Paulino Vital de Moraes,S/N,Capao Redondo,Et Av Elias Maase R C Orsolini,05855-000,Campo Limpo,"Rua Paulino Vital de Moraes, Capao Redondo","Rua Paulino Vital de Moraes, Capao Redondo, São Paulo - SP, 05855-000",,,
4052-5,Quarta Feira,Tradicional,Rua,Alexandre Dumas,1316,Chac Santo Antonio,Av Santo Amaro ALT.5000,04717-002,Santo Amaro,"Rua Alexandre Dumas, 1316, Chac Santo Antonio","Rua Alexandre Dumas, 1316, Chac Santo Antonio, São Paulo - SP, 04717-002",,,
4053-3,Quarta Feira,Tradicional,Rua,Coronel Fawcett com Evolucao,833,Vila Moraes,Igreja Santa Angela,04167-030,Ipiranga,"Rua Coronel Fawcett com Evolucao, 833, Vila Moraes","Rua Coronel Fawcett, 833, Vila Moraes, São Paulo - SP, 04167-030",,,
4054-1,Quarta Feira,Tradicional,Rua,Cinco de Julho,7,Vila Nair,Fim da Av.nazare,04281-000,Ipiranga,"Rua Cinco de Julho, 7, Vila Nair","Rua Cinco de Julho, 7, Vila Nair, São Paulo - SP, 04281-000",,,
4055-0,Quarta Feira,Tradicional,Avenida,Coronel Jose Pires de Andrade,466,Vila Vera,Rua VERGUEIRO-9000,04295-001,Ipiranga,"Avenida Coronel Jose Pires de Andrade, 466, Vila Vera","Avenida Coronel Jose Pires de Andrade, 466, Vila Vera, São Paulo - SP, 04295-001",,,
4056-8,Quarta Feira,Tradicional,Rua,Jaguarurama,129,Nossa Senhora do o,Tv Es Rio Verde,02964-010,Freguesia/Brasilândia,"Rua Jaguarurama, 129, Nossa Senhora do o","Rua Jaguarurama, 129, Nossa Senhora do o, São Paulo - SP, 02964-010",,,
4057-6,Quarta Feira,Tradicional,Rua,Diamante Preto,35,Aricanduva,Viaduto Vila Carrao,03317-040,Aricanduva/Formosa/Carrão,"Rua Diamante Preto, 35, Aricanduva","Rua Diamante Preto, 35, Aricanduva, São Paulo - SP, 03317-040",,,
4058-4,Quarta Feira,Tradicional,Rua,Coronel Esdras de Oliveira,S/N,Jardim Tremembe,Perto do Cemiterio,02351-030,Jaçanã/Tremembé,"Rua Coronel Esdras de Oliveira, Jardim Tremembe","Rua Coronel Esdras de Oliveira, Jardim Tremembe, São Paulo - SP, 02351-030",,,
4059-2,Quarta Feira,Tradicional,Rua,Petrobras,S/N,Vila Antonieta,Tv Av Inconfidencia Mineira,03474-060,Aricanduva/Formosa/Carrão,"Rua Petrobras, Vila Antonieta","Rua Petrobras, Vila Antonieta, São Paulo - SP, 03474-060",,,
4060-6,Quarta Feira,Tradicional,Rua,Pascoal Ranieri Mazili,650,Vila Ana Clara,Tv Rua Ana Clara,03257-180,Vila Prudente,"Rua Pascoal Ranieri Mazili, 650, Vila Ana Clara","Rua Pascoal Ranieri Mazili, 650, Vila Ana Clara, São Paulo - SP, 03257-180",,,
4061-4,Quarta Feira,Tradicional,Rua,Spencer Vampre,454,Vila Rica,Tv da Estrada da Parada,02860-030,Freguesia/Brasilândia,"Rua Spencer Vampre, 454, Vila Rica","Rua Spencer Vampre, 454, Vila Rica, São Paulo - SP, 02860-030",,,
4062-2,Quarta Feira,Tradicional,Rua,Ana de Barros,S/N,Santa Ines,Tv Av Santa Ines,02423-020,Santana/Tucuruvi,"Rua Ana de Barros, Santa Ines","Rua Ana de Barros, Santa Ines, São Paulo - SP, 02423-020",,,
4063-0,Quarta Feira,Tradicional,Rua,Engenheiro Trindade,5,Penha,Est.rede Ferroviaria Federal,03703-130,Penha,"Rua Engenheiro Trindade, 5, Penha","Rua Engenheiro Trindade, 5, Penha, São Paulo - SP, 03703-130",,,
4064-9,Quarta Feira,Tradicional,Rua,Pde Pedro Magnoni,511,Vila Ema,Ponto Final Onibus Vila Ema,03286-070,Vila Prudente,"Rua Pde Pedro Magnoni, 511, Vila Ema","Rua Pde Pedro Magnoni, 511, Vila Ema, São Paulo - SP, 03286-070",,,
4065-7,Quarta Feira,Tradicional,Rua,Benedito Leal,334,Artur Alvim,Estacao R.f.f.artur Alvim,03567-060,Penha,"Rua Benedito Leal, 334, Artur Alvim","Rua Benedito Leal, 334, Artur Alvim, São Paulo - SP, 03567-060",,,
4066-5,Quarta Feira,Tradicional,Rua,Pedro Marigliani,23,Chac Inglesa,Tv Doutor Joao Batista B de Lima,05141-010,Pirituba/Jaraguá,"Rua Pedro Marigliani, 23, Chac Inglesa","Rua Pedro Marigliani, 23, Chac Inglesa, São Paulo - SP, 05141-010",,,
4067-3,Quarta Feira,Tradicional,Rua,Antenor Navarro,414,Jardim Brasil,Tv Av Japao,02224-100,Vila Maria/Vila Guilherme,"Rua Antenor Navarro, 414, Jardim Brasil","Rua Antenor Navarro, 414, Jardim Brasil, São Paulo - SP, 02224-100",,,
4068-1,Quarta Feira,Tradicional,Rua,Santa Rosa de Lima,301,Pq Paulistano,Av V Artur da Nova Alt N 1842,08080-000,São Miguel,"Rua Santa Rosa de Lima, 301, Pq Paulistano","Rua Santa Rosa de Lima, 301, Pq Paulistano, São Paulo - SP, 08080-000",,,
4069-0,Quarta Feira,Tradicional,Rua,Luminarias,S/N,Jardim das Bandeiras,Av Heitor Penteado,05439-000,Pinheiros,"Rua Luminarias, Jardim das Bandeiras","Rua Luminarias, Jardim das Bandeiras, São Paulo - SP, 05439-000",,,
4070-3,Quarta Feira,Tradicional,Rua,Ivan Maia Vasconcelos,183,Jardim Triana,Praca Solano Cunha,03552-130,Penha,"Rua Ivan Maia Vasconcelos, 183, Jardim Triana","Rua Ivan Maia Vasconcelos, 183, Jardim Triana, São Paulo - SP, 03552-130",,,
4071-1,Quarta Feira,Tradicional,Rua,Domiziano Rossi,587,São Mateus,Maria Cursi C Aureliano Arruda,03966-030,São Mateus,"Rua Domiziano Rossi, 587, São Mateus","Rua Domiziano Rossi, 587, São Mateus, São Paulo - SP, 03966-030",,,
4072-0,Quarta Feira,Tradicional,Avenida,Mons Agnelo,305,Vila Progresso,P Final On Vila Progresso,08240-670,São Miguel,"Avenida Mons Agnelo, 305, Vila Progresso","Avenida Mons Agnelo, 305, Vila Progresso, São Paulo - SP, 08240-670",,,
4074-6,Quarta Feira,Tradicional,Rua,Pde Artur Somensi,48,Vila Beatriz,Rua Lira,05443-030,Pinheiros,"Rua Pde Artur Somensi, 48, Vila Beatriz","Rua Pde Artur Somensi, 48, Vila Beatriz, São Paulo - SP, 05443-030",,,
4075-4,Quarta Feira,Tradicional,Rua,Montreal,S/N,Pq São Luis,,02832-050,Freguesia/Brasilândia,"Rua Montreal, Pq São Luis","Rua Montreal, Pq São Luis, São Paulo - SP, 02832-050",,,
4076-2,Quarta Feira,Tradicional,Avenida,Batista Maciel,313,Jardim Ubirajara,Ruas Zike Tuma e Antonio Campo,04459-110,Cidade Ademar,"Avenida Batista Maciel, 313, Jardim Ubirajara","Avenida Batista Maciel, 313, Jardim Ubirajara, São Paulo - SP, 04459-110",,,
4077-0,Quarta Feira,Tradicional,Rua,Jose Bonifacio Filho,S/N,Cidade Dutra,Av Frutuoso,04813-060,Capela do Socorro,"Rua Jose Bonifacio Filho, Cidade Dutra","Rua Jose Bonifacio Filho, Cidade Dutra, São Paulo - SP, 04813-060",,,
4078-9,Quarta Feira,Tradicional,Rua,Visconde de Santa Isabel,S/N,Cidade Ademar,Margens da Av Cupece,04385-090,Cidade Ademar,"Rua Visconde de Santa Isabel, Cidade Ademar","Rua Visconde de Santa Isabel, Cidade Ademar, São Paulo - SP, 04385-090",,,
4079-7,Quarta Feira,Tradicional,Rua,Pensylvania,S/N,Cidade Moncoes,R California e Florida,04564-002,Pinheiros,"Rua Pensylvania, Cidade Moncoes","Rua Pensylvania, Cidade Moncoes, São Paulo - SP, 04564-002",,,
4080-0,Quarta Feira,Tradicional,Rua,Bras de Abreu,S/N,Jardim Miriam,Tv Av Pedro de Avos,04419-090,Cidade Ademar,"Rua Bras de Abreu, Jardim Miriam","Rua Bras de Abreu, Jardim Miriam, São Paulo - SP, 04419-090",,,
4081-9,Quarta Feira,Tradicional,Rua,Arraial dos Couros,S/N,Jardim São Luiz,Ponto Final do Onibus J S Luis,05843-200,M'Boi Mirim,"Rua Arraial dos Couros, Jardim São Luiz","Rua Arraial dos Couros, Jardim São Luiz, São Paulo - SP, 05843-200",,,
4083-5,Quarta Feira,Tradicional,Rua,Cristovao Pereira,1223,Campo Belo,Atraz do Jumbo,04620-012,Santo Amaro,"Rua Cristovao Pereira, 1223, Campo Belo","Rua Cristovao Pereira, 1223, Campo Belo, São Paulo - SP, 04620-012",,,
4084-3,Quarta Feira,Tradicional,Rua,Hileia Amazonica,420,Jardim Guairaca,Tv Es Oratorio,03245-000,Vila Prudente,"Rua Hileia Amazonica, 420, Jardim Guairaca","Rua Hileia Amazonica, 420, Jardim Guairaca, São Paulo - SP, 03245-000",,,
4085-1,Quarta Feira,Tradicional,Rua,Amoipira,S/N,Vila Isa,Tv Av Nossa Senhora do Sabara,04689-070,Santo Amaro,"Rua Amoipira, Vila Isa","Rua Amoipira, Vila Isa, São Paulo - SP, 04689-070",,,
4086-0,Quarta Feira,Tradicional,Rua,Thereza Maia Pinto,S/N,Vila Prell,Tv Es de Itapecerica,05780-390,Campo Limpo,"Rua Thereza Maia Pinto, Vila Prell","Rua Thereza Maia Pinto, Vila Prell, São Paulo - SP, 05780-390",,,
4087-8,Quarta Feira,Tradicional,Rua,Pde Marcigaglia,19,Jardim Regina,Av Agenor Couto de Magalhaes,05174-100,Pirituba/Jaraguá,"Rua Pde Marcigaglia, 19, Jardim Regina","Rua Pde Marcigaglia, 19, Jardim Regina, São Paulo - SP, 05174-100",,,
4089-4,Quarta Feira,Tradicional,Rua,Jorge Word,49,Vila Dalva,Av Ribeirao Jaguare,05386-160,Butantã,"Rua Jorge Word, 49, Vila Dalva","Rua Jorge Word, 49, Vila Dalva, São Paulo - SP, 05386-160",,,
4090-8,Quarta Feira,Tradicional,Praça,Jose Schunch,325,Vila São Jose,Paraventi e Rosalina Aristides,04835-080,Capela do Socorro,"Praça Jose Schunch, 325, Vila São Jose","Praça Jose Schunch, 325, Vila São Jose, São Paulo - SP, 04835-080",,,
4092-4,Quarta Feira,Tradicional,Rua,Jose Antonio Valadares,13,Jardim Lear,Antiga Av.sao Paulo,04185-020,Ipiranga,"Rua Jose Antonio Valadares, 13, Jardim Lear","Rua Jose Antonio Valadares, 13, Jardim Lear, São Paulo - SP, 04185-020",,,
4093-2,Quarta Feira,Tradicional,Rua,Pires Caleiro,205,Jardim Vera Cruz,Tv Sargento Iracitam Coimbra,08330-050,São Mateus,"Rua Pires Caleiro, 205, Jardim Vera Cruz","Rua Pires Caleiro, 205, Jardim Vera Cruz, São Paulo - SP, 08330-050",,,
4094-0,Quarta Feira,Tradicional,Rua,Antonio Sebastiao Sobrinho,480,Pq Pan Americano,Altura do 480 da R J Pereira,02992-110,Pirituba/Jaraguá,"Rua Antonio Sebastiao Sobrinho, 480, Pq Pan Americano","Rua Antonio Sebastiao Sobrinho, 480, Pq Pan Americano, São Paulo - SP, 02992-110",,,
4095-9,Quarta Feira,Tradicional,Avenida,Danton Jobim,131,Vila Friburgo,Autodromo de Interlagos,04782-001,Capela do Socorro,"Avenida Danton Jobim, 131, Vila Friburgo","Avenida Danton Jobim, 131, Vila Friburgo, São Paulo - SP, 04782-001",,,
4096-7,Quarta Feira,Tradicional,Rua,Edward Carmillo,S/N,Jardim Celeste,Clube Solar dos Amigos,05528-001,Butantã,"Rua Edward Carmillo, Jardim Celeste","Rua Edward Carmillo, Jardim Celeste, São Paulo - SP, 05528-001",,,
4097-5,Quarta Feira,Tradicional,Rua,Salomao Waimberg,145,Jardim Bonfiglioli,Rua Doutor Silvio Dante Bertachi,05628-030,Butantã,"Rua Salomao Waimberg, 145, Jardim Bonfiglioli","Rua Salomao Waimberg, 145, Jardim Bonfiglioli, São Paulo - SP, 05628-030",,,
4098-3,Quarta Feira,Tradicional,Rua,Bento do Amaral da Silva,14,Pq São Rafael,Tv Av Baroneza de Muritiba,08320-210,São Mateus,"Rua Bento do Amaral da Silva, 14, Pq São Rafael","Rua Bento do Amaral da Silva, 14, Pq São Rafael, São Paulo - SP, 08320-210",,,
4100-9,Quarta Feira,Tradicional,Rua,Major Freire,565,Jabaquara,Proximo Av Jabaquara,04304-110,Vila Mariana,"Rua Major Freire, 565, Jabaquara","Rua Major Freire, 565, Jabaquara, São Paulo - SP, 04304-110",,,
4101-7,Quarta Feira,Tradicional,Rua,Maria do Carmo Sene,S/N,Vila Pauliceia,Tv Av Pauliceia,02301-110,Santana/Tucuruvi,"Rua Maria do Carmo Sene, Vila Pauliceia","Rua Maria do Carmo Sene, Vila Pauliceia, São Paulo - SP, 02301-110",,,
4103-3,Quarta Feira,Tradicional,Rua,Agostinho Paiva,S/N,Jardim Macedonia,Joao Cruz e Luis de Boulogne,05894-230,Campo Limpo,"Rua Agostinho Paiva, Jardim Macedonia","Rua Agostinho Paiva, Jardim Macedonia, São Paulo - SP, 05894-230",,,
4105-0,Quarta Feira,Tradicional,Rua,Flor de Santa Cruz,55,Vila Verde,Fabrica de Tintas Pilot,08230-450,Itaquera,"Rua Flor de Santa Cruz, 55, Vila Verde","Rua Flor de Santa Cruz, 55, Vila Verde, São Paulo - SP, 08230-450",,,
4106-8,Quarta Feira,Tradicional,Rua,Diogo Goncalves Laco,41,Jardim Romano,S/ref.,08191-000,São Miguel,"Rua Diogo Goncalves Laco, 41, Jardim Romano","Rua Diogo Goncalves Laco, 41, Jardim Romano, São Paulo - SP, 08191-000",,,
4107-6,Quarta Feira,Tradicional,Avenida,Jose Borges do Canto,8,Jardim Camargo Velho,Final On.itaim Paulista,08142-010,Itaim Paulista,"Avenida Jose Borges do Canto, 8, Jardim Camargo Velho","Avenida Jose Borges do Canto, 8, Jardim Camargo Velho, São Paulo - SP, 08142-010",,,
4109-2,Quarta Feira,Tradicional,Avenida,Dos Pequis,20,Jardim Vila Formosa,Tv Rua Mons Antonio de Castro,03470-050,Aricanduva/Formosa/Carrão,"Avenida Dos Pequis, 20, Jardim Vila Formosa","Avenida Dos Pequis, 20, Jardim Vila Formosa, São Paulo - SP, 03470-050",,,
4110-6,Quarta Feira,Tradicional,Rua,Ernesto Giuliano,23,Vila São Carlos,Vila São Carlo Vila Prudente,03159-090,Mooca,"Rua Ernesto Giuliano, 23, Vila São Carlos","Rua Ernesto Giuliano, 23, Vila São Carlos, São Paulo - SP, 03159-090",,,
4111-4,Quarta Feira,Tradicional,Rua,São Jose do Rio Preto,495,Grajau,Conjunto Residencial Faria Lima,04840-460,Capela do Socorro,"Rua São Jose do Rio Preto, 495, Grajau","Rua São Jose do Rio Preto, 495, Grajau, São Paulo - SP, 04840-460",,,
4113-0,Quarta Feira,Tradicional,Rua,Madre Luisa dos Anjos,25,Vila Nhocune,Ponto Final Onibus V.nhocune,03560-010,Penha,"Rua Madre Luisa dos Anjos, 25, Vila Nhocune","Rua Madre Luisa dos Anjos, 25, Vila Nhocune, São Paulo - SP, 03560-010",,,
4117-3,Quarta Feira,Tradicional,Rua,Uacuma,58,Jardim Arizi,Jardim Santa Maria,03575-000,Itaquera,"Rua Uacuma, 58, Jardim Arizi","Rua Uacuma, 58, Jardim Arizi, São Paulo - SP, 03575-000",,,
4119-0,Quarta Feira,Tradicional,Rua,Ernesto dos Santos,S/N,Jardim Independencia,Jardim Independencia Vila Prudent,03225-000,Vila Prudente,"Rua Ernesto dos Santos, Jardim Independencia","Rua Ernesto dos Santos, Jardim Independencia, São Paulo - SP, 03225-000",,,
4120-3,Quarta Feira,Tradicional,Rua,Virginia Ferni,S/N,Cohab II,Es Itaquera Guaianazes,08253-000,Itaquera,"Rua Virginia Ferni, Cohab II","Rua Virginia Ferni, Cohab II, São Paulo - SP, 08253-000",,,
4122-0,Quarta Feira,Tradicional,Avenida,Engenho Novo,S/N,Jardim Tiete,Ruas Lanhoso e Jaci,03943-020,São Mateus,"Avenida Engenho Novo, Jardim Tiete","Avenida Engenho Novo, Jardim Tiete, São Paulo - SP, 03943-020",,,
4123-8,Quarta Feira,Tradicional,Rua,Walter Rummel,S/N,Sapopemba,Conjunto Habi de Sapopemba,03928-110,Sapopemba,"Rua Walter Rummel, Sapopemba","Rua Walter Rummel, Sapopemba, São Paulo - SP, 03928-110",,,
4124-6,Quarta Feira,Tradicional,Rua,Vasco Balboa,S/N,Jardim Ipanema,Tv Rua Mauro de Araujo Ribeiro,05187-000,Pirituba/Jaraguá,"Rua Vasco Balboa, Jardim Ipanema","Rua Vasco Balboa, Jardim Ipanema, São Paulo - SP, 05187-000",,,
4125-4,Quarta Feira,Tradicional,Rua,Ribeirao do Salto,S/N,Lausane Paulista,Sem Informacao,02473-020,Santana/Tucuruvi,"Rua Ribeirao do Salto, Lausane Paulista","Rua Ribeirao do Salto, Lausane Paulista, São Paulo - SP, 02473-020",,,
4128-9,Quarta Feira,Tradicional,Rua,Goncalves de Barros,S/N,Jardim Pirituba,,02943-000,Pirituba/Jaraguá,"Rua Goncalves de Barros, Jardim Pirituba","Rua Goncalves de Barros, Jardim Pirituba, São Paulo - SP, 02943-000",,,
4132-7,Quarta Feira,Tradicional,Avenida,Luis Jose Costa (leandro),S/N,Cidade Tiradentes Cohab,,08471-200,Cidade Tiradentes,"Avenida Luis Jose Costa (leandro), Cidade Tiradentes Cohab","Avenida Luis Jose Costa (leandro), Cidade Tiradentes Cohab, São Paulo - SP, 08471-200",,,
4133-5,Quarta Feira,Tradicional,Praça,Antonio Jose de Araujo,S/N,Palmas do Tremembe,,02344-090,Santana/Tucuruvi,"Praça Antonio Jose de Araujo, Palmas do Tremembe","Praça Antonio Jose de Araujo, Palmas do Tremembe, São Paulo - SP, 02344-090",,,
4134-3,Quarta Feira,Tradicional,Rua,Henry Lacordaire,S/N,Jardim Santa Francisca,,04844-660,Capela do Socorro,"Rua Henry Lacordaire, Jardim Santa Francisca","Rua Henry Lacordaire, Jardim Santa Francisca, São Paulo - SP, 04844-660",,,
4135-1,Quarta Feira,Tradicional,Rua,Pandia Calogeras,S/N,Liberdade,R Conselheiro Furtado e Rocha Pombo,01525-020,Sé,"Rua Pandia Calogeras, Liberdade","Rua Pandia Calogeras, Liberdade, São Paulo - SP, 01525-020",,,
4136-0,Quarta Feira,Tradicional,Rua,Jose Greef Borba,S/N,Jardim Nazare,Frei Fabiano Cristo e S Zacaro,08150-130,Itaim Paulista,"Rua Jose Greef Borba, Jardim Nazare","Rua Jose Greef Borba, Jardim Nazare, São Paulo - SP, 08150-130",,,
4138-6,Quarta Feira,Tradicional,Rua,Rubens de Oliveira,S/N,Cocaia,,04849-210,Capela do Socorro,"Rua Rubens de Oliveira, Cocaia","Rua Rubens de Oliveira, Cocaia, São Paulo - SP, 04849-210",,,
4140-8,Quarta Feira,Tradicional,Rua,Alberto Borges Soveral,S/N,Pq Novo Santo Amaro,Port 06/94,05875-210,M'Boi Mirim,"Rua Alberto Borges Soveral, Pq Novo Santo Amaro","Rua Alberto Borges Soveral, Pq Novo Santo Amaro, São Paulo - SP, 05875-210",,,
4153-0,Quarta Feira,Tradicional,Praça,Dona Mariquinha Sciascia,S/N,Tremembe,,02372-050,Jaçanã/Tremembé,"Praça Dona Mariquinha Sciascia, Tremembe","Praça Dona Mariquinha Sciascia, Tremembe, São Paulo - SP, 02372-050",,,
4154-8,Quarta Feira,Tradicional,Rua,Caramuru,S/N,Bosque da Saude,Entre Av Bosque da Saude e Jua,04138-002,Vila Mariana,"Rua Caramuru, Bosque da Saude","Rua Caramuru, Bosque da Saude, São Paulo - SP, 04138-002",,,
4155-6,Quarta Feira,Tradicional,Avenida,Engenheiro Armando de Arruda Pereira,S/N,Jabaquara,Calcadao da Av Engenheiro Armando,04325-000,Jabaquara,"Avenida Engenheiro Armando de Arruda Pereira, Jabaquara","Avenida Engenheiro Armando de Arruda Pereira, Jabaquara, São Paulo - SP, 04325-000",,,
4156-4,Quarta Feira,Tradicional,Rua,Fernao Cardim,S/N,Cerqueira Cesar,Al Joaquim e de Lima,01403-020,Pinheiros,"Rua Fernao Cardim, Cerqueira Cesar","Rua Fernao Cardim, Cerqueira Cesar, São Paulo - SP, 01403-020",,,
4158-0,Quarta Feira,Tradicional,Avenida,Utaro Kanai com Festa Chinesa,S/N,Jardim São Paulo,Patio do Estacionamento,08465-000,Guaianases,"Avenida Utaro Kanai com Festa Chinesa, Jardim São Paulo","Avenida Utaro Kanai, Jardim São Paulo, São Paulo - SP, 08465-000",,,
4160-2,Quarta Feira,Tradicional,Rua,Diogo Jose Machado,S/N,Jardim Itapemirim,Av Campanela e Rua Cunha Pora,08220-690,Itaquera,"Rua Diogo Jose Machado, Jardim Itapemirim","Rua Diogo Jose Machado, Jardim Itapemirim, São Paulo - SP, 08220-690",,,
4161-0,Quarta Feira,Tradicional,Rua,Candido de Godoi,S/N,Vila Brasil,R Damasio Pinto,08210-770,Itaquera,"Rua Candido de Godoi, Vila Brasil","Rua Candido de Godoi, Vila Brasil, São Paulo - SP, 08210-770",,,
4162-9,Quarta Feira,Tradicional,Rua,Phobus,S/N,Jardim Santa Barbara,S/infor.,08340-130,São Mateus,"Rua Phobus, Jardim Santa Barbara","Rua Phobus, Jardim Santa Barbara, São Paulo - SP, 08340-130",,,
4163-7,Quarta Feira,Tradicional,Rua,Moises de Corena,S/N,Cidade Tiradentes,,08475-170,Cidade Tiradentes,"Rua Moises de Corena, Cidade Tiradentes","Rua Moises de Corena, Cidade Tiradentes, São Paulo - SP, 08475-170",,,
4165-3,Quarta Feira,Tradicional,Avenida,Itaim,S/N,Vila Itaim,,08110-840,Itaim Paulista,"Avenida Itaim, Vila Itaim","Avenida Itaim, Vila Itaim, São Paulo - SP, 08110-840",,,
4166-1,Quarta Feira,Tradicional,Rua,Jeronimo de Barros,S/N,Cidade Lider,Av.maria Luisa Americano,08280-180,Itaquera,"Rua Jeronimo de Barros, Cidade Lider","Rua Jeronimo de Barros, Cidade Lider, São Paulo - SP, 08280-180",,,
4168-8,Quarta Feira,Tradicional,Rua,Guabiroba de Minas,S/N,Jardim Gianetti,,08032-560,Itaim Paulista,"Rua Guabiroba de Minas, Jardim Gianetti","Rua Guabiroba de Minas, Jardim Gianetti, São Paulo - SP, 08032-560",,,
4172-6,Quarta Feira,Noturna,Rua,São Goncalo do Rio das Pedras,S/N,Vila Mara,Abast,08081-000,São Miguel,"Rua São Goncalo do Rio das Pedras, Vila Mara","Rua São Goncalo do Rio das Pedras, Vila Mara, São Paulo - SP, 08081-000",,,
4175-0,Quarta Feira,Orgânica,Avenida,Jose Maria Whitaker,1780,Planalto Paulista,Al Guatas Av Afonso M Fagundes,04057-000,Vila Mariana,"Avenida Jose Maria Whitaker, 1780, Planalto Paulista","Avenida Jose Maria Whitaker, 1780, Planalto Paulista, São Paulo - SP, 04057-000",,,
4176-9,Quarta Feira,Tradicional,Praça,Liberdade,S/N,Liberdade,,01502-001,Sé,"Praça Liberdade, Liberdade","Praça Liberdade, Liberdade, São Paulo - SP, 01502-001",,,
4181-5,Quarta Feira,Tradicional,Rua,Inacio Moreira,S/N,Jardim Soares,Rua Castelo de Leca,08460-300,Guaianases,"Rua Inacio Moreira, Jardim Soares","Rua Inacio Moreira, Jardim Soares, São Paulo - SP, 08460-300",,,
4184-0,Quarta Feira,Tradicional,Rua,Dos Guarinos,S/N,Vila Elisa,,02219-160,Vila Maria/Vila Guilherme,"Rua Dos Guarinos, Vila Elisa","Rua Dos Guarinos, Vila Elisa, São Paulo - SP, 02219-160",,,
4185-8,Quarta Feira,Tradicional,Rua,Filomena Matarazzo,S/N,Lapa,,01144-080,Lapa,"Rua Filomena Matarazzo, Lapa","Rua Filomena Matarazzo, Lapa, São Paulo - SP, 01144-080",,,
4186-6,Quarta Feira,Tradicional,Avenida,Elisio Cordeiro de Siqueira,S/N,Jaridm,Jardim Santo Elias,05136-000,Pirituba/Jaraguá,"Avenida Elisio Cordeiro de Siqueira, Jaridm","Avenida Elisio Cordeiro de Siqueira, Jaridm, São Paulo - SP, 05136-000",,,
4188-2,Quarta Feira,Tradicional,Rua,Maria da Costa Bezerra,S/N,Parelheiros,,04850-050,Parelheiros,"Rua Maria da Costa Bezerra, Parelheiros","Rua Maria da Costa Bezerra, Parelheiros, São Paulo - SP, 04850-050",,,
4189-0,Quarta Feira,Tradicional,Rua,Antonio Gandine,S/N,Itaquera,Rua Sabbado D Angelo,08215-290,Itaquera,"Rua Antonio Gandine, Itaquera","Rua Antonio Gandine, Itaquera, São Paulo - SP, 08215-290",,,
4194-7,Quarta Feira,Tradicional,Praça,Benito Nicoletti,S/N,Parque Souza Aranha,Rua Reims,02517-010,Casa Verde/Cachoeirinha,"Praça Benito Nicoletti, Parque Souza Aranha","Praça Benito Nicoletti, Parque Souza Aranha, São Paulo - SP, 02517-010",,,
4198-0,Quarta Feira,Tradicional,Rua,Benedito Galvao,S/N,Vila Carrao,Praca Albino Fco de Figueiredo,03433-030,Aricanduva/Formosa/Carrão,"Rua Benedito Galvao, Vila Carrao","Rua Benedito Galvao, Vila Carrao, São Paulo - SP, 03433-030",,,
4202-1,Quarta Feira,Tradicional,Rua,Ingai,S/N,Vila Prudente,,03132-080,Vila Prudente,"Rua Ingai, Vila Prudente","Rua Ingai, Vila Prudente, São Paulo - SP, 03132-080",,,
4219-6,Quarta Feira,Tradicional,Praça,Floriano Peixoto,S/N,Santo Amaro,Esquina com a Rua Tiago Luiz,04750-000,Santo Amaro,"Praça Floriano Peixoto, Santo Amaro","Praça Floriano Peixoto, Santo Amaro, São Paulo - SP, 04750-000",,,
4244-7,Quarta Feira,Tradicional,Rua,Daniel Bernardo,S/N,Vila Americana,,08010-100,São Miguel,"Rua Daniel Bernardo, Vila Americana","Rua Daniel Bernardo, Vila Americana, São Paulo - SP, 08010-100",,,
4264-1,Quarta Feira,Tradicional,Rua,Professor Abrahao Berezin,S/N,Barra Funda,,0,Lapa,"Rua Professor Abrahao Berezin, Barra Funda","Rua Professor Abrahao Berezin, Barra Funda, São Paulo - SP",,,
4306-0,Quarta Feira,Tradicional,Rua,Forte William,S/N,Vila Andrade,,05704-110,Campo Limpo,"Rua Forte William, Vila Andrade","Rua Forte William, Vila Andrade, São Paulo - SP, 05704-110",,,
4380-0,Quarta Feira,Noturna,Rua,Paulo Marques,S/N,Vila Vidal,Av Governador Carvalho Pinto,03616-210,Penha,"Rua Paulo Marques, Vila Vidal","Rua Paulo Marques, Vila Vidal, São Paulo - SP, 03616-210",,,
4386-9,Quarta Feira,Tradicional,Travessa,São Gabriel da Cachoeira,S/N,Jardim Iris,,05144-085,Pirituba/Jaraguá,"Travessa São Gabriel da Cachoeira, Jardim Iris","Travessa São Gabriel da Cachoeira, Jardim Iris, São Paulo - SP, 05144-085",,,
4390-7,Quarta Feira,Tradicional,Rua,Andrea Feliciani,S/N,Artur Alvim,Rua Cezar Dias,03591-020,Penha,"Rua Andrea Feliciani, Artur Alvim","Rua Andrea Feliciani, Artur Alvim, São Paulo - SP, 03591-020",,,
4400-8,Quarta Feira,Tradicional,Rua,Adutora do Rio Claro,S/N,Vila Regente Feijo,Adutora Rio Claro,03924-300,Sapopemba,"Rua Adutora do Rio Claro, Vila Regente Feijo","Rua Adutora do Rio Claro, Vila Regente Feijo, São Paulo - SP, 03924-300",,,
4401-6,Quarta Feira,Noturna,Rua,Augustin Luberti,S/N,Fazenda Juta,Abast,03977-409,Sapopemba,"Rua Augustin Luberti, Fazenda Juta","Rua Augustin Luberti, Fazenda Juta, São Paulo - SP, 03977-409",,,
4402-4,Quarta Feira,Tradicional,Rua,Quebedo e Vasconcelos,S/N,São Mateus,Abast,0,São Mateus,"Rua Quebedo e Vasconcelos, São Mateus","Rua Quebedo e Vasconcelos, São Mateus, São Paulo - SP",,,
4404-0,Quarta Feira,Orgânica,Rua,Doutor Manoel Carlos F de Almeida,S/N,Pinheiros,Mercado Munic de Pinheiros,05421-070,Pinheiros,"Rua Doutor Manoel Carlos F de Almeida, Pinheiros","Rua Doutor Manoel Carlos F de Almeida, Pinheiros, São Paulo - SP, 05421-070",,,
4415-6,Quarta Feira,Tradicional,Rua,Enxovia,S/N,Santo Amaro,,04711-030,Santo Amaro,"Rua Enxovia, Santo Amaro","Rua Enxovia, Santo Amaro, São Paulo - SP, 04711-030",,,
4421-0,Quarta Feira,Noturna,Avenida,Engenheiro Caetano Alvares,6550,Imirim,,02413-200,Santana/Tucuruvi,"Avenida Engenheiro Caetano Alvares, 6550, Imirim","Avenida Engenheiro Caetano Alvares, 6550, Imirim, São Paulo - SP, 02413-200",,,
4438-5,Quarta Feira,Noturna,Praça,Aleixo Monteiro Mafra,S/N,Sþo Miguel,,08011-010,São Miguel,"Praça Aleixo Monteiro Mafra, Sþo Miguel","Praça Aleixo Monteiro Mafra, Sþo Miguel, São Paulo - SP, 08011-010",,,
4494-6,Quarta Feira,Tradicional,Rua,Preta,S/N,Jardim Iris,,05092-040,Pirituba/Jaraguá,"Rua Preta, Jardim Iris","Rua Preta, Jardim Iris, São Paulo - SP, 05092-040",,,
4499-7,Quarta Feira,Tradicional,Rua,Napoleao Michel,66,Itaim Bibi,,04533-060,Pinheiros,"Rua Napoleao Michel, 66, Itaim Bibi","Rua Napoleao Michel, 66, Itaim Bibi, São Paulo - SP, 04533-060",,,
4760-0,Quarta Feira,Tradicional,Rua,Desembargador Fausto Whitaker M Alvim,S/N,Itaim Paulista,,08130-350,Itaim Paulista,"Rua Desembargador Fausto Whitaker M Alvim, Itaim Paulista","Rua Desembargador Fausto Whitaker M Alvim, Itaim Paulista, São Paulo - SP, 08130-350",,,
4851-8,Quarta Feira,Tradicional,Praça,Gal Gentil Falcao,S/N,Cidade Monções,,04571-150,Pinheiros,"Praça Gal Gentil Falcao, Cidade Monções","Praça Gal Gentil Falcao, Cidade Monções, São Paulo - SP, 04571-150",,,
5000-8,Quinta Feira,Noturna,Rua,Francisco Lema,352,Jardim Apura,,04257-000,Ipiranga,"Rua Francisco Lema, 352, Jardim Apura","Rua Francisco Lema, 352, Jardim Apura, São Paulo - SP, 04257-000",,,
5001-6,Quinta Feira,Tradicional,Rua,Itarare,S/N,Bela Vista,Com Rua São Miguel,01308-030,Sé,"Rua Itarare, Bela Vista","Rua Itarare, Bela Vista, São Paulo - SP, 01308-030",,,
5002-4,Quinta Feira,Tradicional,Rua,Tapes,683,Jardim Aeroporto,Esq R Carlos Pinto Alves,04631-011,Santo Amaro,"Rua Tapes, 683, Jardim Aeroporto","Rua Tapes, 683, Jardim Aeroporto, São Paulo - SP, 04631-011",,,
5003-2,Quinta Feira,Tradicional,Rua,Antonio Coruja,67,Bom Retiro,Tv da Rua Guarani,01126-030,Sé,"Rua Antonio Coruja, 67, Bom Retiro","Rua Antonio Coruja, 67, Bom Retiro, São Paulo - SP, 01126-030",,,
5004-0,Quinta Feira,Tradicional,Rua,Teodoreto Souto,957,Cambuci,Tv Av Lins de Vasconcelos,01539-000,Sé,"Rua Teodoreto Souto, 957, Cambuci","Rua Teodoreto Souto, 957, Cambuci, São Paulo - SP, 01539-000",,,
5005-9,Quinta Feira,Tradicional,Rua,Barao de Capanema,S/N,Jardim America,Alameda Casa Branca,01411-010,Pinheiros,"Rua Barao de Capanema, Jardim America","Rua Barao de Capanema, Jardim America, São Paulo - SP, 01411-010",,,
5006-7,Quinta Feira,Tradicional,Rua,Silva Teles,1528,Belenzinho,Tv da Rua Santa Rita,03026-000,Mooca,"Rua Silva Teles, 1528, Belenzinho","Rua Silva Teles, 1528, Belenzinho, São Paulo - SP, 03026-000",,,
5007-5,Quinta Feira,Tradicional,Rua,Irma Carolina,S/N,Belenzinho,Tv Av Alvaro Ramos,03058-040,Mooca,"Rua Irma Carolina, Belenzinho","Rua Irma Carolina, Belenzinho, São Paulo - SP, 03058-040",,,
5008-3,Quinta Feira,Tradicional,Rua,Professor Machado Tolosa,S/N,Belenzinho,Entre Paraupava e Sapucaia,03171-030,Mooca,"Rua Professor Machado Tolosa, Belenzinho","Rua Professor Machado Tolosa, Belenzinho, São Paulo - SP, 03171-030",,,
5009-1,Quinta Feira,Tradicional,Praça,Charles Muller,S/N,Pacaembu,Estadio Mun.p.m.de Carvalho,01234-010,Sé,"Praça Charles Muller, Pacaembu","Praça Charles Muller, Pacaembu, São Paulo - SP, 01234-010",,,
5010-5,Quinta Feira,Tradicional,Rua,Aimbere C Caiubi,401,Perdizes,Rua Joao Ramalho,05018-010,Lapa,"Rua Aimbere C Caiubi, 401, Perdizes","Rua Aimbere C Caiubi, 401, Perdizes, São Paulo - SP, 05018-010",,,
5011-3,Quinta Feira,Tradicional,Rua,Doutor Mario Vicente,1715,Ipiranga,Tv Rua Salvador Simoes,04270-002,Ipiranga,"Rua Doutor Mario Vicente, 1715, Ipiranga","Rua Doutor Mario Vicente, 1715, Ipiranga, São Paulo - SP, 04270-002",,,
5012-1,Quinta Feira,Tradicional,Rua,Coronel Lisboa com Estado de Israel,S/N,Planalto Paulista,Rua Sena Madureira,04020-040,Vila Mariana,"Rua Coronel Lisboa com Estado de Israel, Planalto Paulista","Rua Coronel Lisboa, Planalto Paulista, São Paulo - SP, 04020-040",,,
5013-0,Quinta Feira,Tradicional,Rua,Lino Coutinho,1046,Sacoma,Tv Rua Lord Crockrane,04207-001,Ipiranga,"Rua Lino Coutinho, 1046, Sacoma","Rua Lino Coutinho, 1046, Sacoma, São Paulo - SP, 04207-001",,,
5014-8,Quinta Feira,Tradicional,Rua,Antonio Bicudo,50,Cerqueira Cezar,Tv da Rua Teodoro Sampaio,05418-010,Pinheiros,"Rua Antonio Bicudo, 50, Cerqueira Cezar","Rua Antonio Bicudo, 50, Cerqueira Cezar, São Paulo - SP, 05418-010",,,
5015-6,Quinta Feira,Tradicional,Rua,Florianopolis,S/N,Alto da Mooca,Tv Rua Campo Largo,03185-050,Mooca,"Rua Florianopolis, Alto da Mooca","Rua Florianopolis, Alto da Mooca, São Paulo - SP, 03185-050",,,
5016-4,Quinta Feira,Tradicional,Rua,Domingos da Fonseca,321,Vila Prudente,Paredao Juventus,03125-040,Mooca,"Rua Domingos da Fonseca, 321, Vila Prudente","Rua Domingos da Fonseca, 321, Vila Prudente, São Paulo - SP, 03125-040",,,
5017-2,Quinta Feira,Tradicional,Rua,Visconde de Itaboray,233,Tatuape,Viaduto Azevedo,03308-050,Mooca,"Rua Visconde de Itaboray, 233, Tatuape","Rua Visconde de Itaboray, 233, Tatuape, São Paulo - SP, 03308-050",,,
5018-0,Quinta Feira,Tradicional,Rua,Silva Coutinho,S/N,Vila Prudente,Tv Rua Santa Lina,03192-070,Mooca,"Rua Silva Coutinho, Vila Prudente","Rua Silva Coutinho, Vila Prudente, São Paulo - SP, 03192-070",,,
5020-2,Quinta Feira,Tradicional,Rua,Campante,81,Vila Carioca,Ruas Amadis,04224-010,Ipiranga,"Rua Campante, 81, Vila Carioca","Rua Campante, 81, Vila Carioca, São Paulo - SP, 04224-010",,,
5022-9,Quinta Feira,Tradicional,Praça,Bras Goncalves,308,Jardim da Saude,Final Bosque Saude,04148-040,Ipiranga,"Praça Bras Goncalves, 308, Jardim da Saude","Praça Bras Goncalves, 308, Jardim da Saude, São Paulo - SP, 04148-040",,,
5023-7,Quinta Feira,Tradicional,Rua,Guaracininga,193,Vila Guilherme,Tv Rua Jacuna,02069-020,Vila Maria/Vila Guilherme,"Rua Guaracininga, 193, Vila Guilherme","Rua Guaracininga, 193, Vila Guilherme, São Paulo - SP, 02069-020",,,
5024-5,Quinta Feira,Tradicional,Rua,Catapara,207,Vila Guilherme,Tv Es da Conceicao,02073-010,Vila Maria/Vila Guilherme,"Rua Catapara, 207, Vila Guilherme","Rua Catapara, 207, Vila Guilherme, São Paulo - SP, 02073-010",,,
5025-3,Quinta Feira,Tradicional,Rua,Silveira Rodrigues com Mario,38,Vila Romana,Vespasiano e Jesuino Bandeira,05048-070,Lapa,"Rua Silveira Rodrigues com Mario, 38, Vila Romana","Rua Silveira Rodrigues, 38, Vila Romana, São Paulo - SP, 05048-070",,,
5026-1,Quinta Feira,Tradicional,Rua,Antonio Pereira de Souza,S/N,Santana,Caixa D Agua de Santana,02404-060,Santana/Tucuruvi,"Rua Antonio Pereira de Souza, Santana","Rua Antonio Pereira de Souza, Santana, São Paulo - SP, 02404-060",,,
5027-0,Quinta Feira,Tradicional,Rua,Madalena Madureira,54,Casa Verde,Proximo Praca Canaa,02551-040,Casa Verde/Cachoeirinha,"Rua Madalena Madureira, 54, Casa Verde","Rua Madalena Madureira, 54, Casa Verde, São Paulo - SP, 02551-040",,,
5028-8,Quinta Feira,Tradicional,Rua,Agostinho Cantu com Romao Gomes,S/N,Butanta,Av Waldemar Ferreira,05501-010,Butantã,"Rua Agostinho Cantu com Romao Gomes, Butanta","Rua Agostinho Cantu, Butanta, São Paulo - SP, 05501-010",,,
5029-6,Quinta Feira,Tradicional,Rua,Platina,815,Tatuape,Port 033/94,03308-010,Mooca,"Rua Platina, 815, Tatuape","Rua Platina, 815, Tatuape, São Paulo - SP, 03308-010",,,
5030-0,Quinta Feira,Tradicional,Rua,Dom Joao V C Sacadura Cabral,85,Alto da Lapa,Rua Afonso Sardinha,05075-060,Lapa,"Rua Dom Joao V C Sacadura Cabral, 85, Alto da Lapa","Rua Dom Joao V C Sacadura Cabral, 85, Alto da Lapa, São Paulo - SP, 05075-060",,,
5031-8,Quinta Feira,Tradicional,Avenida,Ceci,S/N,Planalto Paulista,Proximo Av Jabaquara,04065-003,Vila Mariana,"Avenida Ceci, Planalto Paulista","Avenida Ceci, Planalto Paulista, São Paulo - SP, 04065-003",,,
5032-6,Quinta Feira,Tradicional,Rua,Alvaro Gomes,S/N,Santana,Tv Rua Dona Leonor,02421-010,Santana/Tucuruvi,"Rua Alvaro Gomes, Santana","Rua Alvaro Gomes, Santana, São Paulo - SP, 02421-010",,,
5033-4,Quinta Feira,Tradicional,Rua,Dentista Barreto,516,Vila Carrao,Av Conselheiro Carrao,03420-000,Aricanduva/Formosa/Carrão,"Rua Dentista Barreto, 516, Vila Carrao","Rua Dentista Barreto, 516, Vila Carrao, São Paulo - SP, 03420-000",,,
5034-2,Quinta Feira,Tradicional,Rua,Piramboia,463,Vila Santa Izabel,Tv Rua Xiririca,03425-030,Aricanduva/Formosa/Carrão,"Rua Piramboia, 463, Vila Santa Izabel","Rua Piramboia, 463, Vila Santa Izabel, São Paulo - SP, 03425-030",,,
5035-0,Quinta Feira,Tradicional,Rua,Doutor Jose Cassio Soares,521,Pq São Lucas,Pq São Lucas Vila Prudente,03240-020,Vila Prudente,"Rua Doutor Jose Cassio Soares, 521, Pq São Lucas","Rua Doutor Jose Cassio Soares, 521, Pq São Lucas, São Paulo - SP, 03240-020",,,
5036-9,Quinta Feira,Tradicional,Rua,Alianca Liberal,603,Vila Leopoldina,Rua Guaipa,05088-020,Lapa,"Rua Alianca Liberal, 603, Vila Leopoldina","Rua Alianca Liberal, 603, Vila Leopoldina, São Paulo - SP, 05088-020",,,
5037-7,Quinta Feira,Tradicional,Rua,Augusto Gil,207,Vila Nova Cachoeirinha,Pt Final Onibus V Dionizia,02670-070,Casa Verde/Cachoeirinha,"Rua Augusto Gil, 207, Vila Nova Cachoeirinha","Rua Augusto Gil, 207, Vila Nova Cachoeirinha, São Paulo - SP, 02670-070",,,
5038-5,Quinta Feira,Tradicional,Rua,Columbia,289,Vila Brasilandia,Tv da Rua Parapua Altura 1500,02844-040,Freguesia/Brasilândia,"Rua Columbia, 289, Vila Brasilandia","Rua Columbia, 289, Vila Brasilandia, São Paulo - SP, 02844-040",,,
5039-3,Quinta Feira,Tradicional,Avenida,Miguel de Castro,1023,Vila Zatt,,02950-000,Pirituba/Jaraguá,"Avenida Miguel de Castro, 1023, Vila Zatt","Avenida Miguel de Castro, 1023, Vila Zatt, São Paulo - SP, 02950-000",,,
5040-7,Quinta Feira,Tradicional,Rua,Liliental,317,Tucuruvi,Tv Av Edu Chaves,02231-000,Jaçanã/Tremembé,"Rua Liliental, 317, Tucuruvi","Rua Liliental, 317, Tucuruvi, São Paulo - SP, 02231-000",,,
5041-5,Quinta Feira,Tradicional,Rua,Doutor Augusto S Lopes,200,Engenheiro Goulart,Rua H Marques e M dos Santos,03725-080,Penha,"Rua Doutor Augusto S Lopes, 200, Engenheiro Goulart","Rua Doutor Augusto S Lopes, 200, Engenheiro Goulart, São Paulo - SP, 03725-080",,,
5042-3,Quinta Feira,Tradicional,Rua,Franklin Magalhaes,273,Santa Catarina,Tv Av Santa Catarina,04374-000,Jabaquara,"Rua Franklin Magalhaes, 273, Santa Catarina","Rua Franklin Magalhaes, 273, Santa Catarina, São Paulo - SP, 04374-000",,,
5043-1,Quinta Feira,Tradicional,Rua,Vitoria Simionato,580,Ermelino Matarazzo,Tv Avenida Paranagua,03808-170,Ermelino Matarazzo,"Rua Vitoria Simionato, 580, Ermelino Matarazzo","Rua Vitoria Simionato, 580, Ermelino Matarazzo, São Paulo - SP, 03808-170",,,
5044-0,Quinta Feira,Tradicional,Avenida,Maraial,323,Jardim Nordeste,Entre Pca Arama e Neropolis,03691-010,Penha,"Avenida Maraial, 323, Jardim Nordeste","Avenida Maraial, 323, Jardim Nordeste, São Paulo - SP, 03691-010",,,
5045-8,Quinta Feira,Tradicional,Rua,Bento Vieira Castro,344,Itaquera,Tv Av Pires do Rio,08240-150,Itaquera,"Rua Bento Vieira Castro, 344, Itaquera","Rua Bento Vieira Castro, 344, Itaquera, São Paulo - SP, 08240-150",,,
5046-6,Quinta Feira,Tradicional,Rua,Vereda do Paraiso,8,Itaim Paulista,Benedito a Freitas e Durval VI,08110-300,Itaim Paulista,"Rua Vereda do Paraiso, 8, Itaim Paulista","Rua Vereda do Paraiso, 8, Itaim Paulista, São Paulo - SP, 08110-300",,,
5047-4,Quinta Feira,Tradicional,Avenida,Alberto Byington,496,Vila Maria,Proximo Praca Cosmorama,02127-000,Vila Maria/Vila Guilherme,"Avenida Alberto Byington, 496, Vila Maria","Avenida Alberto Byington, 496, Vila Maria, São Paulo - SP, 02127-000",,,
5048-2,Quinta Feira,Tradicional,Rua,Manoel Gaya,S/N,Vila Mazzei,Tv Av Sezefredo Fagundes,02313-000,Jaçanã/Tremembé,"Rua Manoel Gaya, Vila Mazzei","Rua Manoel Gaya, Vila Mazzei, São Paulo - SP, 02313-000",,,
5049-0,Quinta Feira,Tradicional,Avenida,Mata Machado,S/N,Vila California,Tv da Rua Antenas,03215-000,Vila Prudente,"Avenida Mata Machado, Vila California","Avenida Mata Machado, Vila California, São Paulo - SP, 03215-000",,,
5050-4,Quinta Feira,Tradicional,Rua,Moinho Velho,770,Vila Nigri,Tv da Rua Joao Cordeiro,02832-080,Freguesia/Brasilândia,"Rua Moinho Velho, 770, Vila Nigri","Rua Moinho Velho, 770, Vila Nigri, São Paulo - SP, 02832-080",,,
5052-0,Quinta Feira,Tradicional,Rua,Joao Cachoeira com Doutor F Haidar,1643,Vila Olimpia,Rua Clodomiro Amazonas,04535-008,Pinheiros,"Rua Joao Cachoeira com Doutor F Haidar, 1643, Vila Olimpia","Rua Joao Cachoeira, 1643, Vila Olimpia, São Paulo - SP, 04535-008",,,
5053-9,Quinta Feira,Tradicional,Rua,Elias de Souza Pinto,S/N,Vila Albertina,Com Armando Pereira,02357-060,Jaçanã/Tremembé,"Rua Elias de Souza Pinto, Vila Albertina","Rua Elias de Souza Pinto, Vila Albertina, São Paulo - SP, 02357-060",,,
5054-7,Quinta Feira,Tradicional,Rua,Andre Natale,98,Jardim Popular,Com Rua P de Ulhoa Cintra,03670-020,Ermelino Matarazzo,"Rua Andre Natale, 98, Jardim Popular","Rua Andre Natale, 98, Jardim Popular, São Paulo - SP, 03670-020",,,
5055-5,Quinta Feira,Tradicional,Rua,Sandoval Ferreira Cabral,S/N,Vila Jaguara,Port 034/94,05135-330,Pirituba/Jaraguá,"Rua Sandoval Ferreira Cabral, Vila Jaguara","Rua Sandoval Ferreira Cabral, Vila Jaguara, São Paulo - SP, 05135-330",,,
5056-3,Quinta Feira,Tradicional,Rua,Solidonio Leite,131,Vila Diva,Vila Diva Vila Prudente,03275-000,Vila Prudente,"Rua Solidonio Leite, 131, Vila Diva","Rua Solidonio Leite, 131, Vila Diva, São Paulo - SP, 03275-000",,,
5057-1,Quinta Feira,Tradicional,Rua,Eugenio de Medeiros,S/N,Pinheiros,Paes Leme C Sumidouro,05425-010,Pinheiros,"Rua Eugenio de Medeiros, Pinheiros","Rua Eugenio de Medeiros, Pinheiros, São Paulo - SP, 05425-010",,,
5058-0,Quinta Feira,Tradicional,Avenida,Ouro Verde de Minas,S/N,Vila IV Centenario,Tv Av Rio das Pedras,03937-090,São Mateus,"Avenida Ouro Verde de Minas, Vila IV Centenario","Avenida Ouro Verde de Minas, Vila IV Centenario, São Paulo - SP, 03937-090",,,
5059-8,Quinta Feira,Tradicional,Rua,Conde de Porto Alegre,762,Campo Belo,Rua Bernardino de Campos,04606-000,Santo Amaro,"Rua Conde de Porto Alegre, 762, Campo Belo","Rua Conde de Porto Alegre, 762, Campo Belo, São Paulo - SP, 04606-000",,,
5060-1,Quinta Feira,Tradicional,Rua,Realengo,S/N,Vila Ida,Tv Rua Caminha do Amorim,05451-030,Pinheiros,"Rua Realengo, Vila Ida","Rua Realengo, Vila Ida, São Paulo - SP, 05451-030",,,
5061-0,Quinta Feira,Tradicional,Rua,Sold Jose Vicente de Paula,196,Vila Maria,Av Serafin Goncalves Pereira,02180-020,Vila Maria/Vila Guilherme,"Rua Sold Jose Vicente de Paula, 196, Vila Maria","Rua Sold Jose Vicente de Paula, 196, Vila Maria, São Paulo - SP, 02180-020",,,
5062-8,Quinta Feira,Tradicional,Rua,Luiz Carlos Facchini,50,Vila Facchini,Tv Av Armando de a Pereira,04324-160,Jabaquara,"Rua Luiz Carlos Facchini, 50, Vila Facchini","Rua Luiz Carlos Facchini, 50, Vila Facchini, São Paulo - SP, 04324-160",,,
5063-6,Quinta Feira,Tradicional,Rua,Gal Porfirio da Paz,371,Jardim Grimaldi,Largo do Jardim Grimaldi,03918-000,Sapopemba,"Rua Gal Porfirio da Paz, 371, Jardim Grimaldi","Rua Gal Porfirio da Paz, 371, Jardim Grimaldi, São Paulo - SP, 03918-000",,,
5064-4,Quinta Feira,Tradicional,Rua,Dos Andradas,12,Santa Efigenia,Rua das Timbiras,01208-001,Sé,"Rua Dos Andradas, 12, Santa Efigenia","Rua Dos Andradas, 12, Santa Efigenia, São Paulo - SP, 01208-001",,,
5065-2,Quinta Feira,Tradicional,Praça,Doutor Curado Fleury,3,Jardim Maria Estela,Tv Av Maria Estela,04180-000,Ipiranga,"Praça Doutor Curado Fleury, 3, Jardim Maria Estela","Praça Doutor Curado Fleury, 3, Jardim Maria Estela, São Paulo - SP, 04180-000",,,
5066-0,Quinta Feira,Tradicional,Rua,Fragata da Constituicao,1,Parada de Taipas,Port 18/94,02986-080,Pirituba/Jaraguá,"Rua Fragata da Constituicao, 1, Parada de Taipas","Rua Fragata da Constituicao, 1, Parada de Taipas, São Paulo - SP, 02986-080",,,
5067-9,Quinta Feira,Tradicional,Rua,Jose Cocciuffo,85,Alto do Ipiranga,Rua Santa Cruz,04121-120,Ipiranga,"Rua Jose Cocciuffo, 85, Alto do Ipiranga","Rua Jose Cocciuffo, 85, Alto do Ipiranga, São Paulo - SP, 04121-120",,,
5068-7,Quinta Feira,Tradicional,Avenida,Araicas,254,Jaguare,Termina N. 45,05343-010,Lapa,"Avenida Araicas, 254, Jaguare","Avenida Araicas, 254, Jaguare, São Paulo - SP, 05343-010",,,
5069-5,Quinta Feira,Tradicional,Rua,Martinho Vaz de Barros,S/N,Campo Limpo,Tv Es Campo Limpo,05786-150,Campo Limpo,"Rua Martinho Vaz de Barros, Campo Limpo","Rua Martinho Vaz de Barros, Campo Limpo, São Paulo - SP, 05786-150",,,
5070-9,Quinta Feira,Tradicional,Rua,São Guilherme,7377,Cidade Dutra,Entre Av Interlagos e R Ariabu,04806-040,Capela do Socorro,"Rua São Guilherme, 7377, Cidade Dutra","Rua São Guilherme, 7377, Cidade Dutra, São Paulo - SP, 04806-040",,,
5071-7,Quinta Feira,Tradicional,Avenida,Invernada,351,Congonhas,Entre Barao Rego Barros,04612-060,Santo Amaro,"Avenida Invernada, 351, Congonhas","Avenida Invernada, 351, Congonhas, São Paulo - SP, 04612-060",,,
5073-3,Quinta Feira,Tradicional,Rua,Doutor Renato Bueno Neto,S/N,Jardim Catanduva,,05767-350,Campo Limpo,"Rua Doutor Renato Bueno Neto, Jardim Catanduva","Rua Doutor Renato Bueno Neto, Jardim Catanduva, São Paulo - SP, 05767-350",,,
5074-1,Quinta Feira,Tradicional,Rua,Da Paz,1201,Chac Santo Antonio,Amaro Guerra e Branco Moraes,04713-002,Santo Amaro,"Rua Da Paz, 1201, Chac Santo Antonio","Rua Da Paz, 1201, Chac Santo Antonio, São Paulo - SP, 04713-002",,,
5075-0,Quinta Feira,Tradicional,Avenida,Augusto de Castro,283,Pedreira,Port 036/94,04466-090,Cidade Ademar,"Avenida Augusto de Castro, 283, Pedreira","Avenida Augusto de Castro, 283, Pedreira, São Paulo - SP, 04466-090",,,
5077-6,Quinta Feira,Tradicional,Rua,Joao Gomes Batista,419,Jardim Cidalia,Av.cupece,04652-160,Cidade Ademar,"Rua Joao Gomes Batista, 419, Jardim Cidalia","Rua Joao Gomes Batista, 419, Jardim Cidalia, São Paulo - SP, 04652-160",,,
5078-4,Quinta Feira,Tradicional,Avenida,Celso dos Santos,S/N,Santo Amaro,Av Yervant Kissajikian/p Ozeda,04658-240,Cidade Ademar,"Avenida Celso dos Santos, Santo Amaro","Avenida Celso dos Santos, Santo Amaro, São Paulo - SP, 04658-240",,,
5079-2,Quinta Feira,Tradicional,Rua,Tte Godofredo Cerqueira Leite,213,Jardim Sapopemba,Av.sapopemba (ALT.11000),03977-000,Sapopemba,"Rua Tte Godofredo Cerqueira Leite, 213, Jardim Sapopemba","Rua Tte Godofredo Cerqueira Leite, 213, Jardim Sapopemba, São Paulo - SP, 03977-000",,,
5080-6,Quinta Feira,Tradicional,Avenida,Moacir Dantas Itapicuru,826,Cidade Nova S Miguel,Pt Final On São Miguel,08042-290,São Miguel,"Avenida Moacir Dantas Itapicuru, 826, Cidade Nova S Miguel","Avenida Moacir Dantas Itapicuru, 826, Cidade Nova S Miguel, São Paulo - SP, 08042-290",,,
5081-4,Quinta Feira,Tradicional,Rua,Luca de Marenzio,S/N,Jardim Vaz de Lima,Tv Al Comd Antunes dos Santos,05833-350,M'Boi Mirim,"Rua Luca de Marenzio, Jardim Vaz de Lima","Rua Luca de Marenzio, Jardim Vaz de Lima, São Paulo - SP, 05833-350",,,
5082-2,Quinta Feira,Tradicional,Rua,Pde Alarico Zacarias,S/N,Vila Maria Luiza,Av. Heitor a Eiras Garcia 2678,05371-020,Butantã,"Rua Pde Alarico Zacarias, Vila Maria Luiza","Rua Pde Alarico Zacarias, Vila Maria Luiza, São Paulo - SP, 05371-020",,,
5083-0,Quinta Feira,Tradicional,Rua,Ananai,241,Vila Nova Curaca,Pt Final On V N Curuca,08032-370,Itaim Paulista,"Rua Ananai, 241, Vila Nova Curaca","Rua Ananai, 241, Vila Nova Curaca, São Paulo - SP, 08032-370",,,
5084-9,Quinta Feira,Tradicional,Rua,Belchior Felix,S/N,Pq Fig Grande,Port 029/96,04914-120,M'Boi Mirim,"Rua Belchior Felix, Pq Fig Grande","Rua Belchior Felix, Pq Fig Grande, São Paulo - SP, 04914-120",,,
5085-7,Quinta Feira,Tradicional,Rua,Hermenegildo Gois Parente,110,Jardim Lisboa,Tv Es Velha Mogi das Cruzes,03678-000,Ermelino Matarazzo,"Rua Hermenegildo Gois Parente, 110, Jardim Lisboa","Rua Hermenegildo Gois Parente, 110, Jardim Lisboa, São Paulo - SP, 03678-000",,,
5086-5,Quinta Feira,Tradicional,Rua,Colonial do Irai,250,Jardim Maggi,,02982-110,Pirituba/Jaraguá,"Rua Colonial do Irai, 250, Jardim Maggi","Rua Colonial do Irai, 250, Jardim Maggi, São Paulo - SP, 02982-110",,,
5088-1,Quinta Feira,Tradicional,Rua,Professor Joao de Lorenzo,S/N,Jardim São Jorge,Proximo Cemiterio Israelita,05567-010,Butantã,"Rua Professor Joao de Lorenzo, Jardim São Jorge","Rua Professor Joao de Lorenzo, Jardim São Jorge, São Paulo - SP, 05567-010",,,
5092-0,Quinta Feira,Tradicional,Rua,Vistosa de Madre de Deus,51,Jardim Noemia,ALT.N.11074 Av.marechal Tito,08180-110,São Miguel,"Rua Vistosa de Madre de Deus, 51, Jardim Noemia","Rua Vistosa de Madre de Deus, 51, Jardim Noemia, São Paulo - SP, 08180-110",,,
5093-8,Quinta Feira,Tradicional,Rua,Capitão Jose Leite,723,Vila Matilde,Pc Sebastiao Andrade,03510-010,Penha,"Rua Capitão Jose Leite, 723, Vila Matilde","Rua Capitão Jose Leite, 723, Vila Matilde, São Paulo - SP, 03510-010",,,
5096-2,Quinta Feira,Tradicional,Avenida,Carlos Alberto Bastos Machado,S/N,Cocaia,Est.cocaia -grupo Escolar,04856-080,Capela do Socorro,"Avenida Carlos Alberto Bastos Machado, Cocaia","Avenida Carlos Alberto Bastos Machado, Cocaia, São Paulo - SP, 04856-080",,,
5098-9,Quinta Feira,Tradicional,Rua,Silvio Torres,S/N,Itaquera Cohab I,Esq R Alcides Jorge,03589-010,Penha,"Rua Silvio Torres, Itaquera Cohab I","Rua Silvio Torres, Itaquera Cohab I, São Paulo - SP, 03589-010",,,
5099-7,Quinta Feira,Tradicional,Avenida,Lourival Fontes,342,Jardim Planalto,Jardim Planalto Vila Prudente,03983-010,Sapopemba,"Avenida Lourival Fontes, 342, Jardim Planalto","Avenida Lourival Fontes, 342, Jardim Planalto, São Paulo - SP, 03983-010",,,
5103-9,Quinta Feira,Tradicional,Rua,Doutor Ignacio Proenca Gouveia,1031,Pq Peruche,Tv Rua Armando Coelho,02534-010,Casa Verde/Cachoeirinha,"Rua Doutor Ignacio Proenca Gouveia, 1031, Pq Peruche","Rua Doutor Ignacio Proenca Gouveia, 1031, Pq Peruche, São Paulo - SP, 02534-010",,,
5104-7,Quinta Feira,Tradicional,Rua,Honorio Emiliano Bueno,155,Ponte Raza,Alto da Ponte Raza,03884-100,Ermelino Matarazzo,"Rua Honorio Emiliano Bueno, 155, Ponte Raza","Rua Honorio Emiliano Bueno, 155, Ponte Raza, São Paulo - SP, 03884-100",,,
5105-5,Quinta Feira,Tradicional,Rua,Lirio da Serra,18,Jardim das Camelias,Prox e P G Luigi Pirandello,08050-460,São Miguel,"Rua Lirio da Serra, 18, Jardim das Camelias","Rua Lirio da Serra, 18, Jardim das Camelias, São Paulo - SP, 08050-460",,,
5106-3,Quinta Feira,Tradicional,Avenida,Da Justica,3,Vila Rui Barbosa,Av 24 de Fevereiro,03734-140,Penha,"Avenida Da Justica, 3, Vila Rui Barbosa","Avenida Da Justica, 3, Vila Rui Barbosa, São Paulo - SP, 03734-140",,,
5108-0,Quinta Feira,Tradicional,Rua,Rosalia de Castro,559,Vila Campestre,Tv Rua Princepe de Asturias,04330-100,Jabaquara,"Rua Rosalia de Castro, 559, Vila Campestre","Rua Rosalia de Castro, 559, Vila Campestre, São Paulo - SP, 04330-100",,,
5111-0,Quinta Feira,Tradicional,Rua,Mario Wilches,S/N,Jardim Maria Borba,Parl Es Varginha No Jardim M Borba,04858-390,Parelheiros,"Rua Mario Wilches, Jardim Maria Borba","Rua Mario Wilches, Jardim Maria Borba, São Paulo - SP, 04858-390",,,
5112-8,Quinta Feira,Tradicional,Praça,Bom Pastor,462,Itaquera,Giovani Quadri e Leoncio Gurge,08420-640,Itaquera,"Praça Bom Pastor, 462, Itaquera","Praça Bom Pastor, 462, Itaquera, São Paulo - SP, 08420-640",,,
5116-0,Quinta Feira,Tradicional,Rua,Gaetano Donizetti,S/N,Pq Brasil,Esquina Estrada do Borore,04843-110,Capela do Socorro,"Rua Gaetano Donizetti, Pq Brasil","Rua Gaetano Donizetti, Pq Brasil, São Paulo - SP, 04843-110",,,
5118-7,Quinta Feira,Tradicional,Rua,Aguias Reais,S/N,Jardim Elba,Jardim Elba Vila Prudente,03978-400,Sapopemba,"Rua Aguias Reais, Jardim Elba","Rua Aguias Reais, Jardim Elba, São Paulo - SP, 03978-400",,,
5119-5,Quinta Feira,Tradicional,Rua,Jeronimo Fernandes,S/N,Jardim Guarau,Estr do Jaguare,05549-200,Butantã,"Rua Jeronimo Fernandes, Jardim Guarau","Rua Jeronimo Fernandes, Jardim Guarau, São Paulo - SP, 05549-200",,,
5120-9,Quinta Feira,Tradicional,Avenida,Dos Texteis,S/N,Itaquera,Lindeiro a Essa Avenida,08490-600,Cidade Tiradentes,"Avenida Dos Texteis, Itaquera","Avenida Dos Texteis, Itaquera, São Paulo - SP, 08490-600",,,
5123-3,Quinta Feira,Tradicional,Rua,Caxiu,S/N,Vila Campanela,Rua Joapitanga,08225-330,Itaquera,"Rua Caxiu, Vila Campanela","Rua Caxiu, Vila Campanela, São Paulo - SP, 08225-330",,,
5125-0,Quinta Feira,Tradicional,Rua,Cubas de Mendonca,S/N,Jardim Iguatemi,,08380-180,São Mateus,"Rua Cubas de Mendonca, Jardim Iguatemi","Rua Cubas de Mendonca, Jardim Iguatemi, São Paulo - SP, 08380-180",,,
5129-2,Quinta Feira,Tradicional,Rua,Monsenhor Salim,S/N,Jardim Miliunas,Tv Manoel Lemes Silva,08111-180,Itaim Paulista,"Rua Monsenhor Salim, Jardim Miliunas","Rua Monsenhor Salim, Jardim Miliunas, São Paulo - SP, 08111-180",,,
5130-6,Quinta Feira,Tradicional,Rua,Souza Carvalho,S/N,Jardim Guarani,,02851-030,Freguesia/Brasilândia,"Rua Souza Carvalho, Jardim Guarani","Rua Souza Carvalho, Jardim Guarani, São Paulo - SP, 02851-030",,,
5133-0,Quinta Feira,Tradicional,Avenida,Roland Garros,S/N,Vila Ede,Maj Dantas Cortez/av Piquerobi,02235-000,Vila Maria/Vila Guilherme,"Avenida Roland Garros, Vila Ede","Avenida Roland Garros, Vila Ede, São Paulo - SP, 02235-000",,,
5135-7,Quinta Feira,Tradicional,Rua,Praia de Torres,S/N,Vila Carmosina,Prox Hospital Santa Marcelina,08270-220,Itaquera,"Rua Praia de Torres, Vila Carmosina","Rua Praia de Torres, Vila Carmosina, São Paulo - SP, 08270-220",,,
5137-3,Quinta Feira,Tradicional,Rua,Pio XII,S/N,Bela Vista,Entre Ruas Artur Prado e Marti,01322-030,Sé,"Rua Pio XII, Bela Vista","Rua Pio XII, Bela Vista, São Paulo - SP, 01322-030",,,
5140-3,Quinta Feira,Tradicional,Rua,Alfaro,S/N,Vila Rica,Port 19/94,03911-040,Aricanduva/Formosa/Carrão,"Rua Alfaro, Vila Rica","Rua Alfaro, Vila Rica, São Paulo - SP, 03911-040",,,
5141-1,Quinta Feira,Tradicional,Rua,Joao Barbosa de Lima,S/N,Jardim Robru,,08150-200,Itaim Paulista,"Rua Joao Barbosa de Lima, Jardim Robru","Rua Joao Barbosa de Lima, Jardim Robru, São Paulo - SP, 08150-200",,,
5143-8,Quinta Feira,Tradicional,Avenida,Barao de Monte Mor,S/N,Real Pq Morumbi,,05687-010,Butantã,"Avenida Barao de Monte Mor, Real Pq Morumbi","Avenida Barao de Monte Mor, Real Pq Morumbi, São Paulo - SP, 05687-010",,,
5148-9,Quinta Feira,Tradicional,Avenida,Borboleta Amarela,S/N,Jardim São Martinho,São Miguel,08081-570,São Miguel,"Avenida Borboleta Amarela, Jardim São Martinho","Avenida Borboleta Amarela, Jardim São Martinho, São Paulo - SP, 08081-570",,,
5154-3,Quinta Feira,Tradicional,Rua,Geolandia,S/N,Vila Medeiros,Rua Geolandia,02217-000,Vila Maria/Vila Guilherme,"Rua Geolandia, Vila Medeiros","Rua Geolandia, Vila Medeiros, São Paulo - SP, 02217-000",,,
5158-6,Quinta Feira,Tradicional,Rua,Acaipe,S/N,Burgo Paulista,Rua Republica de San Martim,03682-040,Ermelino Matarazzo,"Rua Acaipe, Burgo Paulista","Rua Acaipe, Burgo Paulista, São Paulo - SP, 03682-040",,,
5160-8,Quinta Feira,Tradicional,Rua,Ideal,S/N,Jardim São Paulo,Ruas Aguanambi,08461-150,Guaianases,"Rua Ideal, Jardim São Paulo","Rua Ideal, Jardim São Paulo, São Paulo - SP, 08461-150",,,
5162-4,Quinta Feira,Tradicional,Rua,Martim Francisco,S/N,Santa Cecilia,Entre Higienopolis e Mq Itu,01226-000,Sé,"Rua Martim Francisco, Santa Cecilia","Rua Martim Francisco, Santa Cecilia, São Paulo - SP, 01226-000",,,
5163-2,Quinta Feira,Tradicional,Rua,Maria Luiza do Val Penteado,S/N,Cidade São Mateus,,03962-040,São Mateus,"Rua Maria Luiza do Val Penteado, Cidade São Mateus","Rua Maria Luiza do Val Penteado, Cidade São Mateus, São Paulo - SP, 03962-040",,,
5164-0,Quinta Feira,Tradicional,Rua,Canal de Tutoia,S/N,Jardim Camargo Novo,,08121-220,Itaim Paulista,"Rua Canal de Tutoia, Jardim Camargo Novo","Rua Canal de Tutoia, Jardim Camargo Novo, São Paulo - SP, 08121-220",,,
5166-7,Quinta Feira,Tradicional,Rua,Jose Pace,S/N,Jardim Avelino,Altura do Numero Um Cinco Seis,0,Vila Prudente,"Rua Jose Pace, Jardim Avelino","Rua Jose Pace, Jardim Avelino, São Paulo - SP",,,
5168-3,Quinta Feira,Tradicional,Rua,Cidade do Rio Pardo,S/N,Vila Andrade,,05727-180,Campo Limpo,"Rua Cidade do Rio Pardo, Vila Andrade","Rua Cidade do Rio Pardo, Vila Andrade, São Paulo - SP, 05727-180",,,
5170-5,Quinta Feira,Tradicional,Avenida,Mariana de Souza Guerra,S/N,Jardim Vila Nova Carrao,,08340-220,São Mateus,"Avenida Mariana de Souza Guerra, Jardim Vila Nova Carrao","Avenida Mariana de Souza Guerra, Jardim Vila Nova Carrao, São Paulo - SP, 08340-220",,,
5171-3,Quinta Feira,Tradicional,Rua,Igupiara,S/N,Jardim Boa Esperanca,,08341-220,São Mateus,"Rua Igupiara, Jardim Boa Esperanca","Rua Igupiara, Jardim Boa Esperanca, São Paulo - SP, 08341-220",,,
5172-1,Quinta Feira,Tradicional,Rua,Venturosa,S/N,Vila Carmosina,Rua Baixada Santista,08295-350,Itaquera,"Rua Venturosa, Vila Carmosina","Rua Venturosa, Vila Carmosina, São Paulo - SP, 08295-350",,,
5181-0,Quinta Feira,Tradicional,Avenida,Santa Monica,S/N,Jardim Santa Monica,Av Doutor Felipe Pinel,05171-000,Pirituba/Jaraguá,"Avenida Santa Monica, Jardim Santa Monica","Avenida Santa Monica, Jardim Santa Monica, São Paulo - SP, 05171-000",,,
5182-9,Quinta Feira,Tradicional,Rua,Ministro Luiz Sparano,S/N,Jardim Santa Adelia,Terminal Rodoviario São Mateus,03970-050,São Mateus,"Rua Ministro Luiz Sparano, Jardim Santa Adelia","Rua Ministro Luiz Sparano, Jardim Santa Adelia, São Paulo - SP, 03970-050",,,
5185-3,Quinta Feira,Noturna,Rua,Iritua,S/N,Vila Caiuba,Cdhu,05202-160,Perus,"Rua Iritua, Vila Caiuba","Rua Iritua, Vila Caiuba, São Paulo - SP, 05202-160",,,
5186-1,Quinta Feira,Tradicional,Rua,Valter Gazarra,S/N,Vila Gomes Cardim,Rua Emilia Marengo,03337-055,Aricanduva/Formosa/Carrão,"Rua Valter Gazarra, Vila Gomes Cardim","Rua Valter Gazarra, Vila Gomes Cardim, São Paulo - SP, 03337-055",,,
5187-0,Quinta Feira,Orgânica,Rua,São Benedito,S/N,Santo Amaro,Rua Alexandre Dumas,04735-003,Santo Amaro,"Rua São Benedito, Santo Amaro","Rua São Benedito, Santo Amaro, São Paulo - SP, 04735-003",,,
5188-8,Quinta Feira,Noturna,Avenida,Ribeirao Itaquera,S/N,Guaianazes,Estrada de Itaquera Guaianazes,08410-310,Guaianases,"Avenida Ribeirao Itaquera, Guaianazes","Avenida Ribeirao Itaquera, Guaianazes, São Paulo - SP, 08410-310",,,
5291-4,Quinta Feira,Tradicional,Praça,Melvim Jones,S/N,Lapa,,05072-040,Lapa,"Praça Melvim Jones, Lapa","Praça Melvim Jones, Lapa, São Paulo - SP, 05072-040",,,
5380-5,Quinta Feira,Tradicional,Avenida,Engenheiro Caetano Alvares,S/N,Santana,Mandaqui,02413-200,Santana/Tucuruvi,"Avenida Engenheiro Caetano Alvares, Santana","Avenida Engenheiro Caetano Alvares, Santana, São Paulo - SP, 02413-200",,,
5381-3,Quinta Feira,Tradicional,Rua,Luisa Todi,S/N,Jardim Irene,Prox a Rua Jose Dentes,05891-280,Campo Limpo,"Rua Luisa Todi, Jardim Irene","Rua Luisa Todi, Jardim Irene, São Paulo - SP, 05891-280",,,
5390-2,Quinta Feira,Tradicional,Praça,Pedro Balint,S/N,Ipiranga,Sacoma,04230-040,Ipiranga,"Praça Pedro Balint, Ipiranga","Praça Pedro Balint, Ipiranga, São Paulo - SP, 04230-040",,,
5401-1,Quinta Feira,Tradicional,Rua,Carlos Albacini,S/N,Jose Bonifacio,Abast,08253-650,Itaquera,"Rua Carlos Albacini, Jose Bonifacio","Rua Carlos Albacini, Jose Bonifacio, São Paulo - SP, 08253-650",,,
5402-0,Quinta Feira,Tradicional,Praça,Flavio Jose Amadeu,S/N,Vila Matilde,,03512-020,Penha,"Praça Flavio Jose Amadeu, Vila Matilde","Praça Flavio Jose Amadeu, Vila Matilde, São Paulo - SP, 03512-020",,,
5408-9,Quinta Feira,Tradicional,Rua,Inacio Preto de Moraes,S/N,Vila Andrade,,05731-340,Campo Limpo,"Rua Inacio Preto de Moraes, Vila Andrade","Rua Inacio Preto de Moraes, Vila Andrade, São Paulo - SP, 05731-340",,,
5413-5,Quinta Feira,Noturna,Praça,Grand Reserva Paulista,S/N,Jardim Iris,,05145-100,Pirituba/Jaraguá,"Praça Grand Reserva Paulista, Jardim Iris","Praça Grand Reserva Paulista, Jardim Iris, São Paulo - SP, 05145-100",,,
5720-7,Quinta Feira,Tradicional,Largo,Dona Ana Rosa,S/N,Vila Mariana,Metro Ana Rosa,04106-090,Vila Mariana,"Largo Dona Ana Rosa, Vila Mariana","Largo Dona Ana Rosa, Vila Mariana, São Paulo - SP, 04106-090",,,
5960-9,Quinta Feira,Tradicional,Rua,Rosa Galvao Trigueirinho,1600,Jurubatuba,,04696-080,Santo Amaro,"Rua Rosa Galvao Trigueirinho, 1600, Jurubatuba","Rua Rosa Galvao Trigueirinho, 1600, Jurubatuba, São Paulo - SP, 04696-080",,,
5978-1,Quinta Feira,Noturna,Rua,Pablo Picasso,S/N,Perdizes,,05033-120,Lapa,"Rua Pablo Picasso, Perdizes","Rua Pablo Picasso, Perdizes, São Paulo - SP, 05033-120",,,
5982-0,Quinta Feira,Noturna,Rua,Frei Anibal Genova,S/N,Cidade Tiradentes,,08490-550,Cidade Tiradentes,"Rua Frei Anibal Genova, Cidade Tiradentes","Rua Frei Anibal Genova, Cidade Tiradentes, São Paulo - SP, 08490-550",,,
6000-3,Sexta Feira,Tradicional,Avenida,Ipiranga,S/N,Se,,01041-000,Sé,"Avenida Ipiranga, Se","Avenida Ipiranga, Se, São Paulo - SP, 01041-000",,,
6001-1,Sexta Feira,Tradicional,Rua,Vitorio Emanuel,312,Cambuci,Tv da Rua Lavapes,01528-030,Sé,"Rua Vitorio Emanuel, 312, Cambuci","Rua Vitorio Emanuel, 312, Cambuci, São Paulo - SP, 01528-030",,,
6002-0,Sexta Feira,Tradicional,Rua,Dom Bosco,75,Cambuci,Baixos Vd Alcantara Machado,03105-020,Sé,"Rua Dom Bosco, 75, Cambuci","Rua Dom Bosco, 75, Cambuci, São Paulo - SP, 03105-020",,,
6003-8,Sexta Feira,Tradicional,Rua,Maria Jose com Fortaleza,S/N,Bela Vista,Tv Av Brigadeiro Luiz Antonio,01324-010,Sé,"Rua Maria Jose com Fortaleza, Bela Vista","Rua Maria Jose, Bela Vista, São Paulo - SP, 01324-010",,,
6004-6,Sexta Feira,Tradicional,Rua,Henrique Dias,S/N,Braz,Mons Andrade e Rodrigue Santos,03009-020,Mooca,"Rua Henrique Dias, Braz","Rua Henrique Dias, Braz, São Paulo - SP, 03009-020",,,
6005-4,Sexta Feira,Tradicional,Rua,Mato Grosso com Para,S/N,Consolacao,Tv da Rua Sergipe,01239-040,Sé,"Rua Mato Grosso com Para, Consolacao","Rua Mato Grosso, Consolacao, São Paulo - SP, 01239-040",,,
6006-2,Sexta Feira,Tradicional,Rua,Capitão Pinto Ferreira com Batataes,S/N,Jardim Paulista,Tv Av Brigadeiro Luiz Antonio,01423-020,Pinheiros,"Rua Capitão Pinto Ferreira com Batataes, Jardim Paulista","Rua Capitão Pinto Ferreira, Jardim Paulista, São Paulo - SP, 01423-020",,,
6007-0,Sexta Feira,Tradicional,Rua,Alcino Braga com Sampaio Viana,219,Paraiso,Esq R Abilio Soares,04004-020,Vila Mariana,"Rua Alcino Braga com Sampaio Viana, 219, Paraiso","Rua Alcino Braga, 219, Paraiso, São Paulo - SP, 04004-020",,,
6008-9,Sexta Feira,Tradicional,Praça,Charles Muller,S/N,Pacaembu,Estadio Mun P.m.carvalho,01234-010,Sé,"Praça Charles Muller, Pacaembu","Praça Charles Muller, Pacaembu, São Paulo - SP, 01234-010",,,
6009-7,Sexta Feira,Tradicional,Rua,Camaragibe com Lopes Chaves,122,Santa Cecilia,Parte R Lopes Chaves,01154-010,Sé,"Rua Camaragibe com Lopes Chaves, 122, Santa Cecilia","Rua Camaragibe, 122, Santa Cecilia, São Paulo - SP, 01154-010",,,
6010-0,Sexta Feira,Tradicional,Rua,Mariz e Barros,316,Aclimacao,Praca São Francisco da Gloria,01545-010,Vila Mariana,"Rua Mariz e Barros, 316, Aclimacao","Rua Mariz e Barros, 316, Aclimacao, São Paulo - SP, 01545-010",,,
6011-9,Sexta Feira,Tradicional,Rua,Costa Aguiar,261,Ipiranga,Fixada,04204-000,Ipiranga,"Rua Costa Aguiar, 261, Ipiranga","Rua Costa Aguiar, 261, Ipiranga, São Paulo - SP, 04204-000",,,
6012-7,Sexta Feira,Tradicional,Rua,Tupiguaes,S/N,Santana,Pronto Socorro de Santana,02022-040,Santana/Tucuruvi,"Rua Tupiguaes, Santana","Rua Tupiguaes, Santana, São Paulo - SP, 02022-040",,,
6013-5,Sexta Feira,Tradicional,Rua,Gandavo com Napoleao de Barros,S/N,Vila Mariana,Vila Clementino,04023-000,Vila Mariana,"Rua Gandavo com Napoleao de Barros, Vila Mariana","Rua Gandavo, Vila Mariana, São Paulo - SP, 04023-000",,,
6014-3,Sexta Feira,Tradicional,Rua,Andarai,755,Vila Maria,Rua Amambai,02117-001,Vila Maria/Vila Guilherme,"Rua Andarai, 755, Vila Maria","Rua Andarai, 755, Vila Maria, São Paulo - SP, 02117-001",,,
6015-1,Sexta Feira,Tradicional,Rua,Caetano Desco,590,Casa Verde,Morro do S,02523-080,Casa Verde/Cachoeirinha,"Rua Caetano Desco, 590, Casa Verde","Rua Caetano Desco, 590, Casa Verde, São Paulo - SP, 02523-080",,,
6016-0,Sexta Feira,Tradicional,Rua,Dom Antonio Alvarenga,S/N,Vila Gumercindo,Proximo Viaduto Santa Cruz,04129-030,Ipiranga,"Rua Dom Antonio Alvarenga, Vila Gumercindo","Rua Dom Antonio Alvarenga, Vila Gumercindo, São Paulo - SP, 04129-030",,,
6017-8,Sexta Feira,Tradicional,Rua,Jose Maria Witaker,S/N,Saude,Al Guatas e Afonso M Fagundes,04057-000,Vila Mariana,"Rua Jose Maria Witaker, Saude","Rua Jose Maria Witaker, Saude, São Paulo - SP, 04057-000",,,
6018-6,Sexta Feira,Tradicional,Rua,Bom Jesus,S/N,Alto da Mooca,Proximo Largo Agua Rasa,03344-000,Mooca,"Rua Bom Jesus, Alto da Mooca","Rua Bom Jesus, Alto da Mooca, São Paulo - SP, 03344-000",,,
6019-4,Sexta Feira,Tradicional,Rua,Antonio Camardo,1625,Tatuape,Itapura e Apucarana,03309-060,Mooca,"Rua Antonio Camardo, 1625, Tatuape","Rua Antonio Camardo, 1625, Tatuape, São Paulo - SP, 03309-060",,,
6020-8,Sexta Feira,Tradicional,Rua,Professor Lourival Gomes Machado,S/N,Vila Santa Terezinha,Rua Alamedo Afonso Shimitd,02021-050,Santana/Tucuruvi,"Rua Professor Lourival Gomes Machado, Vila Santa Terezinha","Rua Professor Lourival Gomes Machado, Vila Santa Terezinha, São Paulo - SP, 02021-050",,,
6021-6,Sexta Feira,Tradicional,Rua,Professor Joaquim Ozorio de Azevedo,S/N,Jardim São Paulo,Av Leoncio de Magalhaes,02039-050,Santana/Tucuruvi,"Rua Professor Joaquim Ozorio de Azevedo, Jardim São Paulo","Rua Professor Joaquim Ozorio de Azevedo, Jardim São Paulo, São Paulo - SP, 02039-050",,,
6023-2,Sexta Feira,Tradicional,Rua,Santo Antonio de Lisboa,543,Vila Ede,Av.ede,02202-120,Vila Maria/Vila Guilherme,"Rua Santo Antonio de Lisboa, 543, Vila Ede","Rua Santo Antonio de Lisboa, 543, Vila Ede, São Paulo - SP, 02202-120",,,
6024-0,Sexta Feira,Tradicional,Rua,Cesar Pena Ramos,592,Casa Verde,Entre Baldoveneti e Capaneo,02563-000,Casa Verde/Cachoeirinha,"Rua Cesar Pena Ramos, 592, Casa Verde","Rua Cesar Pena Ramos, 592, Casa Verde, São Paulo - SP, 02563-000",,,
6025-9,Sexta Feira,Tradicional,Rua,Salvador Caruso,705,Vila Ipojuca,E Felix dos Santos,05054-060,Lapa,"Rua Salvador Caruso, 705, Vila Ipojuca","Rua Salvador Caruso, 705, Vila Ipojuca, São Paulo - SP, 05054-060",,,
6026-7,Sexta Feira,Tradicional,Alameda,Dos Anapurus,S/N,Vila Helena,Esq Rua Chaves,04087-006,Vila Mariana,"Alameda Dos Anapurus, Vila Helena","Alameda Dos Anapurus, Vila Helena, São Paulo - SP, 04087-006",,,
6027-5,Sexta Feira,Tradicional,Rua,Santa Catarina,284,Tatuape,Hospital Municipal do Tatuape,03086-025,Mooca,"Rua Santa Catarina, 284, Tatuape","Rua Santa Catarina, 284, Tatuape, São Paulo - SP, 03086-025",,,
6028-3,Sexta Feira,Tradicional,Rua,Estevao Furquim,428,Nossa Senhora do o,Tv Pedroso Xavier,02733-000,Freguesia/Brasilândia,"Rua Estevao Furquim, 428, Nossa Senhora do o","Rua Estevao Furquim, 428, Nossa Senhora do o, São Paulo - SP, 02733-000",,,
6029-1,Sexta Feira,Tradicional,Praça,Maria Helena Bonelli Palma,143,Vila Rui Barbosa,S/infor,03732-040,Penha,"Praça Maria Helena Bonelli Palma, 143, Vila Rui Barbosa","Praça Maria Helena Bonelli Palma, 143, Vila Rui Barbosa, São Paulo - SP, 03732-040",,,
6030-5,Sexta Feira,Tradicional,Rua,Edgard de Souza,82,Vila Aricanduva,Port 10/94,03502-010,Penha,"Rua Edgard de Souza, 82, Vila Aricanduva","Rua Edgard de Souza, 82, Vila Aricanduva, São Paulo - SP, 03502-010",,,
6033-0,Sexta Feira,Tradicional,Rua,Deodoro de Campos,12,Jabaquara,Esq Rua Tupiritama,04336-010,Jabaquara,"Rua Deodoro de Campos, 12, Jabaquara","Rua Deodoro de Campos, 12, Jabaquara, São Paulo - SP, 04336-010",,,
6034-8,Sexta Feira,Tradicional,Avenida,Gal Francisco Morazan,S/N,Vila Sonia,Proximo Distrito Policial,05626-010,Butantã,"Avenida Gal Francisco Morazan, Vila Sonia","Avenida Gal Francisco Morazan, Vila Sonia, São Paulo - SP, 05626-010",,,
6035-6,Sexta Feira,Tradicional,Rua,Pianco,219,Vila Celeste,Vila Celeste e Vila Prudente,03137-070,Vila Prudente,"Rua Pianco, 219, Vila Celeste","Rua Pianco, 219, Vila Celeste, São Paulo - SP, 03137-070",,,
6036-4,Sexta Feira,Tradicional,Rua,Sinanduva,504,Vila Marieta,Rua das Provincias,03621-010,Penha,"Rua Sinanduva, 504, Vila Marieta","Rua Sinanduva, 504, Vila Marieta, São Paulo - SP, 03621-010",,,
6037-2,Sexta Feira,Tradicional,Rua,Santo Alexandre,S/N,Vila Guilhermina,Rua Lagoa Formosa S/n,03542-100,Penha,"Rua Santo Alexandre, Vila Guilhermina","Rua Santo Alexandre, Vila Guilhermina, São Paulo - SP, 03542-100",,,
6038-0,Sexta Feira,Tradicional,Rua,Inhagapi com Manaias,275,Vila Zelina,Tv Av Zelina,03141-080,Vila Prudente,"Rua Inhagapi com Manaias, 275, Vila Zelina","Rua Inhagapi, 275, Vila Zelina, São Paulo - SP, 03141-080",,,
6039-9,Sexta Feira,Tradicional,Rua,Grecco,S/N,Alto da Mooca,Rua Gomes e 18 de Fevereiro,03373-000,Aricanduva/Formosa/Carrão,"Rua Grecco, Alto da Mooca","Rua Grecco, Alto da Mooca, São Paulo - SP, 03373-000",,,
6040-2,Sexta Feira,Tradicional,Avenida,Maestro Villa Lobos,3881,Tucuruvi,Rua São Frutuoso,02266-000,Santana/Tucuruvi,"Avenida Maestro Villa Lobos, 3881, Tucuruvi","Avenida Maestro Villa Lobos, 3881, Tucuruvi, São Paulo - SP, 02266-000",,,
6041-0,Sexta Feira,Tradicional,Rua,Geolandia,1236A,Vila Sabrina,Rua Jose Antonio da Silva,02217-000,Vila Maria/Vila Guilherme,"Rua Geolandia, 1236A, Vila Sabrina","Rua Geolandia, 1236A, Vila Sabrina, São Paulo - SP, 02217-000",,,
6042-9,Sexta Feira,Tradicional,Rua,Mendonca Drumont,185,Jardim Maringa,Tv Rua Fernando Porto Alegre,03524-030,Penha,"Rua Mendonca Drumont, 185, Jardim Maringa","Rua Mendonca Drumont, 185, Jardim Maringa, São Paulo - SP, 03524-030",,,
6043-7,Sexta Feira,Tradicional,Rua,Ministro Ferreira Alves com Tucuna,340,Vila Pompeia,Av. Pompeia,05009-060,Lapa,"Rua Ministro Ferreira Alves com Tucuna, 340, Vila Pompeia","Rua Ministro Ferreira Alves, 340, Vila Pompeia, São Paulo - SP, 05009-060",,,
6044-5,Sexta Feira,Tradicional,Rua,Angaturama,454,Vila das Merces,Tv Rua Marques de Lage,04164-010,Ipiranga,"Rua Angaturama, 454, Vila das Merces","Rua Angaturama, 454, Vila das Merces, São Paulo - SP, 04164-010",,,
6045-3,Sexta Feira,Tradicional,Rua,Baluarte,514,Vila Olimpia,Av Cardoso Melo e Andrade Per.,04549-011,Pinheiros,"Rua Baluarte, 514, Vila Olimpia","Rua Baluarte, 514, Vila Olimpia, São Paulo - SP, 04549-011",,,
6046-1,Sexta Feira,Tradicional,Rua,Helio Vessoni,95,Vila Sinha,Trav.da Av.pires do Rio,08020-220,São Miguel,"Rua Helio Vessoni, 95, Vila Sinha","Rua Helio Vessoni, 95, Vila Sinha, São Paulo - SP, 08020-220",,,
6047-0,Sexta Feira,Tradicional,Rua,Municipal,19,Vila Re,Seven Boys (fabrica Biscoito),03661-000,Penha,"Rua Municipal, 19, Vila Re","Rua Municipal, 19, Vila Re, São Paulo - SP, 03661-000",,,
6048-8,Sexta Feira,Tradicional,Rua,Conceicao Veloso,S/N,Vila Mariana,Rua Manoel Paiva,04110-120,Vila Mariana,"Rua Conceicao Veloso, Vila Mariana","Rua Conceicao Veloso, Vila Mariana, São Paulo - SP, 04110-120",,,
6049-6,Sexta Feira,Tradicional,Rua,Professor Raul Pederneiras,125,Vila Conde do Pinhal,Tv Via Anchieta,04205-040,Ipiranga,"Rua Professor Raul Pederneiras, 125, Vila Conde do Pinhal","Rua Professor Raul Pederneiras, 125, Vila Conde do Pinhal, São Paulo - SP, 04205-040",,,
6050-0,Sexta Feira,Tradicional,Rua,Antonio Gomes de Oliveira,458,Vila Mirian,Paralela a Av Faud,02965-000,Freguesia/Brasilândia,"Rua Antonio Gomes de Oliveira, 458, Vila Mirian","Rua Antonio Gomes de Oliveira, 458, Vila Mirian, São Paulo - SP, 02965-000",,,
6051-8,Sexta Feira,Tradicional,Rua,Joao Rodrigues Pires,680,Vila Guarani,Vila Guarani e Vila Prudente,03280-050,Vila Prudente,"Rua Joao Rodrigues Pires, 680, Vila Guarani","Rua Joao Rodrigues Pires, 680, Vila Guarani, São Paulo - SP, 03280-050",,,
6052-6,Sexta Feira,Tradicional,Rua,Ursa Menor,286,Jardim Santa Adelia,Estrada do Iguatemi,08330-490,São Mateus,"Rua Ursa Menor, 286, Jardim Santa Adelia","Rua Ursa Menor, 286, Jardim Santa Adelia, São Paulo - SP, 08330-490",,,
6053-4,Sexta Feira,Tradicional,Rua,Maria Lucia Duarte,35,Vila Mutinga,Tv Av Mutinga,05172-000,Pirituba/Jaraguá,"Rua Maria Lucia Duarte, 35, Vila Mutinga","Rua Maria Lucia Duarte, 35, Vila Mutinga, São Paulo - SP, 05172-000",,,
6054-2,Sexta Feira,Tradicional,Rua,Lasar Segal,409,Freguesia do o,Tv Av Imirim,02543-010,Casa Verde/Cachoeirinha,"Rua Lasar Segal, 409, Freguesia do o","Rua Lasar Segal, 409, Freguesia do o, São Paulo - SP, 02543-010",,,
6055-0,Sexta Feira,Tradicional,Avenida,Monte Celeste,198,Limao,Tv Av Gaspar Dias da Cunha,02561-000,Casa Verde/Cachoeirinha,"Avenida Monte Celeste, 198, Limao","Avenida Monte Celeste, 198, Limao, São Paulo - SP, 02561-000",,,
6056-9,Sexta Feira,Tradicional,Rua,Santa Edith,357,Jardim Santa Helena,Guaianazes,08420-400,Itaquera,"Rua Santa Edith, 357, Jardim Santa Helena","Rua Santa Edith, 357, Jardim Santa Helena, São Paulo - SP, 08420-400",,,
6057-7,Sexta Feira,Tradicional,Rua,Tejupa,S/N,Jabaquara,Tv Rua Vitoriana,04350-020,Jabaquara,"Rua Tejupa, Jabaquara","Rua Tejupa, Jabaquara, São Paulo - SP, 04350-020",,,
6058-5,Sexta Feira,Tradicional,Avenida,Pujais Sabate,S/N,Rio Pequeno,Tv Av Rio Pequeno,05365-200,Butantã,"Avenida Pujais Sabate, Rio Pequeno","Avenida Pujais Sabate, Rio Pequeno, São Paulo - SP, 05365-200",,,
6059-3,Sexta Feira,Tradicional,Avenida,Patente,468,Jardim Patente,Tv Es das Lagrimas Altura 3500,04243-000,Ipiranga,"Avenida Patente, 468, Jardim Patente","Avenida Patente, 468, Jardim Patente, São Paulo - SP, 04243-000",,,
6060-7,Sexta Feira,Tradicional,Rua,Secundino Domingues,770,Vila Prudente,Tv Av Alberto Ramos,03223-110,Vila Prudente,"Rua Secundino Domingues, 770, Vila Prudente","Rua Secundino Domingues, 770, Vila Prudente, São Paulo - SP, 03223-110",,,
6061-5,Sexta Feira,Tradicional,Rua,Claudio Ferreira Manoel,29,Vila Olivieri,Rua Carla Liviero,04187-200,Ipiranga,"Rua Claudio Ferreira Manoel, 29, Vila Olivieri","Rua Claudio Ferreira Manoel, 29, Vila Olivieri, São Paulo - SP, 04187-200",,,
6062-3,Sexta Feira,Tradicional,Avenida,Odilon Pires,S/N,Jardim Aricanduva,Av Conselheiro Carrao,03455-000,Aricanduva/Formosa/Carrão,"Avenida Odilon Pires, Jardim Aricanduva","Avenida Odilon Pires, Jardim Aricanduva, São Paulo - SP, 03455-000",,,
6063-1,Sexta Feira,Tradicional,Rua,Godoi Colaco,1016,Brooklin Paulista,Av Morumbi e R Alvaro Rodrigue,04582-030,Pinheiros,"Rua Godoi Colaco, 1016, Brooklin Paulista","Rua Godoi Colaco, 1016, Brooklin Paulista, São Paulo - SP, 04582-030",,,
6064-0,Sexta Feira,Tradicional,Rua,Dardanelos,306,Lapa,Av.diogenes Ribeiro de Lima,05468-010,Pinheiros,"Rua Dardanelos, 306, Lapa","Rua Dardanelos, 306, Lapa, São Paulo - SP, 05468-010",,,
6065-8,Sexta Feira,Tradicional,Avenida,Jerimanduba,18,Vila Jaragua,Ao Lado da Linha do Trem,05181-000,Pirituba/Jaraguá,"Avenida Jerimanduba, 18, Vila Jaragua","Avenida Jerimanduba, 18, Vila Jaragua, São Paulo - SP, 05181-000",,,
6066-6,Sexta Feira,Tradicional,Rua,São Vitorio,79,Vila Nhocune,Rua de Souza Bandeira,03561-000,Penha,"Rua São Vitorio, 79, Vila Nhocune","Rua São Vitorio, 79, Vila Nhocune, São Paulo - SP, 03561-000",,,
6068-2,Sexta Feira,Tradicional,Avenida,Jose Caetano da Rocha,93,Pq Bristol,Tv Rua Padre Arlindo Vieira,04193-300,Ipiranga,"Avenida Jose Caetano da Rocha, 93, Pq Bristol","Avenida Jose Caetano da Rocha, 93, Pq Bristol, São Paulo - SP, 04193-300",,,
6069-0,Sexta Feira,Tradicional,Rua,Jose Gomes Faria,23,Vila Cisper,Rua Luiz Imperador,03819-170,Penha,"Rua Jose Gomes Faria, 23, Vila Cisper","Rua Jose Gomes Faria, 23, Vila Cisper, São Paulo - SP, 03819-170",,,
6070-4,Sexta Feira,Tradicional,Rua,Nazario Pagano,24,Jardim Monjolo,Patio Asfaltado,02961-030,Freguesia/Brasilândia,"Rua Nazario Pagano, 24, Jardim Monjolo","Rua Nazario Pagano, 24, Jardim Monjolo, São Paulo - SP, 02961-030",,,
6071-2,Sexta Feira,Tradicional,Rua,Albertina Vieira da S Gordo,S/N,Vila Aurora,Ponto Final do Onibus V Aurora,02410-000,Santana/Tucuruvi,"Rua Albertina Vieira da S Gordo, Vila Aurora","Rua Albertina Vieira da S Gordo, Vila Aurora, São Paulo - SP, 02410-000",,,
6072-0,Sexta Feira,Tradicional,Rua,Raphael Di Sandro,13,Perus,Proximo a Estacao de Perus,05204-160,Perus,"Rua Raphael Di Sandro, 13, Perus","Rua Raphael Di Sandro, 13, Perus, São Paulo - SP, 05204-160",,,
6073-9,Sexta Feira,Tradicional,Avenida,Athos Thomaz Ferracio,S/N,Capao Redondo,Tv Av Elias Maas,05861-000,Campo Limpo,"Avenida Athos Thomaz Ferracio, Capao Redondo","Avenida Athos Thomaz Ferracio, Capao Redondo, São Paulo - SP, 05861-000",,,
6074-7,Sexta Feira,Tradicional,Rua,Antonio de Pinho Azevedo,S/N,Cidade Ademar,Margens da Avenida Cupece,04386-020,Cidade Ademar,"Rua Antonio de Pinho Azevedo, Cidade Ademar","Rua Antonio de Pinho Azevedo, Cidade Ademar, São Paulo - SP, 04386-020",,,
6075-5,Sexta Feira,Tradicional,Rua,Comendador Elias Zarzur,S/N,Santo Amaro,A 20M da R Americo Brasiliense,04736-002,Santo Amaro,"Rua Comendador Elias Zarzur, Santo Amaro","Rua Comendador Elias Zarzur, Santo Amaro, São Paulo - SP, 04736-002",,,
6076-3,Sexta Feira,Tradicional,Rua,Joao Batista Di Vitoriano,150,Jardim Consorcio,Jardim Consorcio,04436-000,Santo Amaro,"Rua Joao Batista Di Vitoriano, 150, Jardim Consorcio","Rua Joao Batista Di Vitoriano, 150, Jardim Consorcio, São Paulo - SP, 04436-000",,,
6077-1,Sexta Feira,Tradicional,Avenida,Anace,S/N,Jardim Umarizal,Tv Av das Colinas,05755-090,Campo Limpo,"Avenida Anace, Jardim Umarizal","Avenida Anace, Jardim Umarizal, São Paulo - SP, 05755-090",,,
6078-0,Sexta Feira,Tradicional,Rua,Dos Aniquis e dos Caratais,121,Pedreira,Tv Es Alvarenga,04474-000,Cidade Ademar,"Rua Dos Aniquis e dos Caratais, 121, Pedreira","Rua Dos Aniquis e dos Caratais, 121, Pedreira, São Paulo - SP, 04474-000",,,
6079-8,Sexta Feira,Tradicional,Rua,Dos Inocentes com Mendel,S/N,Socorro,Av.roberto Kennedy,04764-050,Capela do Socorro,"Rua Dos Inocentes com Mendel, Socorro","Rua Dos Inocentes, Socorro, São Paulo - SP, 04764-050",,,
6080-1,Sexta Feira,Tradicional,Rua,Orlando Pinto Ribeiro,277,Vila Arriete,Super Mercado Barateiro,04455-000,Santo Amaro,"Rua Orlando Pinto Ribeiro, 277, Vila Arriete","Rua Orlando Pinto Ribeiro, 277, Vila Arriete, São Paulo - SP, 04455-000",,,
6081-0,Sexta Feira,Tradicional,Rua,Itaparoquera,S/N,Vila Remo,Tv Es M Boi Mirim,04932-060,M'Boi Mirim,"Rua Itaparoquera, Vila Remo","Rua Itaparoquera, Vila Remo, São Paulo - SP, 04932-060",,,
6082-8,Sexta Feira,Tradicional,Rua,Orestes Colombari,S/N,Vila Borges,Av Heitor a Eiras Garcia 3860,05546-020,Butantã,"Rua Orestes Colombari, Vila Borges","Rua Orestes Colombari, Vila Borges, São Paulo - SP, 05546-020",,,
6084-4,Sexta Feira,Tradicional,Rua,São Francisco do Humaita,464,Pq Tiete,Tv Av General Penha Brasil,02871-020,Freguesia/Brasilândia,"Rua São Francisco do Humaita, 464, Pq Tiete","Rua São Francisco do Humaita, 464, Pq Tiete, São Paulo - SP, 02871-020",,,
6085-2,Sexta Feira,Tradicional,Rua,Pereira do Lago,S/N,Vila Gomes,Rv Raposo Tavares Km 12,05590-000,Butantã,"Rua Pereira do Lago, Vila Gomes","Rua Pereira do Lago, Vila Gomes, São Paulo - SP, 05590-000",,,
6086-0,Sexta Feira,Tradicional,Rua,Olegario Maciel,19,Jardim São Carlos,El Rey e Poema e Trova,08062-320,São Miguel,"Rua Olegario Maciel, 19, Jardim São Carlos","Rua Olegario Maciel, 19, Jardim São Carlos, São Paulo - SP, 08062-320",,,
6087-9,Sexta Feira,Tradicional,Rua,Dario Costa Matos,45,Ermelino Matarazzo,P.final Onibus Jd.s.carlos,03805-090,Ermelino Matarazzo,"Rua Dario Costa Matos, 45, Ermelino Matarazzo","Rua Dario Costa Matos, 45, Ermelino Matarazzo, São Paulo - SP, 03805-090",,,
6089-5,Sexta Feira,Tradicional,Avenida,Doutor Guilherme de Abreu Sodre,1414,Guaianazes Cohab,Es do Iguatemi,08490-010,Cidade Tiradentes,"Avenida Doutor Guilherme de Abreu Sodre, 1414, Guaianazes Cohab","Avenida Doutor Guilherme de Abreu Sodre, 1414, Guaianazes Cohab, São Paulo - SP, 08490-010",,,
6091-7,Sexta Feira,Tradicional,Rua,Nubia,S/N,Vila Tolstoi,Tv Av Cibele de Carvalho,03267-090,Vila Prudente,"Rua Nubia, Vila Tolstoi","Rua Nubia, Vila Tolstoi, São Paulo - SP, 03267-090",,,
6092-5,Sexta Feira,Tradicional,Rua,Pedro Luiz de Souza,22,Jardim Brasilia,Pc Jdim Brasilia,03584-040,Itaquera,"Rua Pedro Luiz de Souza, 22, Jardim Brasilia","Rua Pedro Luiz de Souza, 22, Jardim Brasilia, São Paulo - SP, 03584-040",,,
6093-3,Sexta Feira,Tradicional,Avenida,Moenda Velha Gomes Pedrosa,S/N,Jardim São Bento Novo,,05880-330,M'Boi Mirim,"Avenida Moenda Velha Gomes Pedrosa, Jardim São Bento Novo","Avenida Moenda Velha Gomes Pedrosa, Jardim São Bento Novo, São Paulo - SP, 05880-330",,,
6095-0,Sexta Feira,Tradicional,Rua,Serra de Itabaiana,87,Pq Santa Madalena,Tv Rua Primavera de Caiena,03981-040,Sapopemba,"Rua Serra de Itabaiana, 87, Pq Santa Madalena","Rua Serra de Itabaiana, 87, Pq Santa Madalena, São Paulo - SP, 03981-040",,,
6096-8,Sexta Feira,Tradicional,Rua,Anajatuba,866,Pq Santa Rita,P.final Onibus Jd.dos Ipes,08160-180,Itaim Paulista,"Rua Anajatuba, 866, Pq Santa Rita","Rua Anajatuba, 866, Pq Santa Rita, São Paulo - SP, 08160-180",,,
6097-6,Sexta Feira,Tradicional,Praça,Alexandre N Aksakof,777,Vila São Pedro,Achar Domingos Bueno,04676-110,Santo Amaro,"Praça Alexandre N Aksakof, 777, Vila São Pedro","Praça Alexandre N Aksakof, 777, Vila São Pedro, São Paulo - SP, 04676-110",,,
6098-4,Sexta Feira,Tradicional,Rua,Carmelo Cali,S/N,Vila Santa Lucia,Tv Es M Boi Mirim Jardim Angela,04940-070,M'Boi Mirim,"Rua Carmelo Cali, Vila Santa Lucia","Rua Carmelo Cali, Vila Santa Lucia, São Paulo - SP, 04940-070",,,
6099-2,Sexta Feira,Tradicional,Rua,Josino Vieira Goes,S/N,Jardim Joamar,Tv Es Piqueri,02319-000,Jaçanã/Tremembé,"Rua Josino Vieira Goes, Jardim Joamar","Rua Josino Vieira Goes, Jardim Joamar, São Paulo - SP, 02319-000",,,
6100-0,Sexta Feira,Tradicional,Rua,Osvaldo Nevola,S/N,São Matheus,Tv Av Mateo Bei,03946-000,São Mateus,"Rua Osvaldo Nevola, São Matheus","Rua Osvaldo Nevola, São Matheus, São Paulo - SP, 03946-000",,,
6101-8,Sexta Feira,Tradicional,Rua,Gastao Raul de Fonton Bosquet,S/N,Jardim Ipe,Gastao Raul Fourton Bousquet,05797-000,Campo Limpo,"Rua Gastao Raul de Fonton Bosquet, Jardim Ipe","Rua Gastao Raul de Fonton Bosquet, Jardim Ipe, São Paulo - SP, 05797-000",,,
6104-2,Sexta Feira,Tradicional,Rua,Isaac Albeniz com Franco Alfano,S/N,Morumbi,Av Juares Tavora,05710-050,Butantã,"Rua Isaac Albeniz com Franco Alfano, Morumbi","Rua Isaac Albeniz, Morumbi, São Paulo - SP, 05710-050",,,
6105-0,Sexta Feira,Tradicional,Rua,São Felix do Piaui,1057,Vila Carmosina,Tv R F Xavier Ant D Julia,08290-030,Itaquera,"Rua São Felix do Piaui, 1057, Vila Carmosina","Rua São Felix do Piaui, 1057, Vila Carmosina, São Paulo - SP, 08290-030",,,
6106-9,Sexta Feira,Tradicional,Rua,Silvio Cervellini,14,São Miguel,Prox.igreja Velha S.miguel,08011-240,São Miguel,"Rua Silvio Cervellini, 14, São Miguel","Rua Silvio Cervellini, 14, São Miguel, São Paulo - SP, 08011-240",,,
6107-7,Sexta Feira,Tradicional,Avenida,Flamingo,37,Vila Curuca Nova,Pt Final On Curuca Velha,08031-000,Itaim Paulista,"Avenida Flamingo, 37, Vila Curuca Nova","Avenida Flamingo, 37, Vila Curuca Nova, São Paulo - SP, 08031-000",,,
6108-5,Sexta Feira,Tradicional,Rua,Romildo Finozzi,21,Jardim Iva,Es Barreira Grande Altura 3120,03910-040,Aricanduva/Formosa/Carrão,"Rua Romildo Finozzi, 21, Jardim Iva","Rua Romildo Finozzi, 21, Jardim Iva, São Paulo - SP, 03910-040",,,
6111-5,Sexta Feira,Tradicional,Rua,Jose Luiz Monteiro,S/N,Jardim Imbuias,Muro da Eepb Madame Perillier,04829-240,Capela do Socorro,"Rua Jose Luiz Monteiro, Jardim Imbuias","Rua Jose Luiz Monteiro, Jardim Imbuias, São Paulo - SP, 04829-240",,,
6114-0,Sexta Feira,Tradicional,Rua,Jose Domingues de Pontes,5,Jardim Angela,Com Rua Fioravante Zampol,03986-100,Sapopemba,"Rua Jose Domingues de Pontes, 5, Jardim Angela","Rua Jose Domingues de Pontes, 5, Jardim Angela, São Paulo - SP, 03986-100",,,
6118-2,Sexta Feira,Tradicional,Rua,Eduardo Pereira Ramos,101,Jardim Niteroi,Mons Maggi e 14 Abril,04432-000,Cidade Ademar,"Rua Eduardo Pereira Ramos, 101, Jardim Niteroi","Rua Eduardo Pereira Ramos, 101, Jardim Niteroi, São Paulo - SP, 04432-000",,,
6122-0,Sexta Feira,Tradicional,Rua,Antonio Crespo,S/N,Cohab II,E Sabado D'angelo,08253-300,Itaquera,"Rua Antonio Crespo, Cohab II","Rua Antonio Crespo, Cohab II, São Paulo - SP, 08253-300",,,
6123-9,Sexta Feira,Tradicional,Rua,Tiburno,S/N,Vila Malvina,,05223-100,Perus,"Rua Tiburno, Vila Malvina","Rua Tiburno, Vila Malvina, São Paulo - SP, 05223-100",,,
6128-0,Sexta Feira,Tradicional,Avenida,Augusto Antunes,S/N,Vila Ramos,,08235-630,Itaquera,"Avenida Augusto Antunes, Vila Ramos","Avenida Augusto Antunes, Vila Ramos, São Paulo - SP, 08235-630",,,
6129-8,Sexta Feira,Tradicional,Praça,Haroldo Daltro,S/N,Vila Manchester,,03444-090,Aricanduva/Formosa/Carrão,"Praça Haroldo Daltro, Vila Manchester","Praça Haroldo Daltro, Vila Manchester, São Paulo - SP, 03444-090",,,
6138-7,Sexta Feira,Tradicional,Rua,Doutor Carmelo D'agostinho,S/N,Jardim Rincao,Estrada de Taipas,02991-040,Pirituba/Jaraguá,"Rua Doutor Carmelo D'agostinho, Jardim Rincao","Rua Doutor Carmelo D'agostinho, Jardim Rincao, São Paulo - SP, 02991-040",,,
6141-7,Sexta Feira,Tradicional,Travessa,Jornalista Otavio Muniz,S/N,Moema,Entre Ruas Tuim e Inhambu,04514-100,Vila Mariana,"Travessa Jornalista Otavio Muniz, Moema","Travessa Jornalista Otavio Muniz, Moema, São Paulo - SP, 04514-100",,,
6145-0,Sexta Feira,Noturna,Praça,Benedito Ramos Rodrigues,S/N,Jardim Belem,Ermelino Matarazzo,03809-170,Ermelino Matarazzo,"Praça Benedito Ramos Rodrigues, Jardim Belem","Praça Benedito Ramos Rodrigues, Jardim Belem, São Paulo - SP, 03809-170",,,
6151-4,Sexta Feira,Noturna,Rua,Antonio Bartolomeu,S/N,Vila Perus,,05204-200,Perus,"Rua Antonio Bartolomeu, Vila Perus","Rua Antonio Bartolomeu, Vila Perus, São Paulo - SP, 05204-200",,,
6155-7,Sexta Feira,Tradicional,Rua,Das Capitanias,S/N,Jardim Nove de Julho,Rua Doutor Paulo de Queiroz,03952-050,São Mateus,"Rua Das Capitanias, Jardim Nove de Julho","Rua Das Capitanias, Jardim Nove de Julho, São Paulo - SP, 03952-050",,,
6161-1,Sexta Feira,Tradicional,Rua,Frei Canisio,S/N,Vila Sofia,,04671-240,Santo Amaro,"Rua Frei Canisio, Vila Sofia","Rua Frei Canisio, Vila Sofia, São Paulo - SP, 04671-240",,,
6164-6,Sexta Feira,Tradicional,Rua,Caboquenas,S/N,Vila Mariana,Al Anapurus e Nhambiquaras,04090-010,Vila Mariana,"Rua Caboquenas, Vila Mariana","Rua Caboquenas, Vila Mariana, São Paulo - SP, 04090-010",,,
6165-4,Sexta Feira,Tradicional,Rua,Aracarana,S/N,Vila São Jose,,08140-400,Itaim Paulista,"Rua Aracarana, Vila São Jose","Rua Aracarana, Vila São Jose, São Paulo - SP, 08140-400",,,
6166-2,Sexta Feira,Tradicional,Rua,Dona Eloa do Valle Quadros,S/N,Cidade Tiradentes,,08485-130,Cidade Tiradentes,"Rua Dona Eloa do Valle Quadros, Cidade Tiradentes","Rua Dona Eloa do Valle Quadros, Cidade Tiradentes, São Paulo - SP, 08485-130",,,
6169-7,Sexta Feira,Tradicional,Rua,Alvaro da Costa,00S/N,Jardim São Paulo,Guaianazes,08461-420,Guaianases,"Rua Alvaro da Costa, 00S/N, Jardim São Paulo","Rua Alvaro da Costa, 00S/N, Jardim São Paulo, São Paulo - SP, 08461-420",,,
6170-0,Sexta Feira,Tradicional,Rua,Serra do Cachimbo,00S/N,Jardim Vitoria,Pirituba,02976-250,Pirituba/Jaraguá,"Rua Serra do Cachimbo, 00S/N, Jardim Vitoria","Rua Serra do Cachimbo, 00S/N, Jardim Vitoria, São Paulo - SP, 02976-250",,,
6171-9,Sexta Feira,Tradicional,Avenida,Doutor Salvador Rocco,S/N,Parque Fernanda,,05888-050,Campo Limpo,"Avenida Doutor Salvador Rocco, Parque Fernanda","Avenida Doutor Salvador Rocco, Parque Fernanda, São Paulo - SP, 05888-050",,,
6172-7,Sexta Feira,Noturna,Rua,Serra Verde,S/N,Vila Silvia,Conjunto Hab-vila Silvia,03821-230,Penha,"Rua Serra Verde, Vila Silvia","Rua Serra Verde, Vila Silvia, São Paulo - SP, 03821-230",,,
6173-5,Sexta Feira,Tradicional,Rua,Manoel Bacelar,S/N,Jardim Helian,Rua Confissao,08265-120,Itaquera,"Rua Manoel Bacelar, Jardim Helian","Rua Manoel Bacelar, Jardim Helian, São Paulo - SP, 08265-120",,,
6174-3,Sexta Feira,Tradicional,Rua,Conceicao de Monte Alegre,S/N,Cidade Moncoes,Altura do N Ciquenta e Quatro,04563-060,Pinheiros,"Rua Conceicao de Monte Alegre, Cidade Moncoes","Rua Conceicao de Monte Alegre, Cidade Moncoes, São Paulo - SP, 04563-060",,,
6176-0,Sexta Feira,Tradicional,Praça,Do Rosario,S/N,Penha de Franca,,03634-020,Penha,"Praça Do Rosario, Penha de Franca","Praça Do Rosario, Penha de Franca, São Paulo - SP, 03634-020",,,
6203-0,Sexta Feira,Tradicional,Praça,Dilva Gomes,S/N,Penha,Pc.dilva Gomes-pc.do Morcegao,03590-080,Penha,"Praça Dilva Gomes, Penha","Praça Dilva Gomes, Penha, São Paulo - SP, 03590-080",,,
6350-9,Sexta Feira,Tradicional,Rua,Engenheiro Luiz Gomes C Sangirardi,S/N,Aclimacao,,04112-080,Vila Mariana,"Rua Engenheiro Luiz Gomes C Sangirardi, Aclimacao","Rua Engenheiro Luiz Gomes C Sangirardi, Aclimacao, São Paulo - SP, 04112-080",,,
6360-6,Sexta Feira,Tradicional,Avenida,Professor Alceu Maynard Araujo,S/N,Varzea de Baixo,,04726-160,Santo Amaro,"Avenida Professor Alceu Maynard Araujo, Varzea de Baixo","Avenida Professor Alceu Maynard Araujo, Varzea de Baixo, São Paulo - SP, 04726-160",,,
6370-3,Sexta Feira,Tradicional,Praça,Gomes Figueiredo,S/N,Vila Maria,Rua Vianopolis,02131-000,Vila Maria/Vila Guilherme,"Praça Gomes Figueiredo, Vila Maria","Praça Gomes Figueiredo, Vila Maria, São Paulo - SP, 02131-000",,,
6380-0,Sexta Feira,Tradicional,Rua,Jose Pizza,S/N,Parada de Taipas,,02815-010,Pirituba/Jaraguá,"Rua Jose Pizza, Parada de Taipas","Rua Jose Pizza, Parada de Taipas, São Paulo - SP, 02815-010",,,
6390-8,Sexta Feira,Tradicional,Praça,Danilo Jose Fernandes,S/N,Penha,Penha,03608-010,Penha,"Praça Danilo Jose Fernandes, Penha","Praça Danilo Jose Fernandes, Penha, São Paulo - SP, 03608-010",,,
6400-9,Sexta Feira,Tradicional,Rua,Jose Pereira Falcao,S/N,Jardim Marisa,,05108-100,Pirituba/Jaraguá,"Rua Jose Pereira Falcao, Jardim Marisa","Rua Jose Pereira Falcao, Jardim Marisa, São Paulo - SP, 05108-100",,,
6401-7,Sexta Feira,Tradicional,Rua,Morro do Frade,S/N,Jardim da Conquista,,0,Sapopemba,"Rua Morro do Frade, Jardim da Conquista","Rua Morro do Frade, Jardim da Conquista, São Paulo - SP",,,
6402-5,Sexta Feira,Orgânica,Praça,Ciro Pontes,S/N,Mooca,,03166-030,Mooca,"Praça Ciro Pontes, Mooca","Praça Ciro Pontes, Mooca, São Paulo - SP, 03166-030",,,
6711-3,Sexta Feira,Noturna,Rua,Benjamim Pereira,S/N,Jacana,,02274-001,Jaçanã/Tremembé,"Rua Benjamim Pereira, Jacana","Rua Benjamim Pereira, Jacana, São Paulo - SP, 02274-001",,,
6755-5,Sexta Feira,Tradicional,Largo,São Jose do Belem,S/N,Belenzinho,,03057-040,Mooca,"Largo São Jose do Belem, Belenzinho","Largo São Jose do Belem, Belenzinho, São Paulo - SP, 03057-040",,,
6797-0,Sexta Feira,Noturna,Praça,Torquato Plaza,S/N,Vila Grimaldi,,03271-050,Sapopemba,"Praça Torquato Plaza, Vila Grimaldi","Praça Torquato Plaza, Vila Grimaldi, São Paulo - SP, 03271-050",,,
6881-0,Sexta Feira,Noturna,Rua,Itamira,351,Vila Andrade,,05716-080,Campo Limpo,"Rua Itamira, 351, Vila Andrade","Rua Itamira, 351, Vila Andrade, São Paulo - SP, 05716-080",,,
6892-6,Sexta Feira,Tradicional,Rua,Rua Bruno Bertucci,31,Freguesia do o,,02712-110,Freguesia/Brasilândia,"Rua Rua Bruno Bertucci, 31, Freguesia do o","Rua Rua Bruno Bertucci, 31, Freguesia do o, São Paulo - SP, 02712-110",,,
7001-7,Sábado,Tradicional,Rua,Apace,372,Jabaquara,Tv Engenheiro George Corbisier,04347-110,Jabaquara,"Rua Apace, 372, Jabaquara","Rua Apace, 372, Jabaquara, São Paulo - SP, 04347-110",,,
7002-5,Sábado,Tradicional,Rua,Loureiro da Cruz com Urano,1,Aclimacao,Tv Rua Pires da Mota,01529-020,Sé,"Rua Loureiro da Cruz com Urano, 1, Aclimacao","Rua Loureiro da Cruz, 1, Aclimacao, São Paulo - SP, 01529-020",,,
7003-3,Sábado,Tradicional,Rua,Mendes Goncalves,82,Pari,Tv Rua Silva Telles,03027-010,Mooca,"Rua Mendes Goncalves, 82, Pari","Rua Mendes Goncalves, 82, Pari, São Paulo - SP, 03027-010",,,
7004-1,Sábado,Tradicional,Rua,Adolfo Gordo,29,Barra Funda,Tv Alameda Eduardo Prado,01217-020,Sé,"Rua Adolfo Gordo, 29, Barra Funda","Rua Adolfo Gordo, 29, Barra Funda, São Paulo - SP, 01217-020",,,
7005-0,Sábado,Tradicional,Rua,Jaragua,S/N,Bom Retiro,Esq C/ Neves de Carvalho,01129-000,Sé,"Rua Jaragua, Bom Retiro","Rua Jaragua, Bom Retiro, São Paulo - SP, 01129-000",,,
7006-8,Sábado,Tradicional,Rua,Franca Pinto,S/N,Vila Mariana,Proximo Instituto Biologico,04016-035,Vila Mariana,"Rua Franca Pinto, Vila Mariana","Rua Franca Pinto, Vila Mariana, São Paulo - SP, 04016-035",,,
7007-6,Sábado,Tradicional,Rua,Tabajaras,S/N,Mooca,Tv Rua Esequiel Ramos,03121-010,Mooca,"Rua Tabajaras, Mooca","Rua Tabajaras, Mooca, São Paulo - SP, 03121-010",,,
7008-4,Sábado,Tradicional,Rua,Helade,S/N,Vila Santa Catarina,Albuquerque Munis e Santa Catari,04634-000,Santo Amaro,"Rua Helade, Vila Santa Catarina","Rua Helade, Vila Santa Catarina, São Paulo - SP, 04634-000",,,
7009-2,Sábado,Tradicional,Rua,Valentim Magalhaes,300,Vila Leste,Tv Rua do Oratorio,03184-090,Mooca,"Rua Valentim Magalhaes, 300, Vila Leste","Rua Valentim Magalhaes, 300, Vila Leste, São Paulo - SP, 03184-090",,,
7010-6,Sábado,Tradicional,Rua,Serra de Jaire,S/N,Alto da Mooca,Paralela Av Alvaro Ramos,03175-001,Mooca,"Rua Serra de Jaire, Alto da Mooca","Rua Serra de Jaire, Alto da Mooca, São Paulo - SP, 03175-001",,,
7011-4,Sábado,Tradicional,Rua,Engenheiro Reinaldo Cajado,215,Belenzinho,Tv Rua Irma Carolina,03061-030,Mooca,"Rua Engenheiro Reinaldo Cajado, 215, Belenzinho","Rua Engenheiro Reinaldo Cajado, 215, Belenzinho, São Paulo - SP, 03061-030",,,
7012-2,Sábado,Tradicional,Rua,Marieta da Silva,112,Vila Guilherme,Tv Rua Chico Pontes,02066-031,Vila Maria/Vila Guilherme,"Rua Marieta da Silva, 112, Vila Guilherme","Rua Marieta da Silva, 112, Vila Guilherme, São Paulo - SP, 02066-031",,,
7013-0,Sábado,Tradicional,Rua,Araritaguaba,454,Vila Maria Baixa,Av Guilherme Cotching,02122-010,Vila Maria/Vila Guilherme,"Rua Araritaguaba, 454, Vila Maria Baixa","Rua Araritaguaba, 454, Vila Maria Baixa, São Paulo - SP, 02122-010",,,
7015-7,Sábado,Tradicional,Rua,São Luis do Paraitinga,24,Vila Zelina,Com Rua Poa,03152-070,Vila Prudente,"Rua São Luis do Paraitinga, 24, Vila Zelina","Rua São Luis do Paraitinga, 24, Vila Zelina, São Paulo - SP, 03152-070",,,
7016-5,Sábado,Tradicional,Rua,Bonifacio de Abreu,S/N,Pq Jabaquara,Proximo Av Pedro Bueno,04358-120,Santo Amaro,"Rua Bonifacio de Abreu, Pq Jabaquara","Rua Bonifacio de Abreu, Pq Jabaquara, São Paulo - SP, 04358-120",,,
7017-3,Sábado,Tradicional,Rua,São Marum,520,Itaim Bibi,Av Henrique Chamma e Jusc Kubi,04543-017,Pinheiros,"Rua São Marum, 520, Itaim Bibi","Rua São Marum, 520, Itaim Bibi, São Paulo - SP, 04543-017",,,
7018-1,Sábado,Tradicional,Rua,Mourato Coelho,S/N,Vila Madalena,Tv Rua Fradique Coutinho,05417-002,Pinheiros,"Rua Mourato Coelho, Vila Madalena","Rua Mourato Coelho, Vila Madalena, São Paulo - SP, 05417-002",,,
7019-0,Sábado,Tradicional,Rua,Barao do Bananal C Coari,1865,Vila Pompeia,Proximo Hospital São Camilo,05024-000,Lapa,"Rua Barao do Bananal C Coari, 1865, Vila Pompeia","Rua Barao do Bananal C Coari, 1865, Vila Pompeia, São Paulo - SP, 05024-000",,,
7020-3,Sábado,Tradicional,Rua,Francisca Biriba,S/N,Imirim,Tv Av Imirim,02451-040,Santana/Tucuruvi,"Rua Francisca Biriba, Imirim","Rua Francisca Biriba, Imirim, São Paulo - SP, 02451-040",,,
7021-1,Sábado,Tradicional,Rua,Pedro Ribeiro,S/N,Santana,E Rua Viri,02046-001,Santana/Tucuruvi,"Rua Pedro Ribeiro, Santana","Rua Pedro Ribeiro, Santana, São Paulo - SP, 02046-001",,,
7022-0,Sábado,Tradicional,Rua,Santa Fe do Sul,288,Vila Maria,Praca Marcelino Machado,02133-010,Vila Maria/Vila Guilherme,"Rua Santa Fe do Sul, 288, Vila Maria","Rua Santa Fe do Sul, 288, Vila Maria, São Paulo - SP, 02133-010",,,
7023-8,Sábado,Tradicional,Rua,Americo Samarone,327,Sacoma,Tv Rua Regino Aragao,04284-000,Ipiranga,"Rua Americo Samarone, 327, Sacoma","Rua Americo Samarone, 327, Sacoma, São Paulo - SP, 04284-000",,,
7024-6,Sábado,Tradicional,Rua,Divinopolis com Nossa da Saude,234,Vila Moraes,Tv Av Cursino,04158-000,Ipiranga,"Rua Divinopolis com Nossa da Saude, 234, Vila Moraes","Rua Divinopolis, 234, Vila Moraes, São Paulo - SP, 04158-000",,,
7025-4,Sábado,Tradicional,Avenida,Diederichsen,45,Vila Guarani,Estacao Conceicao do Metro,04310-000,Jabaquara,"Avenida Diederichsen, 45, Vila Guarani","Avenida Diederichsen, 45, Vila Guarani, São Paulo - SP, 04310-000",,,
7026-2,Sábado,Tradicional,Rua,Ladislau Roman,S/N,Caxingui,Tupinamba e Haroldo Gurgel,05515-030,Butantã,"Rua Ladislau Roman, Caxingui","Rua Ladislau Roman, Caxingui, São Paulo - SP, 05515-030",,,
7028-9,Sábado,Tradicional,Rua,Santa Cruz de La Sierra,1,Pirituba,Rua Luiz Carneiro 146,02937-080,Pirituba/Jaraguá,"Rua Santa Cruz de La Sierra, 1, Pirituba","Rua Santa Cruz de La Sierra, 1, Pirituba, São Paulo - SP, 02937-080",,,
7029-7,Sábado,Tradicional,Rua,Adutora do Rio Claro,307,Sapopemba,Vila Belem e Vila Prudente,03374-050,Sapopemba,"Rua Adutora do Rio Claro, 307, Sapopemba","Rua Adutora do Rio Claro, 307, Sapopemba, São Paulo - SP, 03374-050",,,
7030-0,Sábado,Tradicional,Rua,Areiao,51,Tatuape,Rua Antonio de Barros,03410-020,Aricanduva/Formosa/Carrão,"Rua Areiao, 51, Tatuape","Rua Areiao, 51, Tatuape, São Paulo - SP, 03410-020",,,
7031-9,Sábado,Tradicional,Rua,General Socrates,32,Penha,Rua Aracatins Cirilo Abreu,03632-040,Penha,"Rua General Socrates, 32, Penha","Rua General Socrates, 32, Penha, São Paulo - SP, 03632-040",,,
7032-7,Sábado,Tradicional,Rua,Eneas de Barros,425,Vila Santana,Av Amador Bueno da Veiga,03613-000,Penha,"Rua Eneas de Barros, 425, Vila Santana","Rua Eneas de Barros, 425, Vila Santana, São Paulo - SP, 03613-000",,,
7033-5,Sábado,Tradicional,Avenida,Melchert,1515,Vila Matilde,Rua Dona Matilde,03508-000,Penha,"Avenida Melchert, 1515, Vila Matilde","Avenida Melchert, 1515, Vila Matilde, São Paulo - SP, 03508-000",,,
7034-3,Sábado,Tradicional,Rua,Juarana com do Canavial,45,Vila Nova Cachoeirinha,Tv Av Imirim,02612-150,Casa Verde/Cachoeirinha,"Rua Juarana com do Canavial, 45, Vila Nova Cachoeirinha","Rua Juarana, 45, Vila Nova Cachoeirinha, São Paulo - SP, 02612-150",,,
7035-1,Sábado,Tradicional,Rua,Dos Sitiantes,360,Limao,Tv Av Itaberaba Altura do 1686,02737-000,Freguesia/Brasilândia,"Rua Dos Sitiantes, 360, Limao","Rua Dos Sitiantes, 360, Limao, São Paulo - SP, 02737-000",,,
7036-0,Sábado,Tradicional,Rua,Almeida Merces,S/N,Tremembe,Tv Av Maria a Lopes de Azevedo,02372-010,Jaçanã/Tremembé,"Rua Almeida Merces, Tremembe","Rua Almeida Merces, Tremembe, São Paulo - SP, 02372-010",,,
7037-8,Sábado,Tradicional,Rua,Cachoeira Paulista,80,Cidade Patriarca,Rua Porto da Folha,03551-000,Penha,"Rua Cachoeira Paulista, 80, Cidade Patriarca","Rua Cachoeira Paulista, 80, Cidade Patriarca, São Paulo - SP, 03551-000",,,
7038-6,Sábado,Tradicional,Rua,Francisco Munhoz Filho,501,Cidade Lider,Paralela a Av Lider,08280-000,Itaquera,"Rua Francisco Munhoz Filho, 501, Cidade Lider","Rua Francisco Munhoz Filho, 501, Cidade Lider, São Paulo - SP, 08280-000",,,
7039-4,Sábado,Tradicional,Rua,Francisca de Paula,278,Vila Carrao,Tv Rua 19 de Janeiro,03436-000,Aricanduva/Formosa/Carrão,"Rua Francisca de Paula, 278, Vila Carrao","Rua Francisca de Paula, 278, Vila Carrao, São Paulo - SP, 03436-000",,,
7040-8,Sábado,Tradicional,Rua,Dona Leopoldina,243,Vila Nair,Ultima Travessa da Av.nazareth,04278-040,Ipiranga,"Rua Dona Leopoldina, 243, Vila Nair","Rua Dona Leopoldina, 243, Vila Nair, São Paulo - SP, 04278-040",,,
7041-6,Sábado,Tradicional,Avenida,Morais Costa,1050,Vila Reunidas,Tv Es Oratorio,03253-000,Vila Prudente,"Avenida Morais Costa, 1050, Vila Reunidas","Avenida Morais Costa, 1050, Vila Reunidas, São Paulo - SP, 03253-000",,,
7042-4,Sábado,Tradicional,Rua,Engenheiro Tomas Whately,250,Santo Amaro,Professor Delgado e Jacomim,04742-130,Santo Amaro,"Rua Engenheiro Tomas Whately, 250, Santo Amaro","Rua Engenheiro Tomas Whately, 250, Santo Amaro, São Paulo - SP, 04742-130",,,
7043-2,Sábado,Tradicional,Avenida,Antonio Manograsso,234,Vila Formosa,Tv da Av Joao XXIII,03379-000,Aricanduva/Formosa/Carrão,"Avenida Antonio Manograsso, 234, Vila Formosa","Avenida Antonio Manograsso, 234, Vila Formosa, São Paulo - SP, 03379-000",,,
7044-0,Sábado,Tradicional,Rua,Doutor Jose de Queiros Matoso,719,Vila Goncalves,Com a Rua Sete Barras,02927-090,Freguesia/Brasilândia,"Rua Doutor Jose de Queiros Matoso, 719, Vila Goncalves","Rua Doutor Jose de Queiros Matoso, 719, Vila Goncalves, São Paulo - SP, 02927-090",,,
7045-9,Sábado,Tradicional,Rua,Paulino de Brito,770,Jardim Brasil,Av.jardim Japao,02223-010,Vila Maria/Vila Guilherme,"Rua Paulino de Brito, 770, Jardim Brasil","Rua Paulino de Brito, 770, Jardim Brasil, São Paulo - SP, 02223-010",,,
7046-7,Sábado,Tradicional,Rua,Sebastiao de Freitas,246,Vila Constanca,Av.guapira ALT.1800,02256-010,Santana/Tucuruvi,"Rua Sebastiao de Freitas, 246, Vila Constanca","Rua Sebastiao de Freitas, 246, Vila Constanca, São Paulo - SP, 02256-010",,,
7047-5,Sábado,Tradicional,Alameda,Sub Tenente Francisco Hierro,351,Pq Novo Mundo,Sebastiao Garcia,02187-040,Vila Maria/Vila Guilherme,"Alameda Sub Tenente Francisco Hierro, 351, Pq Novo Mundo","Alameda Sub Tenente Francisco Hierro, 351, Pq Novo Mundo, São Paulo - SP, 02187-040",,,
7048-3,Sábado,Tradicional,Avenida,Jose Maria Witaker,S/N,Vila Clementino,Entre Sena Madureira,04057-000,Vila Mariana,"Avenida Jose Maria Witaker, Vila Clementino","Avenida Jose Maria Witaker, Vila Clementino, São Paulo - SP, 04057-000",,,
7049-1,Sábado,Tradicional,Rua,Francisco Barreto,100,Jardim Primavera,Jardim Primavera,04812-140,Capela do Socorro,"Rua Francisco Barreto, 100, Jardim Primavera","Rua Francisco Barreto, 100, Jardim Primavera, São Paulo - SP, 04812-140",,,
7050-5,Sábado,Tradicional,Rua,Tales de Mileto,392,Cidade a e Carvalho,Av Aguia de Haia,03693-020,Penha,"Rua Tales de Mileto, 392, Cidade a e Carvalho","Rua Tales de Mileto, 392, Cidade a e Carvalho, São Paulo - SP, 03693-020",,,
7051-3,Sábado,Tradicional,Rua,Albino de Moraes,19,Vila Carioca,Av.juntas Provisorias,04223-120,Ipiranga,"Rua Albino de Moraes, 19, Vila Carioca","Rua Albino de Moraes, 19, Vila Carioca, São Paulo - SP, 04223-120",,,
7052-1,Sábado,Tradicional,Rua,Ibiajara,478,Parada XV Novembro,Frente Es 15 de Novembro,08246-101,Itaquera,"Rua Ibiajara, 478, Parada XV Novembro","Rua Ibiajara, 478, Parada XV Novembro, São Paulo - SP, 08246-101",,,
7053-0,Sábado,Tradicional,Rua,Caraipe das Aguas,177,Jardim dos Ipes,Trav.av.marechal Tito,08161-360,Itaim Paulista,"Rua Caraipe das Aguas, 177, Jardim dos Ipes","Rua Caraipe das Aguas, 177, Jardim dos Ipes, São Paulo - SP, 08161-360",,,
7054-8,Sábado,Tradicional,Rua,Cruz de Malta,312,Rodrigues Alves,Rua Elvira de Bortole,02248-000,Santana/Tucuruvi,"Rua Cruz de Malta, 312, Rodrigues Alves","Rua Cruz de Malta, 312, Rodrigues Alves, São Paulo - SP, 02248-000",,,
7055-6,Sábado,Tradicional,Rua,Dona Maria Custodia,S/N,Lauzane Paulista,Av Caetano Alvares,02460-070,Santana/Tucuruvi,"Rua Dona Maria Custodia, Lauzane Paulista","Rua Dona Maria Custodia, Lauzane Paulista, São Paulo - SP, 02460-070",,,
7056-4,Sábado,Tradicional,Rua,Dom Pedro I,S/N,Vila Invernada,Tv Rua Capitao Lorena,03351-125,Mooca,"Rua Dom Pedro I, Vila Invernada","Rua Dom Pedro I, Vila Invernada, São Paulo - SP, 03351-125",,,
7057-2,Sábado,Tradicional,Rua,Joao Jose de Queiroz,595,São Francisco,Es Velha Mogi das Cruzes 2632,03679-000,Ermelino Matarazzo,"Rua Joao Jose de Queiroz, 595, São Francisco","Rua Joao Jose de Queiroz, 595, São Francisco, São Paulo - SP, 03679-000",,,
7058-0,Sábado,Tradicional,Praça,Salvador Tolezano,S/N,Lauzane Paulista,Policarpo Vioti e Jose Botelho,02422-160,Santana/Tucuruvi,"Praça Salvador Tolezano, Lauzane Paulista","Praça Salvador Tolezano, Lauzane Paulista, São Paulo - SP, 02422-160",,,
7059-9,Sábado,Tradicional,Avenida,Dom Azeredo Coutinho,S/N,Jardim Vila Formosa,Tv Rua Carneiro Ribeiro,03470-030,Aricanduva/Formosa/Carrão,"Avenida Dom Azeredo Coutinho, Jardim Vila Formosa","Avenida Dom Azeredo Coutinho, Jardim Vila Formosa, São Paulo - SP, 03470-030",,,
7060-2,Sábado,Tradicional,Rua,Maria Nazaro da Silva,224,Vila Brasilandia,Praca Santa Clara de Assis,02809-060,Freguesia/Brasilândia,"Rua Maria Nazaro da Silva, 224, Vila Brasilandia","Rua Maria Nazaro da Silva, 224, Vila Brasilandia, São Paulo - SP, 02809-060",,,
7061-0,Sábado,Tradicional,Rua,Povoado do Rio Novo,15,Vila Mirante,Tv Av Miguel de Castro 1779,02956-020,Pirituba/Jaraguá,"Rua Povoado do Rio Novo, 15, Vila Mirante","Rua Povoado do Rio Novo, 15, Vila Mirante, São Paulo - SP, 02956-020",,,
7062-9,Sábado,Tradicional,Praça,Charles Muller,S/N,Pacaembu,Estadio Mun. P.m.carvalho,01234-010,Sé,"Praça Charles Muller, Pacaembu","Praça Charles Muller, Pacaembu, São Paulo - SP, 01234-010",,,
7063-7,Sábado,Tradicional,Rua,Augusto Farina,S/N,Jardim Pinheiros,Rodovia Raposo Tavares Km 13,05594-000,Butantã,"Rua Augusto Farina, Jardim Pinheiros","Rua Augusto Farina, Jardim Pinheiros, São Paulo - SP, 05594-000",,,
7064-5,Sábado,Tradicional,Rua,Jurubim,10,Pirituba,Avenida Mutinga,05170-100,Pirituba/Jaraguá,"Rua Jurubim, 10, Pirituba","Rua Jurubim, 10, Pirituba, São Paulo - SP, 05170-100",,,
7065-3,Sábado,Tradicional,Rua,Jose Ataliba Ortiz,32,Vila Mangalot,Igreja do Mangalot,05131-000,Pirituba/Jaraguá,"Rua Jose Ataliba Ortiz, 32, Vila Mangalot","Rua Jose Ataliba Ortiz, 32, Vila Mangalot, São Paulo - SP, 05131-000",,,
7066-1,Sábado,Tradicional,Rua,Joao do Canto e Melo,671,Pq São Rafael,Tv Av Baroneza de Muritiba,08311-280,São Mateus,"Rua Joao do Canto e Melo, 671, Pq São Rafael","Rua Joao do Canto e Melo, 671, Pq São Rafael, São Paulo - SP, 08311-280",,,
7067-0,Sábado,Tradicional,Rua,Diogo Jacome,291,Ibirapuera,Proximo Av Republica do Libano,04512-000,Vila Mariana,"Rua Diogo Jacome, 291, Ibirapuera","Rua Diogo Jacome, 291, Ibirapuera, São Paulo - SP, 04512-000",,,
7068-8,Sábado,Tradicional,Rua,Fruto do Paraiso,12,Jardim Santana,Perto do Supermercado Trigao,08050-050,São Miguel,"Rua Fruto do Paraiso, 12, Jardim Santana","Rua Fruto do Paraiso, 12, Jardim Santana, São Paulo - SP, 08050-050",,,
7069-6,Sábado,Tradicional,Rua,Helcio da Silva,10,Vila Brasilandia,Proximo Rua Santa Terezinha,02854-060,Freguesia/Brasilândia,"Rua Helcio da Silva, 10, Vila Brasilandia","Rua Helcio da Silva, 10, Vila Brasilandia, São Paulo - SP, 02854-060",,,
7070-0,Sábado,Tradicional,Rua,Antonio Vaz,S/N,Jardim Vergueiro,Tv Es Guarapiranga,05818-240,M'Boi Mirim,"Rua Antonio Vaz, Jardim Vergueiro","Rua Antonio Vaz, Jardim Vergueiro, São Paulo - SP, 05818-240",,,
7071-8,Sábado,Tradicional,Avenida,Claudio Franchi,49,Butanta,Av Professor Francisco Morato,05633-000,Butantã,"Avenida Claudio Franchi, 49, Butanta","Avenida Claudio Franchi, 49, Butanta, São Paulo - SP, 05633-000",,,
7072-6,Sábado,Tradicional,Rua,Bela Vista,602,Vila Uniao,Tv Doutor Jose a Bustamante,04709-001,Santo Amaro,"Rua Bela Vista, 602, Vila Uniao","Rua Bela Vista, 602, Vila Uniao, São Paulo - SP, 04709-001",,,
7073-4,Sábado,Tradicional,Rua,Otavio Tarquinio de Souza,1319,Piraquara,Gil Eanes e Barao do Triunfo,04613-002,Santo Amaro,"Rua Otavio Tarquinio de Souza, 1319, Piraquara","Rua Otavio Tarquinio de Souza, 1319, Piraquara, São Paulo - SP, 04613-002",,,
7074-2,Sábado,Tradicional,Rua,Joaquim Neves Monteiro,228,Santo Amaro,Tv Av Nossa Senhora do Sabara,04456-205,Santo Amaro,"Rua Joaquim Neves Monteiro, 228, Santo Amaro","Rua Joaquim Neves Monteiro, 228, Santo Amaro, São Paulo - SP, 04456-205",,,
7075-0,Sábado,Tradicional,Avenida,Carlos Obheruber,325,Santo Amaro,Estrada do Paralheiros,04836-130,Capela do Socorro,"Avenida Carlos Obheruber, 325, Santo Amaro","Avenida Carlos Obheruber, 325, Santo Amaro, São Paulo - SP, 04836-130",,,
7076-9,Sábado,Tradicional,Rua,Bernardino Estazione,S/N,Vila das Belezas,Tv Es de Itapecerica da Serra,05840-030,M'Boi Mirim,"Rua Bernardino Estazione, Vila das Belezas","Rua Bernardino Estazione, Vila das Belezas, São Paulo - SP, 05840-030",,,
7077-7,Sábado,Tradicional,Avenida,Berna,228,Vila Friburgo,N. 1234 Es do Rio Bonito,04774-020,Capela do Socorro,"Avenida Berna, 228, Vila Friburgo","Avenida Berna, 228, Vila Friburgo, São Paulo - SP, 04774-020",,,
7078-5,Sábado,Tradicional,Rua,Doutor Virgilio Alvin Franco,10,Jardim D Abril,Rv Raposo Tavares Km 16,05399-130,Butantã,"Rua Doutor Virgilio Alvin Franco, 10, Jardim D Abril","Rua Doutor Virgilio Alvin Franco, 10, Jardim D Abril, São Paulo - SP, 05399-130",,,
7079-3,Sábado,Tradicional,Rua,Doutor Eugenio Egas,250,Jardim Climax,Praca Eduardo Costa Manso,04177-410,Ipiranga,"Rua Doutor Eugenio Egas, 250, Jardim Climax","Rua Doutor Eugenio Egas, 250, Jardim Climax, São Paulo - SP, 04177-410",,,
7081-5,Sábado,Tradicional,Rua,São Caetano do Sul,518,Grajau,Conjunto Residencial Faria Lima,04840-230,Capela do Socorro,"Rua São Caetano do Sul, 518, Grajau","Rua São Caetano do Sul, 518, Grajau, São Paulo - SP, 04840-230",,,
7082-3,Sábado,Tradicional,Rua,Jose Alves da Cunha Lima,S/N,Rio Pequeno,Tv Av Corifeu de a Marques,05360-050,Butantã,"Rua Jose Alves da Cunha Lima, Rio Pequeno","Rua Jose Alves da Cunha Lima, Rio Pequeno, São Paulo - SP, 05360-050",,,
7083-1,Sábado,Tradicional,Rua,Diogo Garcia,283,Jardim Planalto,Rua Antonio a Ferreira e F M P,08370-030,São Mateus,"Rua Diogo Garcia, 283, Jardim Planalto","Rua Diogo Garcia, 283, Jardim Planalto, São Paulo - SP, 08370-030",,,
7084-0,Sábado,Tradicional,Rua,Monsenhor Salim,4,Jardim das Oliveiras,Pt Final On Jardim Oliveiras,08111-180,Itaim Paulista,"Rua Monsenhor Salim, 4, Jardim das Oliveiras","Rua Monsenhor Salim, 4, Jardim das Oliveiras, São Paulo - SP, 08111-180",,,
7085-8,Sábado,Tradicional,Rua,Antonio Viegas de Ataide,S/N,Jardim Maria Sampaio,Tv Rua Marechal Joao Carlos Barreto,05790-120,Campo Limpo,"Rua Antonio Viegas de Ataide, Jardim Maria Sampaio","Rua Antonio Viegas de Ataide, Jardim Maria Sampaio, São Paulo - SP, 05790-120",,,
7087-4,Sábado,Tradicional,Rua,Professor Brito Machado,196,Vila Mastrocola,Vila Mastrocola,08215-000,Itaquera,"Rua Professor Brito Machado, 196, Vila Mastrocola","Rua Professor Brito Machado, 196, Vila Mastrocola, São Paulo - SP, 08215-000",,,
7088-2,Sábado,Tradicional,Rua,Maria Francisca do Nascimento,12,Vila Cruzeiro,Tv Es Barreira Grande,03386-110,Aricanduva/Formosa/Carrão,"Rua Maria Francisca do Nascimento, 12, Vila Cruzeiro","Rua Maria Francisca do Nascimento, 12, Vila Cruzeiro, São Paulo - SP, 03386-110",,,
7089-0,Sábado,Tradicional,Rua,Adelino de Almeida Castilho,782,Tatuape,Manoel Avila e Ariana,03073-050,Mooca,"Rua Adelino de Almeida Castilho, 782, Tatuape","Rua Adelino de Almeida Castilho, 782, Tatuape, São Paulo - SP, 03073-050",,,
7090-4,Sábado,Tradicional,Rua,Jose Joaquim,253,Jardim Grimaldi,Proximo Largo do Jardim Grimaldi,03272-000,Sapopemba,"Rua Jose Joaquim, 253, Jardim Grimaldi","Rua Jose Joaquim, 253, Jardim Grimaldi, São Paulo - SP, 03272-000",,,
7091-2,Sábado,Tradicional,Rua,Engenheiro Jose Bueno Bicalho,11,Jardim Tropical,Igreja N.s.dos Merces,04176-260,Ipiranga,"Rua Engenheiro Jose Bueno Bicalho, 11, Jardim Tropical","Rua Engenheiro Jose Bueno Bicalho, 11, Jardim Tropical, São Paulo - SP, 04176-260",,,
7092-0,Sábado,Tradicional,Rua,Herison,S/N,Lauzane Paulista,Tv Av Par Pinto Lauz Paulista,02442-040,Santana/Tucuruvi,"Rua Herison, Lauzane Paulista","Rua Herison, Lauzane Paulista, São Paulo - SP, 02442-040",,,
7098-0,Sábado,Tradicional,Rua,Antonio de Siqueira,330,Pq Cruzeiro do Sul,Perto E.m.p.g.pres.e.pessoa,08070-190,São Miguel,"Rua Antonio de Siqueira, 330, Pq Cruzeiro do Sul","Rua Antonio de Siqueira, 330, Pq Cruzeiro do Sul, São Paulo - SP, 08070-190",,,
7100-5,Sábado,Tradicional,Rua,Duarte Teixeira Chaves,S/N,Jardim Santo Andre,Tv Rua Ferreira de Melo,08390-410,São Mateus,"Rua Duarte Teixeira Chaves, Jardim Santo Andre","Rua Duarte Teixeira Chaves, Jardim Santo Andre, São Paulo - SP, 08390-410",,,
7102-1,Sábado,Tradicional,Rua,Laudelino Vieira de Campos,146,Jardim da Felicidade,Av Raimundo P Magalhaes,05143-020,Pirituba/Jaraguá,"Rua Laudelino Vieira de Campos, 146, Jardim da Felicidade","Rua Laudelino Vieira de Campos, 146, Jardim da Felicidade, São Paulo - SP, 05143-020",,,
7103-0,Sábado,Tradicional,Rua,Joaquim Miguel Dutra,237,Jardim Celia,Tv Estrada do Lageado 5600,08430-450,Guaianases,"Rua Joaquim Miguel Dutra, 237, Jardim Celia","Rua Joaquim Miguel Dutra, 237, Jardim Celia, São Paulo - SP, 08430-450",,,
7104-8,Sábado,Tradicional,Rua,Doutor Paulo Ribeiro Coelho,S/N,Jardim Antonia,R Maria R Balbino/otavio Prosa,05374-000,Butantã,"Rua Doutor Paulo Ribeiro Coelho, Jardim Antonia","Rua Doutor Paulo Ribeiro Coelho, Jardim Antonia, São Paulo - SP, 05374-000",,,
7106-4,Sábado,Tradicional,Rua,Pde Francisco de Toledo,S/N,Itaquera Cohab I,Inicio Av Lider Cohab Itaquera,03590-000,Penha,"Rua Pde Francisco de Toledo, Itaquera Cohab I","Rua Pde Francisco de Toledo, Itaquera Cohab I, São Paulo - SP, 03590-000",,,
7107-2,Sábado,Tradicional,Rua,Juca de Azevedo,33,Jardim Marajoara,Jose Neves e Eduardo Amigo,04654-015,Cidade Ademar,"Rua Juca de Azevedo, 33, Jardim Marajoara","Rua Juca de Azevedo, 33, Jardim Marajoara, São Paulo - SP, 04654-015",,,
7108-0,Sábado,Tradicional,Rua,Victoria Marconato Zonta,5,Jardim Sapopemba,Tv Av Sapopemba Altura 12000,03975-090,Sapopemba,"Rua Victoria Marconato Zonta, 5, Jardim Sapopemba","Rua Victoria Marconato Zonta, 5, Jardim Sapopemba, São Paulo - SP, 03975-090",,,
7109-9,Sábado,Tradicional,Rua,Mauro Araujo Ribeiro,46,Cidade D Abril,Proximo Viaduto Jaragua,05182-000,Pirituba/Jaraguá,"Rua Mauro Araujo Ribeiro, 46, Cidade D Abril","Rua Mauro Araujo Ribeiro, 46, Cidade D Abril, São Paulo - SP, 05182-000",,,
7110-2,Sábado,Tradicional,Rua,Salvador Ligabue,431,Vila Siqueira,Jose Kilebber e Afonso Salzano,02722-110,Casa Verde/Cachoeirinha,"Rua Salvador Ligabue, 431, Vila Siqueira","Rua Salvador Ligabue, 431, Vila Siqueira, São Paulo - SP, 02722-110",,,
7111-0,Sábado,Tradicional,Rua,Erasmus Grasser,S/N,Jardim Imbe,Tv Av M Boi Mirim,05863-060,M'Boi Mirim,"Rua Erasmus Grasser, Jardim Imbe","Rua Erasmus Grasser, Jardim Imbe, São Paulo - SP, 05863-060",,,
7113-7,Sábado,Tradicional,Rua,Antonio Fontoura Xavier,S/N,Vila Paulo Silas,Vila Paulo Silas Vila Prudente,03264-050,Vila Prudente,"Rua Antonio Fontoura Xavier, Vila Paulo Silas","Rua Antonio Fontoura Xavier, Vila Paulo Silas, São Paulo - SP, 03264-050",,,
7114-5,Sábado,Tradicional,Rua,Doutor Antonio Simoes de Carvalho,S/N,Jardim São Bernardo,Mercearia Fernandes,04844-480,Capela do Socorro,"Rua Doutor Antonio Simoes de Carvalho, Jardim São Bernardo","Rua Doutor Antonio Simoes de Carvalho, Jardim São Bernardo, São Paulo - SP, 04844-480",,,
7115-3,Sábado,Tradicional,Rua,Laura Bossi C Alfredo Ricci,S/N,Itaquera Cohab II,Armando Jamar e Silvio Barbini,08250-730,Itaquera,"Rua Laura Bossi C Alfredo Ricci, Itaquera Cohab II","Rua Laura Bossi C Alfredo Ricci, Itaquera Cohab II, São Paulo - SP, 08250-730",,,
7116-1,Sábado,Tradicional,Avenida,Gentil Braga,38,Vila Buenos Ayres,Tv Av Buenos Ayres,03737-020,Penha,"Avenida Gentil Braga, 38, Vila Buenos Ayres","Avenida Gentil Braga, 38, Vila Buenos Ayres, São Paulo - SP, 03737-020",,,
7118-8,Sábado,Tradicional,Avenida,Rufino Fernandes Inivarri,S/N,Barreira Grande,Cohab Inocoop,03907-020,Aricanduva/Formosa/Carrão,"Avenida Rufino Fernandes Inivarri, Barreira Grande","Avenida Rufino Fernandes Inivarri, Barreira Grande, São Paulo - SP, 03907-020",,,
7122-6,Sábado,Tradicional,Rua,Luis Stolb,S/N,Jardim Vilas Boas,Com a Rua Gomes de Amorim,04416-060,Cidade Ademar,"Rua Luis Stolb, Jardim Vilas Boas","Rua Luis Stolb, Jardim Vilas Boas, São Paulo - SP, 04416-060",,,
7123-4,Sábado,Tradicional,Rua,Herbert Spencer,S/N,Paraizopolis,Prox Av Giovani Gronchi,05663-010,Campo Limpo,"Rua Herbert Spencer, Paraizopolis","Rua Herbert Spencer, Paraizopolis, São Paulo - SP, 05663-010",,,
7125-0,Sábado,Tradicional,Rua,Jairo Pinto Araujo,166,Jardim Ana Maria,Corrego Agua das Pedras,02844-170,Freguesia/Brasilândia,"Rua Jairo Pinto Araujo, 166, Jardim Ana Maria","Rua Jairo Pinto Araujo, 166, Jardim Ana Maria, São Paulo - SP, 02844-170",,,
7126-9,Sábado,Tradicional,Rua,Guiratinga,S/N,Chac Inglesa,Av Itaborai,04141-001,Vila Mariana,"Rua Guiratinga, Chac Inglesa","Rua Guiratinga, Chac Inglesa, São Paulo - SP, 04141-001",,,
7127-7,Sábado,Tradicional,Rua,Anastacio Trancoso,S/N,Jardim Nelia,,08142-020,Itaim Paulista,"Rua Anastacio Trancoso, Jardim Nelia","Rua Anastacio Trancoso, Jardim Nelia, São Paulo - SP, 08142-020",,,
7128-5,Sábado,Tradicional,Rua,Antonio Leite Penteado,S/N,Jardim Veronia,Av Wenceslau Guimaraes,03816-000,Ermelino Matarazzo,"Rua Antonio Leite Penteado, Jardim Veronia","Rua Antonio Leite Penteado, Jardim Veronia, São Paulo - SP, 03816-000",,,
7132-3,Sábado,Tradicional,Avenida,Do Arvoreiro,S/N,Capela do Socorro,Conjunto Hab Parque das Arvores,04824-010,Capela do Socorro,"Avenida Do Arvoreiro, Capela do Socorro","Avenida Do Arvoreiro, Capela do Socorro, São Paulo - SP, 04824-010",,,
7133-1,Sábado,Tradicional,Rua,Felici Tosi,S/N,Sapopemba,Conjunto da Cohab,03928-180,Sapopemba,"Rua Felici Tosi, Sapopemba","Rua Felici Tosi, Sapopemba, São Paulo - SP, 03928-180",,,
7134-0,Sábado,Tradicional,Rua,Odemis,S/N,Jardim Umuarama,,05783-180,Campo Limpo,"Rua Odemis, Jardim Umuarama","Rua Odemis, Jardim Umuarama, São Paulo - SP, 05783-180",,,
7135-8,Sábado,Tradicional,Avenida,Vereador Jose Gomes Moraes Neto,S/N,Pq Residencial,Es Canal Cocaia e Felinto Mil.,04849-030,Capela do Socorro,"Avenida Vereador Jose Gomes Moraes Neto, Pq Residencial","Avenida Vereador Jose Gomes Moraes Neto, Pq Residencial, São Paulo - SP, 04849-030",,,
7137-4,Sábado,Tradicional,Rua,Coracao de Maca,S/N,Tiradentes Cohab,Conjunto Habitacional Castro Alves,08474-230,Cidade Tiradentes,"Rua Coracao de Maca, Tiradentes Cohab","Rua Coracao de Maca, Tiradentes Cohab, São Paulo - SP, 08474-230",,,
7139-0,Sábado,Tradicional,Rua,Maximo Barbosa,S/N,Jardim Marilu,,02990-000,Pirituba/Jaraguá,"Rua Maximo Barbosa, Jardim Marilu","Rua Maximo Barbosa, Jardim Marilu, São Paulo - SP, 02990-000",,,
7143-9,Sábado,Tradicional,Avenida,Jose Maria Witaker,S/N,Planalto Paulista,Al.guatas e Av Afonso M.fagund,04057-000,Vila Mariana,"Avenida Jose Maria Witaker, Planalto Paulista","Avenida Jose Maria Witaker, Planalto Paulista, São Paulo - SP, 04057-000",,,
7144-7,Sábado,Tradicional,Rua,Claudio Sergio Bere,S/N,Jardim Satelite,Feliciano Correia e Herbert F,04815-110,Capela do Socorro,"Rua Claudio Sergio Bere, Jardim Satelite","Rua Claudio Sergio Bere, Jardim Satelite, São Paulo - SP, 04815-110",,,
7146-3,Sábado,Tradicional,Rua,Jose Aloysio Brandao Vilela,S/N,Jardim Nordeste,Jose Aloisio Brandao Vilela,03688-100,Penha,"Rua Jose Aloysio Brandao Vilela, Jardim Nordeste","Rua Jose Aloysio Brandao Vilela, Jardim Nordeste, São Paulo - SP, 03688-100",,,
7147-1,Sábado,Tradicional,Rua,Tagua,S/N,Liberdade,,01508-010,Sé,"Rua Tagua, Liberdade","Rua Tagua, Liberdade, São Paulo - SP, 01508-010",,,
7148-0,Sábado,Tradicional,Rua,Chris Tronbjerg,S/N,Paraiso,,04001-090,Vila Mariana,"Rua Chris Tronbjerg, Paraiso","Rua Chris Tronbjerg, Paraiso, São Paulo - SP, 04001-090",,,
7153-6,Sábado,Tradicional,Rua,Torquato Neto,S/N,Bras,Ruas Piratininga/caetano Pinto,03041-030,Mooca,"Rua Torquato Neto, Bras","Rua Torquato Neto, Bras, São Paulo - SP, 03041-030",,,
7157-9,Sábado,Tradicional,Rua,Laranjeiras do Sul,S/N,Pirituba,,02981-030,Pirituba/Jaraguá,"Rua Laranjeiras do Sul, Pirituba","Rua Laranjeiras do Sul, Pirituba, São Paulo - SP, 02981-030",,,
7158-7,Sábado,Tradicional,Rua,Marco Aurelio Marilan,S/N,Jardim Almeida Prado,,04854-170,Capela do Socorro,"Rua Marco Aurelio Marilan, Jardim Almeida Prado","Rua Marco Aurelio Marilan, Jardim Almeida Prado, São Paulo - SP, 04854-170",,,
7159-5,Sábado,Tradicional,Avenida,Pedroso da Silva,S/N,Chac Tres Meninas,,08080-040,São Miguel,"Avenida Pedroso da Silva, Chac Tres Meninas","Avenida Pedroso da Silva, Chac Tres Meninas, São Paulo - SP, 08080-040",,,
7161-7,Sábado,Tradicional,Rua,Camargo Leme,S/N,Vila São Geraldo,Entre Tajapuru e Es de Poa,08460-480,Guaianases,"Rua Camargo Leme, Vila São Geraldo","Rua Camargo Leme, Vila São Geraldo, São Paulo - SP, 08460-480",,,
7162-5,Sábado,Tradicional,Alameda,Rio Claro,S/N,Cerqueira Cezar,,01332-010,Sé,"Alameda Rio Claro, Cerqueira Cezar","Alameda Rio Claro, Cerqueira Cezar, São Paulo - SP, 01332-010",,,
7170-6,Sábado,Tradicional,Praça,Monsenhor Escriva,S/N,Jardim São Jose,,02968-000,Pirituba/Jaraguá,"Praça Monsenhor Escriva, Jardim São Jose","Praça Monsenhor Escriva, Jardim São Jose, São Paulo - SP, 02968-000",,,
7171-4,Sábado,Tradicional,Rua,Campo de Vinha,S/N,Jardim Santa Terezinha,,03572-090,Itaquera,"Rua Campo de Vinha, Jardim Santa Terezinha","Rua Campo de Vinha, Jardim Santa Terezinha, São Paulo - SP, 03572-090",,,
7173-0,Sábado,Tradicional,Rua,Rafael Frederico,S/N,Vila Ponte Rasa,Av São Miguel e Simplicio Sa,03880-040,Ermelino Matarazzo,"Rua Rafael Frederico, Vila Ponte Rasa","Rua Rafael Frederico, Vila Ponte Rasa, São Paulo - SP, 03880-040",,,
7184-6,Sábado,Tradicional,Avenida,Caxingui,S/N,Jardim Raposo Tavares,Vital Brasil e Raposo Tavares,05579-001,Butantã,"Avenida Caxingui, Jardim Raposo Tavares","Avenida Caxingui, Jardim Raposo Tavares, São Paulo - SP, 05579-001",,,
7192-7,Sábado,Tradicional,Avenida,Nascer do Sol,S/N,Santa Etelvina Cohab,,08485-020,Cidade Tiradentes,"Avenida Nascer do Sol, Santa Etelvina Cohab","Avenida Nascer do Sol, Santa Etelvina Cohab, São Paulo - SP, 08485-020",,,
7196-0,Sábado,Tradicional,Rua,Manoel Pereira Rosa,S/N,Jardim Fontalis,,02360-001,Jaçanã/Tremembé,"Rua Manoel Pereira Rosa, Jardim Fontalis","Rua Manoel Pereira Rosa, Jardim Fontalis, São Paulo - SP, 02360-001",,,
7198-6,Sábado,Tradicional,Rua,Cristiano Lobe,S/N,Cidade Tiradentes Cohab,Ruas 24-G e 28-G,08475-340,Cidade Tiradentes,"Rua Cristiano Lobe, Cidade Tiradentes Cohab","Rua Cristiano Lobe, Cidade Tiradentes Cohab, São Paulo - SP, 08475-340",,,
7200-1,Sábado,Tradicional,Rua,Interativa,S/N,Jardim Paulistano,,02820-040,Pirituba/Jaraguá,"Rua Interativa, Jardim Paulistano","Rua Interativa, Jardim Paulistano, São Paulo - SP, 02820-040",,,
7203-6,Sábado,Tradicional,Rua,Presidente Felix Paiva,S/N,Jardim Jaragua,K 22 5 Via Anchieta,05265-050,Perus,"Rua Presidente Felix Paiva, Jardim Jaragua","Rua Presidente Felix Paiva, Jardim Jaragua, São Paulo - SP, 05265-050",,,
7205-2,Sábado,Tradicional,Rua,Francisco da Cruz Mellao,S/N,Horto do Ype,,05782-351,Campo Limpo,"Rua Francisco da Cruz Mellao, Horto do Ype","Rua Francisco da Cruz Mellao, Horto do Ype, São Paulo - SP, 05782-351",,,
7207-9,Sábado,Tradicional,Rua,Bento Freitas,S/N,Republica,Altura do N Quatro Dois Zero,01220-000,Sé,"Rua Bento Freitas, Republica","Rua Bento Freitas, Republica, São Paulo - SP, 01220-000",,,
7208-7,Sábado,Tradicional,Rua,Do Acapuzal,S/N,Vila Cisper,Av Olavo Egidio de Souza Aranh,03818-120,Ermelino Matarazzo,"Rua Do Acapuzal, Vila Cisper","Rua Do Acapuzal, Vila Cisper, São Paulo - SP, 03818-120",,,
7209-5,Sábado,Tradicional,Rua,Maria Garcia Betim,S/N,Jardim das Laranjeiras,,08381-040,São Mateus,"Rua Maria Garcia Betim, Jardim das Laranjeiras","Rua Maria Garcia Betim, Jardim das Laranjeiras, São Paulo - SP, 08381-040",,,
7210-9,Sábado,Tradicional,Rua,Doutor Celso Pacheco Betim,S/N,Pq Savoy City,,03571-020,Itaquera,"Rua Doutor Celso Pacheco Betim, Pq Savoy City","Rua Doutor Celso Pacheco Betim, Pq Savoy City, São Paulo - SP, 03571-020",,,
7214-1,Sábado,Tradicional,Rua,Adelina Linhares,S/N,Jardim Piratininga,,03717-040,Penha,"Rua Adelina Linhares, Jardim Piratininga","Rua Adelina Linhares, Jardim Piratininga, São Paulo - SP, 03717-040",,,
7215-0,Sábado,Tradicional,Avenida,Gustavo Berthier,S/N,Vila Dalva,,05386-110,Butantã,"Avenida Gustavo Berthier, Vila Dalva","Avenida Gustavo Berthier, Vila Dalva, São Paulo - SP, 05386-110",,,
7217-6,Sábado,Tradicional,Rua,Barao de Godofredo,S/N,Vila Verde,,08230-550,Itaquera,"Rua Barao de Godofredo, Vila Verde","Rua Barao de Godofredo, Vila Verde, São Paulo - SP, 08230-550",,,
7218-4,Sábado,Tradicional,Rua,Quilombo do Ambrosio,S/N,Vila Monte Santo,,08062-020,São Miguel,"Rua Quilombo do Ambrosio, Vila Monte Santo","Rua Quilombo do Ambrosio, Vila Monte Santo, São Paulo - SP, 08062-020",,,
7219-2,Sábado,Tradicional,Rua,Cancao do Exilio,S/N,Sacoma,,04194-290,Ipiranga,"Rua Cancao do Exilio, Sacoma","Rua Cancao do Exilio, Sacoma, São Paulo - SP, 04194-290",,,
7220-6,Sábado,Tradicional,Rua,Da Conquista-g,S/N,Cdhu Camargo Velho,,08143-430,Itaim Paulista,"Rua Da Conquista-g, Cdhu Camargo Velho","Rua Da Conquista-g, Cdhu Camargo Velho, São Paulo - SP, 08143-430",,,
7222-2,Sábado,Tradicional,Rua,Jose Martins dos Santos,S/N,Lajeado,,08430-110,Guaianases,"Rua Jose Martins dos Santos, Lajeado","Rua Jose Martins dos Santos, Lajeado, São Paulo - SP, 08430-110",,,
7224-9,Sábado,Tradicional,Rua,Embu de Heliopolis,S/N,Heliopolis,Comun Heliopolis,04235-185,Ipiranga,"Rua Embu de Heliopolis, Heliopolis","Rua Embu de Heliopolis, Heliopolis, São Paulo - SP, 04235-185",,,
7225-7,Sábado,Tradicional,Rua,Recanto dos Humildes,S/N,Recanto dos Humildes,,05209-000,Perus,"Rua Recanto dos Humildes, Recanto dos Humildes","Rua Recanto dos Humildes, Recanto dos Humildes, São Paulo - SP, 05209-000",,,
7230-3,Sábado,Tradicional,Praça,Professor Jaime Poggi,00S/N,Jardim Maria Estela,,04181-070,Ipiranga,"Praça Professor Jaime Poggi, 00S/N, Jardim Maria Estela","Praça Professor Jaime Poggi, 00S/N, Jardim Maria Estela, São Paulo - SP, 04181-070",,,
7233-8,Sábado,Tradicional,Avenida,Primavera,116,Vila Vargem Grande,,04896-360,Parelheiros,"Avenida Primavera, 116, Vila Vargem Grande","Avenida Primavera, 116, Vila Vargem Grande, São Paulo - SP, 04896-360",,,
7234-6,Sábado,Tradicional,Rua,Colantonio,S/N,Vila Andrade,,05726-080,Campo Limpo,"Rua Colantonio, Vila Andrade","Rua Colantonio, Vila Andrade, São Paulo - SP, 05726-080",,,
7235-4,Sábado,Tradicional,Rua,Irmao Deodoro,S/N,Vila Princesa Isabel,,08410-410,Guaianases,"Rua Irmao Deodoro, Vila Princesa Isabel","Rua Irmao Deodoro, Vila Princesa Isabel, São Paulo - SP, 08410-410",,,
7238-9,Sábado,Tradicional,Rua,Professor Hasegawa,S/N,Guaianazes,Rua Sugao Suzuki,08260-090,Itaquera,"Rua Professor Hasegawa, Guaianazes","Rua Professor Hasegawa, Guaianazes, São Paulo - SP, 08260-090",,,
7239-7,Sábado,Tradicional,Rua,Doutor Olivio Montenegro,S/N,Jardim Itapemirim,,08220-740,Itaquera,"Rua Doutor Olivio Montenegro, Jardim Itapemirim","Rua Doutor Olivio Montenegro, Jardim Itapemirim, São Paulo - SP, 08220-740",,,
7240-0,Sábado,Tradicional,Rua,Caldas Novas,S/N,Vila Nova Esperanca,,05164-090,Pirituba/Jaraguá,"Rua Caldas Novas, Vila Nova Esperanca","Rua Caldas Novas, Vila Nova Esperanca, São Paulo - SP, 05164-090",,,
7241-9,Sábado,Tradicional,Rua,Cardoso Moreira,S/N,Jardim Olinda,Rua Joao Franco Leite,05766-290,Campo Limpo,"Rua Cardoso Moreira, Jardim Olinda","Rua Cardoso Moreira, Jardim Olinda, São Paulo - SP, 05766-290",,,
7242-7,Sábado,Tradicional,Rua,Marta Maria Bernardes,S/N,Vila Natal,,04865-000,Capela do Socorro,"Rua Marta Maria Bernardes, Vila Natal","Rua Marta Maria Bernardes, Vila Natal, São Paulo - SP, 04865-000",,,
7244-3,Sábado,Orgânica,Rua,Cantareira,S/N,Centro,Calcada Mercado Central,01103-200,Sé,"Rua Cantareira, Centro","Rua Cantareira, Centro, São Paulo - SP, 01103-200",,,
7246-0,Sábado,Tradicional,Rua,Alexandre Silva,S/N,Jardim Brasilia,,02859-010,Freguesia/Brasilândia,"Rua Alexandre Silva, Jardim Brasilia","Rua Alexandre Silva, Jardim Brasilia, São Paulo - SP, 02859-010",,,
7248-6,Sábado,Tradicional,Rua,Uirapuru do Sertao,S/N,Parelheiros,,04864-090,Parelheiros,"Rua Uirapuru do Sertao, Parelheiros","Rua Uirapuru do Sertao, Parelheiros, São Paulo - SP, 04864-090",,,
7252-4,Sábado,Tradicional,Rua,Reims,S/N,Casa Verde,,02517-010,Casa Verde/Cachoeirinha,"Rua Reims, Casa Verde","Rua Reims, Casa Verde, São Paulo - SP, 02517-010",,,
7256-7,Sábado,Noturna,Rua,Cachoeira de Minas,S/N,São Mateus,,03971-010,São Mateus,"Rua Cachoeira de Minas, São Mateus","Rua Cachoeira de Minas, São Mateus, São Paulo - SP, 03971-010",,,
7263-0,Sábado,Tradicional,Rua,Andre Lens,10,Jardim São Luiz,Cdhu Jardim São Luiz-a,05862-130,M'Boi Mirim,"Rua Andre Lens, 10, Jardim São Luiz","Rua Andre Lens, 10, Jardim São Luiz, São Paulo - SP, 05862-130",,,
7265-6,Sábado,Tradicional,Rua,Lagoa Feia,S/N,Vila Carmosina,,08290-410,Itaquera,"Rua Lagoa Feia, Vila Carmosina","Rua Lagoa Feia, Vila Carmosina, São Paulo - SP, 08290-410",,,
7267-2,Sábado,Orgânica,Parque,Burle Marx,S/N,Vila Andrade,Av Dona Helena P de Moraes 200,05707-400,Campo Limpo,"Parque Burle Marx, Vila Andrade","Parque Burle Marx, Vila Andrade, São Paulo - SP, 05707-400",,,
7268-0,Sábado,Tradicional,Rua,Rodolfo Albino Silva,33,Guainazes,Favela São Jose e Pq Central,08420-580,Guaianases,"Rua Rodolfo Albino Silva, 33, Guainazes","Rua Rodolfo Albino Silva, 33, Guainazes, São Paulo - SP, 08420-580",,,
7269-9,Sábado,Tradicional,Avenida,Afonso Penteado,55,Pq do Carmo,Av Claudio Augusto Fernandes,08270-001,São Mateus,"Avenida Afonso Penteado, 55, Pq do Carmo","Avenida Afonso Penteado, 55, Pq do Carmo, São Paulo - SP, 08270-001",,,
7270-2,Sábado,Tradicional,Avenida,Mateo Bei,3164,São Mateus,Rua Doutor Edmur Whitaker,03949-100,São Mateus,"Avenida Mateo Bei, 3164, São Mateus","Avenida Mateo Bei, 3164, São Mateus, São Paulo - SP, 03949-100",,,
7271-0,Sábado,Orgânica,Rua,Curitiba,S/N,Paraiso,Abastprox Parque Ibirapuera,04005-030,Vila Mariana,"Rua Curitiba, Paraiso","Rua Curitiba, Paraiso, São Paulo - SP, 04005-030",,,
7272-9,Sábado,Noturna,Rua,Antonio Caldeira,S/N,Vila Antonieta,,03475-040,Aricanduva/Formosa/Carrão,"Rua Antonio Caldeira, Vila Antonieta","Rua Antonio Caldeira, Vila Antonieta, São Paulo - SP, 03475-040",,,
7293-1,Sábado,Tradicional,Praça,Floriano Peixoto,S/N,Santo Amaro,Esquina com a Rua Tiago Luiz,04750-010,Santo Amaro,"Praça Floriano Peixoto, Santo Amaro","Praça Floriano Peixoto, Santo Amaro, São Paulo - SP, 04750-010",,,
7319-9,Sábado,Tradicional,Rua,Anatole de Baudot,S/N,Vila Suzana,,05641-100,Campo Limpo,"Rua Anatole de Baudot, Vila Suzana","Rua Anatole de Baudot, Vila Suzana, São Paulo - SP, 05641-100",,,
7354-7,Sábado,Orgânica,Rua,Dona Ana Germaine Buchard,286,Agua Branca,R Ana Pimentel a Melo Palheta,05002-061,Lapa,"Rua Dona Ana Germaine Buchard, 286, Agua Branca","Rua Dona Ana Germaine Buchard, 286, Agua Branca, São Paulo - SP, 05002-061",,,
7370-9,Sábado,Tradicional,Rua,David D Ferreira,S/N,Itaquera,Viaduto Jacu Pessego,0,Itaquera,"Rua David D Ferreira, Itaquera","Rua David D Ferreira, Itaquera, São Paulo - SP",,,
7380-6,Sábado,Tradicional,Avenida,Utaro Kanai com Festa Chinesa,S/N,Jardim São Paulo,Conjunto Habitacional Jk,08465-000,Guaianases,"Avenida Utaro Kanai com Festa Chinesa, Jardim São Paulo","Avenida Utaro Kanai, Jardim São Paulo, São Paulo - SP, 08465-000",,,
7390-3,Sábado,Tradicional,Rua,Dom Romeu Alberti,S/N,Lapa de Baixo,Rua Willian Speers,05069-050,Lapa,"Rua Dom Romeu Alberti, Lapa de Baixo","Rua Dom Romeu Alberti, Lapa de Baixo, São Paulo - SP, 05069-050",,,
7400-4,Sábado,Tradicional,Rua,Jose Rodrigues Maciel,S/N,São Luis,Centro Empresarial Santo Amaro,05823-070,M'Boi Mirim,"Rua Jose Rodrigues Maciel, São Luis","Rua Jose Rodrigues Maciel, São Luis, São Paulo - SP, 05823-070",,,
7401-2,Sábado,Tradicional,Rua,Santo Antonio de Categero,S/N,Vila Natalia,Abast,04251-010,Ipiranga,"Rua Santo Antonio de Categero, Vila Natalia","Rua Santo Antonio de Categero, Vila Natalia, São Paulo - SP, 04251-010",,,
7406-3,Sábado,Tradicional,Rua,Crubixa,40,Vila Araguaia,,03735-140,Penha,"Rua Crubixa, 40, Vila Araguaia","Rua Crubixa, 40, Vila Araguaia, São Paulo - SP, 03735-140",,,
7481-0,Sábado,Tradicional,Rua,Preta,S/N,Jardim Iris,,05144-060,Pirituba/Jaraguá,"Rua Preta, Jardim Iris","Rua Preta, Jardim Iris, São Paulo - SP, 05144-060",,,
7806-9,Sábado,Tradicional,Rua,Pablo Picasso,S/N,Perdizes,,05033-120,Lapa,"Rua Pablo Picasso, Perdizes","Rua Pablo Picasso, Perdizes, São Paulo - SP, 05033-120",,,
7973-1,Sábado,Tradicional,Rua,Piavunas,S/N,Bal São Francisco,,04473-040,Cidade Ademar,"Rua Piavunas, Bal São Francisco","Rua Piavunas, Bal São Francisco, São Paulo - SP, 04473-040",,,
7975-8,Sábado,Tradicional,Rua,Dronsfield,300,Lapa,,05074-000,Lapa,"Rua Dronsfield, 300, Lapa","Rua Dronsfield, 300, Lapa, São Paulo - SP, 05074-000",,,
7977-4,Sábado,Tradicional,Rua,São Felippe,737,Parque São Jorge,,03085-010,Mooca,"Rua São Felippe, 737, Parque São Jorge","Rua São Felippe, 737, Parque São Jorge, São Paulo - SP, 03085-010",,,
7981-2,Sábado,Orgânica,Rua,Xavier de Almeida,S/N,Ipiranga,,04211-000,Ipiranga,"Rua Xavier de Almeida, Ipiranga","Rua Xavier de Almeida, Ipiranga, São Paulo - SP, 04211-000",,,
7985-5,Terça Feira,Tradicional,Rua,Joao da Praia,55,Parque dos Bancarios,,#N/A,Sapopemba,"Rua Joao da Praia, 55, Parque dos Bancarios","Rua Joao da Praia, 55, Parque dos Bancarios, São Paulo - SP",,,
7726-7,Sábado,Tradicional,Rua,Margarida Cardoso dos Santos,S/N,Cidade São Mateus,,03961-010,São Mateus,"Rua Margarida Cardoso dos Santos, Cidade São Mateus","Rua Margarida Cardoso dos Santos, Cidade São Mateus, São Paulo - SP, 03961-010",,,
3744-3,Terça Feira,Tradicional,Calçadão,Estação Cptm Dom Bosco,S/N,Itaquera,,,Itaquera,"Calçadão Estação Cptm Dom Bosco, Itaquera","Calçadão Estação Cptm Dom Bosco, Itaquera, São Paulo - SP",,,
5942-0,Quinta Feira,Tradicional,Calçadão,Estação Cptm José Bonifácio,S/N,Conjunto Residencial Jose Bonifacio,,,Itaquera,"Calçadão Estação Cptm José Bonifácio, Conjunto Residencial Jose Bonifacio","Calçadão Estação Cptm José Bonifácio, Conjunto Residencial Jose Bonifacio, São Paulo - SP",,,
6912-4,Sexta Feira,Noturna,Praça,Júlio César de Campos,S/N,Parelheiros,,,Parelheiros,"Praça Júlio César de Campos, Parelheiros","Praça Júlio César de Campos, Parelheiros, São Paulo - SP",,,
7882-4,Sábado,Tradicional,Rua,Miguel Masi Neto,657,Jardim das Palmas,,05749-330,Campo Limpo,"Rua Miguel Masi Neto, 657, Jardim das Palmas","Rua Miguel Masi Neto, 657, Jardim das Palmas, São Paulo - SP, 05749-330",,,
6936-1,Sexta Feira,Tradicional,Rua,Matriz,S/N,Santo Amaro,,04746-000,Santo Amaro,"Rua Matriz, Santo Amaro","Rua Matriz, Santo Amaro, São Paulo - SP, 04746-000",,,
7000-9,Sábado,Tradicional,Rua,Goncalo Marinho de Castro,S/N,Jardim Avelino,,,Vila Prudente,"Rua Goncalo Marinho de Castro, Jardim Avelino","Rua Goncalo Marinho de Castro, Jardim Avelino, São Paulo - SP",,,
4935-2,Quarta Feira,Tradicional,Rua,Manuel Borba,S/N,Santo Amaro,,,Santo Amaro,"Rua Manuel Borba, Santo Amaro","Rua Manuel Borba, Santo Amaro, São Paulo - SP",,,
7930-8,Sábado,Tradicional,Rua,Daniel Bernardo,181,São Miguel Paulista,Avenida Nordestina,08010-100,São Miguel,"Rua Daniel Bernardo, 181, São Miguel Paulista","Rua Daniel Bernardo, 181, São Miguel Paulista, São Paulo - SP, 08010-100",,,
7920-0,Sábado,Tradicional,Rua,Joao Felisberto Moreira,12,Vila Jacui,,08060-140,São Miguel,"Rua Joao Felisberto Moreira, 12, Vila Jacui","Rua Joao Felisberto Moreira, 12, Vila Jacui, São Paulo - SP, 08060-140",,,
6918-3,Sexta Feira,Tradicional,Rua,Mons Lourenco Giordano,676,Parque Paulistano,,08080-330,São Miguel,"Rua Mons Lourenco Giordano, 676, Parque Paulistano","Rua Mons Lourenco Giordano, 676, Parque Paulistano, São Paulo - SP, 08080-330",,,
3789-3,Terça Feira,Noturna,Rua,Rua Pedro Ribeiro,S/N,Santana,,,Santana/Tucuruvi,"Rua Rua Pedro Ribeiro, Santana","Rua Rua Pedro Ribeiro, Santana, São Paulo - SP",,,
